{"type": "FeatureCollection", "crs": "EPSG:4326", "features": [{"type": "Feature", "geometry": {"type": "LineString", "coordinates": [[127.1052024056544, 37.42100147134296], [127.10484263870333, 37.420860873565026], [127.104610959478, 37.42073216387311], [127.10448132691539, 37.420645742955436], [127.10442443522241, 37.42060022964966], [127.10438319180778, 37.420583732395194], [127.1042930301967, 37.42057705343465], [127.10365461039875, 37.42067526543637], [127.10362210481165, 37.42068193282548]]}, "properties": {"LINK_ID": "2040390802", "ROAD_NAME": "설개로14번길", "LANES": 1, "ROAD_RANK": "107", "MAX_SPD": 50, "LENGTH": 155.169341777575}}, {"type": "Feature", "geometry": {"type": "LineString", "coordinates": [[127.09896927113522, 37.40372465462674], [127.09860545572991, 37.40332828990209], [127.09859423286754, 37.40330186962508], [127.09858853830762, 37.40327434549238], [127.0985885220912, 37.40324645081045], [127.09859418404818, 37.403218922614215], [127.09860537491708, 37.40319249355708], [127.09862179744088, 37.403167865780446], [127.09864301650794, 37.4031456919841], [127.09951366640182, 37.40232082594798]]}, "properties": {"LINK_ID": "2060204200", "ROAD_NAME": "판교로227번길", "LANES": 2, "ROAD_RANK": "107", "MAX_SPD": 50, "LENGTH": 195.876468849193}}, {"type": "Feature", "geometry": {"type": "LineString", "coordinates": [[127.10977129233534, 37.40315865517018], [127.10976874688386, 37.40327309611751]]}, "properties": {"LINK_ID": "2060207006", "ROAD_NAME": "판교역로", "LANES": 3, "ROAD_RANK": "107", "MAX_SPD": 60, "LENGTH": 12.70326724516}}, {"type": "Feature", "geometry": {"type": "LineString", "coordinates": [[127.08063626900953, 37.39306949429], [127.0806422164928, 37.39306910803191], [127.08086127902205, 37.393057496532975], [127.0808959204235, 37.39305403880431], [127.08172749568881, 37.392971032046034]]}, "properties": {"LINK_ID": "2060202203", "ROAD_NAME": "산운로", "LANES": 1, "ROAD_RANK": "107", "MAX_SPD": 30, "LENGTH": 97.272201589495}}, {"type": "Feature", "geometry": {"type": "LineString", "coordinates": [[127.08589210049553, 37.40709132664138], [127.08623189928504, 37.40711875987873], [127.08654824676039, 37.40712549992673], [127.0869311927976, 37.40709303725578], [127.08722232710757, 37.407061379045444], [127.08755728248258, 37.40702311293186], [127.08776928452617, 37.40699793802357], [127.0880080290526, 37.40698975589322], [127.08819568688484, 37.407025337902596], [127.0883577983018, 37.40708336509653], [127.08849432729066, 37.40717059795965], [127.0886786126961, 37.407306445430436], [127.08894073633635, 37.40748600152541]]}, "properties": {"LINK_ID": "2040424501", "ROAD_NAME": "금토로", "LANES": 1, "ROAD_RANK": "107", "MAX_SPD": 60, "LENGTH": 289.55516461504}}, {"type": "Feature", "geometry": {"type": "LineString", "coordinates": [[127.09152418670057, 37.408407245372736], [127.09014343607268, 37.408636962110606]]}, "properties": {"LINK_ID": "2040426801", "ROAD_NAME": "달래내로", "LANES": 1, "ROAD_RANK": "107", "MAX_SPD": 50, "LENGTH": 124.872749528929}}, {"type": "Feature", "geometry": {"type": "LineString", "coordinates": [[127.09011441115422, 37.40852594476544], [127.09150192611337, 37.40830488596732]]}, "properties": {"LINK_ID": "2040426701", "ROAD_NAME": "달래내로", "LANES": 1, "ROAD_RANK": "107", "MAX_SPD": 50, "LENGTH": 125.267496070235}}, {"type": "Feature", "geometry": {"type": "LineString", "coordinates": [[127.10259601006324, 37.40322495862627], [127.1025175752188, 37.40322176122772]]}, "properties": {"LINK_ID": "2060208101", "ROAD_NAME": "판교로", "LANES": 3, "ROAD_RANK": "107", "MAX_SPD": 50, "LENGTH": 6.953644949369}}, {"type": "Feature", "geometry": {"type": "LineString", "coordinates": [[127.08998060866327, 37.40855060042783], [127.08997152870276, 37.408503004293664], [127.08993366650498, 37.40798910544876]]}, "properties": {"LINK_ID": "2040426101", "ROAD_NAME": "-", "LANES": 2, "ROAD_RANK": "107", "MAX_SPD": 50, "LENGTH": 62.476978420492}}, {"type": "Feature", "geometry": {"type": "LineString", "coordinates": [[127.10287300077968, 37.39566639177442], [127.10408880769565, 37.394980199532235]]}, "properties": {"LINK_ID": "2060274700", "ROAD_NAME": "경부고속도로", "LANES": 4, "ROAD_RANK": "101", "MAX_SPD": 40, "LENGTH": 131.871977610219}}, {"type": "Feature", "geometry": {"type": "LineString", "coordinates": [[127.10250049448709, 37.399888062702836], [127.102501810986, 37.399820774124734]]}, "properties": {"LINK_ID": "2060200001", "ROAD_NAME": "판교로256번길", "LANES": 2, "ROAD_RANK": "107", "MAX_SPD": 50, "LENGTH": 7.468950286905}}, {"type": "Feature", "geometry": {"type": "LineString", "coordinates": [[127.10601749875157, 37.42144842520978], [127.10594529886968, 37.4213810392136], [127.10565778724627, 37.42124527077718], [127.10545280649596, 37.42116840416676], [127.1052024056544, 37.42100147134296]]}, "properties": {"LINK_ID": "2040390800", "ROAD_NAME": "설개로14번길", "LANES": 1, "ROAD_RANK": "107", "MAX_SPD": 50, "LENGTH": 88.352520270614}}, {"type": "Feature", "geometry": {"type": "LineString", "coordinates": [[127.11687802997696, 37.398306459919155], [127.11687832741524, 37.398368182519285]]}, "properties": {"LINK_ID": "2060199301", "ROAD_NAME": "동판교로", "LANES": 2, "ROAD_RANK": "107", "MAX_SPD": 50, "LENGTH": 6.850350017565}}, {"type": "Feature", "geometry": {"type": "LineString", "coordinates": [[127.11027021539427, 37.3972441342945], [127.11027091826304, 37.39713938666988]]}, "properties": {"LINK_ID": "2060352902", "ROAD_NAME": "대왕판교로606번길", "LANES": 1, "ROAD_RANK": "107", "MAX_SPD": 30, "LENGTH": 11.625605964246}}, {"type": "Feature", "geometry": {"type": "LineString", "coordinates": [[127.10333776457199, 37.40526903245653], [127.10333570885118, 37.405270457177615], [127.10316894794663, 37.40537819092458], [127.10300513695778, 37.40547700086396], [127.10286981031821, 37.405552971228275], [127.10283142054136, 37.405574522622224], [127.10261052846083, 37.40562474120347]]}, "properties": {"LINK_ID": "2060181002", "ROAD_NAME": "대왕판교로", "LANES": 2, "ROAD_RANK": "105", "MAX_SPD": 60, "LENGTH": 76.565371045137}}, {"type": "Feature", "geometry": {"type": "LineString", "coordinates": [[127.09022125432185, 37.406010404490836], [127.08993131529061, 37.40653549002656]]}, "properties": {"LINK_ID": "2040424801", "ROAD_NAME": "-", "LANES": 1, "ROAD_RANK": "107", "MAX_SPD": 50, "LENGTH": 63.67995031524}}, {"type": "Feature", "geometry": {"type": "LineString", "coordinates": [[127.1025175752188, 37.40322176122772], [127.1023430048984, 37.40321269176527], [127.1021143207426, 37.40319206509716], [127.1019179797827, 37.40316760690462], [127.10172307252374, 37.403136698548344], [127.10152993226721, 37.40309939110724], [127.10133833251275, 37.403056033478904], [127.10110315447159, 37.403000663462066], [127.10087068500555, 37.40293843570141], [127.10064123826716, 37.402869434641175], [127.10041512615965, 37.402793754641], [127.10019265268448, 37.40271149637644], [127.0999741184648, 37.40262277134009], [127.09975981961456, 37.40252770094143], [127.09955004434381, 37.40242641200446], [127.09780153609942, 37.401523805649234]]}, "properties": {"LINK_ID": "2060201200", "ROAD_NAME": "판교로", "LANES": 3, "ROAD_RANK": "107", "MAX_SPD": 50, "LENGTH": 464.366465714974}}, {"type": "Feature", "geometry": {"type": "LineString", "coordinates": [[127.11040570782919, 37.397246395145935], [127.11039305157881, 37.39772916595205]]}, "properties": {"LINK_ID": "2060352800", "ROAD_NAME": "대왕판교로606번길", "LANES": 1, "ROAD_RANK": "107", "MAX_SPD": 30, "LENGTH": 53.592150912342}}, {"type": "Feature", "geometry": {"type": "LineString", "coordinates": [[127.11351475680323, 37.414526607469924], [127.11356561039585, 37.41458581230984], [127.11362964999906, 37.41464994926148], [127.1136992969589, 37.414710252356755], [127.11377419610734, 37.414766409274115], [127.11385395616018, 37.41481813115356], [127.11387624512366, 37.41483057646245], [127.11393816778943, 37.41486515167833], [127.11433979610428, 37.41508260141107], [127.11470457919064, 37.41524346191056], [127.11472081721273, 37.41525355134583]]}, "properties": {"LINK_ID": "2040008103", "ROAD_NAME": "사송로", "LANES": 2, "ROAD_RANK": "107", "MAX_SPD": 60, "LENGTH": 135.157666484782}}, {"type": "Feature", "geometry": {"type": "LineString", "coordinates": [[127.10027696050703, 37.40785131123482], [127.10015186046525, 37.40820218051465], [127.10012904921207, 37.40826614971455], [127.10006373577819, 37.40844933817794], [127.10006364244292, 37.408449650009764], [127.10006351744045, 37.40844993123372], [127.10006342293492, 37.40845021243186], [127.09981357929695, 37.4091084310995], [127.09969670427256, 37.4094387750288], [127.09959904816202, 37.40980218086603], [127.09946351703464, 37.41057446235953], [127.09951979189832, 37.410803733862735]]}, "properties": {"LINK_ID": "2040057702", "ROAD_NAME": "대왕판교로", "LANES": 4, "ROAD_RANK": "105", "MAX_SPD": 60, "LENGTH": 337.254858605409}}, {"type": "Feature", "geometry": {"type": "LineString", "coordinates": [[127.10853235621195, 37.399811955729604], [127.10959111804651, 37.39981245206773]]}, "properties": {"LINK_ID": "2060182206", "ROAD_NAME": "대왕판교로644번길", "LANES": 2, "ROAD_RANK": "107", "MAX_SPD": 60, "LENGTH": 93.746551967234}}, {"type": "Feature", "geometry": {"type": "LineString", "coordinates": [[127.09285815692395, 37.39886892341272], [127.0927795788943, 37.398967318774304]]}, "properties": {"LINK_ID": "2060349401", "ROAD_NAME": "판교로156번길", "LANES": 1, "ROAD_RANK": "107", "MAX_SPD": 50, "LENGTH": 12.948545651992}}, {"type": "Feature", "geometry": {"type": "LineString", "coordinates": [[127.11158398206227, 37.39714575746767], [127.11171950386986, 37.397146190427826]]}, "properties": {"LINK_ID": "2060352401", "ROAD_NAME": "대왕판교로606번길", "LANES": 1, "ROAD_RANK": "107", "MAX_SPD": 30, "LENGTH": 12.000104477453}}, {"type": "Feature", "geometry": {"type": "LineString", "coordinates": [[127.08605647601027, 37.40509351478993], [127.08605368431189, 37.40501382432935]]}, "properties": {"LINK_ID": "2040423602", "ROAD_NAME": "-", "LANES": 1, "ROAD_RANK": "107", "MAX_SPD": 50, "LENGTH": 8.847925003551}}, {"type": "Feature", "geometry": {"type": "LineString", "coordinates": [[127.11537689203276, 37.403986635106], [127.11526245807643, 37.40392866606651]]}, "properties": {"LINK_ID": "2060359601", "ROAD_NAME": "판교로", "LANES": 3, "ROAD_RANK": "107", "MAX_SPD": 50, "LENGTH": 12.001946580324}}, {"type": "Feature", "geometry": {"type": "LineString", "coordinates": [[127.09896927113522, 37.40372465462674], [127.09902949841886, 37.40367643593841]]}, "properties": {"LINK_ID": "2060204001", "ROAD_NAME": "판교로255번길", "LANES": 1, "ROAD_RANK": "107", "MAX_SPD": 30, "LENGTH": 7.55476080814}}, {"type": "Feature", "geometry": {"type": "LineString", "coordinates": [[127.10258702380303, 37.402432143138], [127.10251112257683, 37.40240102478401]]}, "properties": {"LINK_ID": "2060349601", "ROAD_NAME": "-", "LANES": 1, "ROAD_RANK": "107", "MAX_SPD": 40, "LENGTH": 7.555842375611}}, {"type": "Feature", "geometry": {"type": "LineString", "coordinates": [[127.09173918400245, 37.40674684488197], [127.0912820052791, 37.406474941854405], [127.0908382779151, 37.40625707724127], [127.09022125432185, 37.406010404490836]]}, "properties": {"LINK_ID": "2040425001", "ROAD_NAME": "-", "LANES": 2, "ROAD_RANK": "107", "MAX_SPD": 50, "LENGTH": 157.723367531927}}, {"type": "Feature", "geometry": {"type": "LineString", "coordinates": [[127.09001917547184, 37.40866157352074], [127.0898164626498, 37.40870640217057], [127.08954474719141, 37.40880235693774], [127.08924178500742, 37.408929750524266], [127.08895286019876, 37.40907296639187], [127.08882941405528, 37.40915488396388]]}, "properties": {"LINK_ID": "2040426601", "ROAD_NAME": "달래내로", "LANES": 1, "ROAD_RANK": "107", "MAX_SPD": 50, "LENGTH": 119.583648888634}}, {"type": "Feature", "geometry": {"type": "LineString", "coordinates": [[127.11158398090208, 37.39725388338864], [127.11040570782919, 37.397246395145935]]}, "properties": {"LINK_ID": "2060352500", "ROAD_NAME": "대왕판교로606번길", "LANES": 1, "ROAD_RANK": "107", "MAX_SPD": 30, "LENGTH": 104.335351509963}}, {"type": "Feature", "geometry": {"type": "LineString", "coordinates": [[127.07826490814479, 37.406334016693116], [127.0795369690995, 37.408056429625745], [127.08093661173154, 37.409948905314245], [127.08150899576428, 37.41071991175646]]}, "properties": {"LINK_ID": "2040053101", "ROAD_NAME": "용인서울고속도로", "LANES": 3, "ROAD_RANK": "101", "MAX_SPD": 100, "LENGTH": 565.185664492566}}, {"type": "Feature", "geometry": {"type": "LineString", "coordinates": [[127.09840965710806, 37.40228328532088], [127.09411060726336, 37.40647237022843]]}, "properties": {"LINK_ID": "2040389500", "ROAD_NAME": "경부고속도로", "LANES": 5, "ROAD_RANK": "101", "MAX_SPD": 110, "LENGTH": 600.862945021616}}, {"type": "Feature", "geometry": {"type": "LineString", "coordinates": [[127.10127326415744, 37.39987277492148], [127.10122847696432, 37.4000646934781], [127.10119822750787, 37.400160580799394], [127.10116220052835, 37.40025518909964], [127.10112048154319, 37.400348297550295], [127.10107316849601, 37.40043968621265], [127.10085908241066, 37.40083983506036]]}, "properties": {"LINK_ID": "2060204600", "ROAD_NAME": "판교로228번길", "LANES": 2, "ROAD_RANK": "107", "MAX_SPD": 50, "LENGTH": 113.848893947186}}, {"type": "Feature", "geometry": {"type": "LineString", "coordinates": [[127.08175210308337, 37.3927367002265], [127.08160240412981, 37.391820157321604]]}, "properties": {"LINK_ID": "2060198804", "ROAD_NAME": "운중로165번길", "LANES": 1, "ROAD_RANK": "107", "MAX_SPD": 30, "LENGTH": 102.582706452708}}, {"type": "Feature", "geometry": {"type": "LineString", "coordinates": [[127.10959111804651, 37.39981245206773], [127.10974324565521, 37.39981286630581]]}, "properties": {"LINK_ID": "2060182210", "ROAD_NAME": "대왕판교로644번길", "LANES": 2, "ROAD_RANK": "107", "MAX_SPD": 60, "LENGTH": 13.469997700029}}, {"type": "Feature", "geometry": {"type": "LineString", "coordinates": [[127.09011441115422, 37.40852594476544], [127.09014343607268, 37.408636962110606]]}, "properties": {"LINK_ID": "2040426202", "ROAD_NAME": "-", "LANES": 2, "ROAD_RANK": "107", "MAX_SPD": 50, "LENGTH": 12.586411307759}}, {"type": "Feature", "geometry": {"type": "LineString", "coordinates": [[127.1068796308113, 37.39864996291993], [127.1069154075086, 37.39848578532563], [127.10694976021654, 37.39829553876436], [127.10697053938725, 37.39810322310804], [127.1069945040426, 37.397913055297394], [127.10701050739019, 37.39772105299337], [127.10701837094702, 37.39752873097747], [127.10701808525434, 37.39733654157252], [127.10700999936125, 37.39709048264398], [127.10697505036002, 37.39684877741837], [127.10694202145892, 37.39660627393283], [127.10689805295861, 37.3963542781449], [127.10686523842382, 37.39620197749606], [127.1067666922753, 37.395946099796056], [127.10668759044286, 37.39576752743532], [127.10659866250037, 37.395587996177255], [127.10650764232015, 37.39542201269133], [127.10640020087897, 37.395243890025455], [127.10628472464457, 37.39506961733621], [127.10618243414396, 37.39492768567809], [127.10613198168177, 37.39486286216358]]}, "properties": {"LINK_ID": "2060201403", "ROAD_NAME": "대왕판교로", "LANES": 3, "ROAD_RANK": "105", "MAX_SPD": 60, "LENGTH": 436.007483299504}}, {"type": "Feature", "geometry": {"type": "LineString", "coordinates": [[127.10539855238645, 37.39419568831243], [127.10525131881616, 37.394096174861446], [127.10494465053301, 37.39389332104025], [127.10463494830763, 37.39369287122498], [127.10432110563445, 37.39349416051293], [127.10409370566555, 37.39335343378073]]}, "properties": {"LINK_ID": "2060186500", "ROAD_NAME": "대왕판교로", "LANES": 4, "ROAD_RANK": "105", "MAX_SPD": 60, "LENGTH": 148.636694834066}}, {"type": "Feature", "geometry": {"type": "LineString", "coordinates": [[127.09179013870016, 37.40669637212618], [127.09229605668003, 37.407008000003685], [127.09255911363348, 37.407204956464824], [127.0928345184385, 37.40746955752456], [127.09309013240065, 37.4077374694444], [127.09337370419378, 37.4080595595724], [127.09434416513561, 37.40908708070274], [127.09463619212194, 37.40941483019156], [127.09481880834832, 37.40960136433492], [127.09490716733895, 37.40971771958997], [127.09495739094108, 37.40983394322743], [127.09497935940888, 37.40995119778373], [127.09497444471606, 37.41008119637503]]}, "properties": {"LINK_ID": "2040426401", "ROAD_NAME": "-", "LANES": 2, "ROAD_RANK": "107", "MAX_SPD": 50, "LENGTH": 477.763502547891}}, {"type": "Feature", "geometry": {"type": "LineString", "coordinates": [[127.09295986227988, 37.406276931250694], [127.09245464222968, 37.40589002459769], [127.09185711073249, 37.40537796208153], [127.0915790170287, 37.40518805621318], [127.09043901749082, 37.4044765248124], [127.0896178247773, 37.40418493472997]]}, "properties": {"LINK_ID": "2060011202", "ROAD_NAME": "수도권제1순환고속도로", "LANES": 2, "ROAD_RANK": "101", "MAX_SPD": 40, "LENGTH": 379.799190585987}}, {"type": "Feature", "geometry": {"type": "LineString", "coordinates": [[127.10033067426784, 37.40510245179784], [127.1003791886918, 37.405169136609814]]}, "properties": {"LINK_ID": "2060197301", "ROAD_NAME": "판교로227번길", "LANES": 2, "ROAD_RANK": "107", "MAX_SPD": 50, "LENGTH": 8.557176047771}}, {"type": "Feature", "geometry": {"type": "LineString", "coordinates": [[127.11283059414919, 37.399817779800706], [127.11284029105079, 37.39923562639108], [127.11282823230754, 37.39836236899225]]}, "properties": {"LINK_ID": "2060194600", "ROAD_NAME": "분당내곡로", "LANES": 3, "ROAD_RANK": "107", "MAX_SPD": 50, "LENGTH": 161.540752546376}}, {"type": "Feature", "geometry": {"type": "LineString", "coordinates": [[127.09972640891881, 37.39468807803689], [127.09972650938155, 37.394688076403725], [127.10021830006681, 37.39468062877274]]}, "properties": {"LINK_ID": "2060331903", "ROAD_NAME": "서판교로88번길", "LANES": 1, "ROAD_RANK": "107", "MAX_SPD": 30, "LENGTH": 43.564595614664}}, {"type": "Feature", "geometry": {"type": "LineString", "coordinates": [[127.10960234212844, 37.39772186058266], [127.1097556417596, 37.39772072722038]]}, "properties": {"LINK_ID": "2060205205", "ROAD_NAME": "판교역로192번길", "LANES": 2, "ROAD_RANK": "107", "MAX_SPD": 50, "LENGTH": 13.574654269052}}, {"type": "Feature", "geometry": {"type": "LineString", "coordinates": [[127.11687051955434, 37.39197019858001], [127.11677043620972, 37.391965261669775]]}, "properties": {"LINK_ID": "2060206401", "ROAD_NAME": "서현로", "LANES": 4, "ROAD_RANK": "105", "MAX_SPD": 60, "LENGTH": 8.87958136522}}, {"type": "Feature", "geometry": {"type": "LineString", "coordinates": [[127.08020554881067, 37.40641608720867], [127.08031373664743, 37.40642652507115], [127.0803566417059, 37.40642577510314], [127.08040207885729, 37.406421649978135], [127.08045492369969, 37.40641483745812], [127.08064592303934, 37.406388087595246], [127.08079423566667, 37.406373024901065], [127.08084839404867, 37.40637651723518]]}, "properties": {"LINK_ID": "2040005901", "ROAD_NAME": "금토로", "LANES": 1, "ROAD_RANK": "107", "MAX_SPD": 30, "LENGTH": 57.452429551143}}, {"type": "Feature", "geometry": {"type": "LineString", "coordinates": [[127.10259601006324, 37.40322495862627], [127.10259552003865, 37.40325213585255], [127.10258872308329, 37.40334244833404], [127.10257418524353, 37.40343217645992], [127.10255197481575, 37.403520900292584], [127.10252219511175, 37.40360820076369], [127.10248498785984, 37.40369366868144], [127.1024405264251, 37.40377690203362], [127.10238902146205, 37.403857509586814], [127.10233071413967, 37.40393511179367], [127.10228738890157, 37.40398471546514]]}, "properties": {"LINK_ID": "2060203300", "ROAD_NAME": "판교로255번길", "LANES": 2, "ROAD_RANK": "107", "MAX_SPD": 50, "LENGTH": 90.057919840991}}, {"type": "Feature", "geometry": {"type": "LineString", "coordinates": [[127.08601377496107, 37.40629442645851], [127.08589210049553, 37.40709132664138]]}, "properties": {"LINK_ID": "2040424201", "ROAD_NAME": "-", "LANES": 1, "ROAD_RANK": "107", "MAX_SPD": 50, "LENGTH": 89.097882411975}}, {"type": "Feature", "geometry": {"type": "LineString", "coordinates": [[127.09266520567648, 37.39890918281526], [127.092744283926, 37.3988101610196]]}, "properties": {"LINK_ID": "2060349501", "ROAD_NAME": "판교로156번길", "LANES": 1, "ROAD_RANK": "107", "MAX_SPD": 50, "LENGTH": 13.0309831277}}, {"type": "Feature", "geometry": {"type": "LineString", "coordinates": [[127.10056906036394, 37.413873144152916], [127.10063382952826, 37.41401636896525], [127.1009633921927, 37.41470914987912], [127.10127520493762, 37.415340243235796], [127.10127539183088, 37.4153406188005], [127.10127554822319, 37.415340993490304], [127.10127573511522, 37.41534136815398], [127.10127592313809, 37.415341743717704], [127.10127607953036, 37.415342118407516], [127.10127623592389, 37.41534249399833], [127.1012763923162, 37.41534286868814], [127.10127654875096, 37.41534327491357], [127.10127670514446, 37.41534365050438], [127.10156192346008, 37.41605652514046], [127.10156207981271, 37.416056868294234], [127.10156217290722, 37.416057212403366], [127.10156232926107, 37.416057556458135], [127.10156245511367, 37.41605789963809], [127.10156257979646, 37.41605821308546], [127.10181648581069, 37.416773118679075], [127.10205701743267, 37.41739839917387], [127.10205714220415, 37.41739877479082], [127.1020572986034, 37.41739914857843], [127.10205742341768, 37.417399555730995], [127.10217151610718, 37.41772140005034], [127.10217164200822, 37.41772177476516], [127.10217176673794, 37.41772211884636], [127.10217186096574, 37.41772246205292], [127.10217198569671, 37.41772280703512], [127.10222737008942, 37.41789687622981]]}, "properties": {"LINK_ID": "2040000400", "ROAD_NAME": "대왕판교로", "LANES": 4, "ROAD_RANK": "105", "MAX_SPD": 60, "LENGTH": 470.472344093047}}, {"type": "Feature", "geometry": {"type": "LineString", "coordinates": [[127.1039783036206, 37.39328403870432], [127.10405408071195, 37.39308230013271]]}, "properties": {"LINK_ID": "2060330901", "ROAD_NAME": "대왕판교로560번길", "LANES": 1, "ROAD_RANK": "107", "MAX_SPD": 60, "LENGTH": 23.373867314069}}, {"type": "Feature", "geometry": {"type": "LineString", "coordinates": [[127.11408002523984, 37.3961834878385], [127.11496376196263, 37.39618057005817]]}, "properties": {"LINK_ID": "2060199400", "ROAD_NAME": "대왕판교로606번길", "LANES": 2, "ROAD_RANK": "107", "MAX_SPD": 30, "LENGTH": 78.25364385152}}, {"type": "Feature", "geometry": {"type": "LineString", "coordinates": [[127.11875483760757, 37.416288367338566], [127.11850301764916, 37.41674314957445], [127.11805101648508, 37.417892087403956], [127.11778495016557, 37.41846732381934]]}, "properties": {"LINK_ID": "2060169303", "ROAD_NAME": "탄천로", "LANES": 2, "ROAD_RANK": "107", "MAX_SPD": 50, "LENGTH": 256.872633091348}}, {"type": "Feature", "geometry": {"type": "LineString", "coordinates": [[127.10378587784312, 37.40547011165572], [127.10388855895809, 37.40554068649353]]}, "properties": {"LINK_ID": "2060350902", "ROAD_NAME": "대왕판교로712번길", "LANES": 1, "ROAD_RANK": "107", "MAX_SPD": 50, "LENGTH": 11.999990381272}}, {"type": "Feature", "geometry": {"type": "LineString", "coordinates": [[127.09386194505183, 37.40319910394564], [127.09417540962085, 37.40312164999754], [127.0945802321926, 37.403071051597486]]}, "properties": {"LINK_ID": "2060349811", "ROAD_NAME": "판교로209번길", "LANES": 1, "ROAD_RANK": "107", "MAX_SPD": 30, "LENGTH": 65.334905293679}}, {"type": "Feature", "geometry": {"type": "LineString", "coordinates": [[127.0945802321926, 37.403071051597486], [127.09458544761816, 37.40307039971677], [127.0949688306538, 37.40307040145823], [127.09541510541175, 37.403103461026056], [127.09569188650073, 37.4030793954428], [127.0957994854857, 37.40305983305879]]}, "properties": {"LINK_ID": "2060349805", "ROAD_NAME": "판교로209번길", "LANES": 1, "ROAD_RANK": "107", "MAX_SPD": 30, "LENGTH": 108.517314225123}}, {"type": "Feature", "geometry": {"type": "LineString", "coordinates": [[127.11687051955434, 37.39197019858001], [127.1168712428684, 37.39327917673314]]}, "properties": {"LINK_ID": "2060207200", "ROAD_NAME": "동판교로", "LANES": 2, "ROAD_RANK": "107", "MAX_SPD": 50, "LENGTH": 145.277166115497}}, {"type": "Feature", "geometry": {"type": "LineString", "coordinates": [[127.11282077436533, 37.39724727607647], [127.11235694489265, 37.39725342545049]]}, "properties": {"LINK_ID": "2060332900", "ROAD_NAME": "대왕판교로606번길", "LANES": 1, "ROAD_RANK": "107", "MAX_SPD": 30, "LENGTH": 41.076181332872}}, {"type": "Feature", "geometry": {"type": "LineString", "coordinates": [[127.08554912601912, 37.41639972553539], [127.08378876392186, 37.41401263000809]]}, "properties": {"LINK_ID": "2040370500", "ROAD_NAME": "용인서울고속도로", "LANES": 3, "ROAD_RANK": "101", "MAX_SPD": 100, "LENGTH": 307.367216950594}}, {"type": "Feature", "geometry": {"type": "LineString", "coordinates": [[127.10651987999687, 37.403164995840804], [127.10962553392646, 37.403158036734936]]}, "properties": {"LINK_ID": "2060181304", "ROAD_NAME": "판교로", "LANES": 3, "ROAD_RANK": "107", "MAX_SPD": 50, "LENGTH": 274.974477365354}}, {"type": "Feature", "geometry": {"type": "LineString", "coordinates": [[127.10975015991374, 37.39379202775117], [127.10959683814036, 37.39379156232936]]}, "properties": {"LINK_ID": "2060195401", "ROAD_NAME": "판교역로146번길", "LANES": 2, "ROAD_RANK": "107", "MAX_SPD": 30, "LENGTH": 13.576839100424}}, {"type": "Feature", "geometry": {"type": "LineString", "coordinates": [[127.08985505270634, 37.40650910356045], [127.08993131529061, 37.40653549002656]]}, "properties": {"LINK_ID": "2040425403", "ROAD_NAME": "-", "LANES": 1, "ROAD_RANK": "107", "MAX_SPD": 50, "LENGTH": 7.359693274644}}, {"type": "Feature", "geometry": {"type": "LineString", "coordinates": [[127.0840199210607, 37.41332459406433], [127.08392666495897, 37.41324612869924]]}, "properties": {"LINK_ID": "2040007502", "ROAD_NAME": "둔토로", "LANES": 1, "ROAD_RANK": "107", "MAX_SPD": 30, "LENGTH": 11.999815373231}}, {"type": "Feature", "geometry": {"type": "LineString", "coordinates": [[127.0840199210607, 37.41332459406433], [127.08386636088538, 37.41344071289218], [127.08285314159399, 37.41473893070207], [127.08186410952494, 37.41611683953382], [127.0812905009153, 37.416915957845546]]}, "properties": {"LINK_ID": "2040008001", "ROAD_NAME": "달래내로", "LANES": 1, "ROAD_RANK": "107", "MAX_SPD": 50, "LENGTH": 466.86984468103}}, {"type": "Feature", "geometry": {"type": "LineString", "coordinates": [[127.11025775322418, 37.397719504886915], [127.11027021539427, 37.3972441342945]]}, "properties": {"LINK_ID": "2060352900", "ROAD_NAME": "대왕판교로606번길", "LANES": 1, "ROAD_RANK": "107", "MAX_SPD": 30, "LENGTH": 52.770656463961}}, {"type": "Feature", "geometry": {"type": "LineString", "coordinates": [[127.09942200674121, 37.41096811124072], [127.0993328368254, 37.410927539369226], [127.0992481054725, 37.41087187617073], [127.09914324405248, 37.41075675800703], [127.09897793445693, 37.410516719873016], [127.09830821200873, 37.409517264996225], [127.0981232741281, 37.40933361711795]]}, "properties": {"LINK_ID": "2040389601", "ROAD_NAME": "달래내로", "LANES": 2, "ROAD_RANK": "107", "MAX_SPD": 50, "LENGTH": 216.915834880042}}, {"type": "Feature", "geometry": {"type": "LineString", "coordinates": [[127.0931511940997, 37.41211484837259], [127.09304742237059, 37.411855419419865], [127.09306120276327, 37.411653340579605], [127.09315808181879, 37.41145959378363], [127.09351404293187, 37.411179921043235], [127.09351847510004, 37.41117643874234], [127.09377203683272, 37.410982049305126], [127.09387961201445, 37.410919299836806], [127.09402718923486, 37.410856694162554], [127.09417327987018, 37.41082128045221], [127.09431860450967, 37.410794859346304], [127.09480057951833, 37.410772445186275]]}, "properties": {"LINK_ID": "2040402800", "ROAD_NAME": "창업로40번길", "LANES": 1, "ROAD_RANK": "107", "MAX_SPD": 30, "LENGTH": 247.803792684207}}, {"type": "Feature", "geometry": {"type": "LineString", "coordinates": [[127.10251224957328, 37.40089250040949], [127.10258811788925, 37.400870873904104]]}, "properties": {"LINK_ID": "2060205002", "ROAD_NAME": "판교로", "LANES": 1, "ROAD_RANK": "107", "MAX_SPD": 40, "LENGTH": 7.133484838365}}, {"type": "Feature", "geometry": {"type": "LineString", "coordinates": [[127.11306663856492, 37.387970429891546], [127.11307089924001, 37.39165049091671]]}, "properties": {"LINK_ID": "2060192300", "ROAD_NAME": "분당내곡로", "LANES": 3, "ROAD_RANK": "107", "MAX_SPD": 50, "LENGTH": 408.432112944686}}, {"type": "Feature", "geometry": {"type": "LineString", "coordinates": [[127.10033667359714, 37.39478697716066], [127.10026987515293, 37.39515805407336], [127.10026973794407, 37.39515881628845], [127.10020639382405, 37.39545439791436], [127.10015521835544, 37.3955908603081], [127.10015475353971, 37.39559209976417], [127.09996675289976, 37.396018214182924], [127.09996656799376, 37.39601863328058], [127.0998647014748, 37.39623933360216], [127.09973789997882, 37.39642530065792], [127.09951390557019, 37.39678201730649], [127.09934898178761, 37.39706657936506]]}, "properties": {"LINK_ID": "2060331600", "ROAD_NAME": "판교로210번길", "LANES": 1, "ROAD_RANK": "107", "MAX_SPD": 30, "LENGTH": 269.785922297176}}, {"type": "Feature", "geometry": {"type": "LineString", "coordinates": [[127.102501810986, 37.399820774124734], [127.10257610617128, 37.39982098292399]]}, "properties": {"LINK_ID": "2060199801", "ROAD_NAME": "대왕판교로645번길", "LANES": 2, "ROAD_RANK": "107", "MAX_SPD": 50, "LENGTH": 6.578398941039}}, {"type": "Feature", "geometry": {"type": "LineString", "coordinates": [[127.11308074027987, 37.398302126636395], [127.11401755741306, 37.39830219207867]]}, "properties": {"LINK_ID": "2060193200", "ROAD_NAME": "동판교로177번길", "LANES": 2, "ROAD_RANK": "107", "MAX_SPD": 50, "LENGTH": 82.950791153697}}, {"type": "Feature", "geometry": {"type": "LineString", "coordinates": [[127.0981232741281, 37.40933361711795], [127.0980043333975, 37.40921550540745], [127.09775784250593, 37.40904742512551], [127.09747607785461, 37.40892308367856], [127.09722284659063, 37.40886030220255]]}, "properties": {"LINK_ID": "2040389607", "ROAD_NAME": "달래내로", "LANES": 2, "ROAD_RANK": "107", "MAX_SPD": 50, "LENGTH": 97.508621319542}}, {"type": "Feature", "geometry": {"type": "LineString", "coordinates": [[127.09446013112901, 37.40856590698938], [127.09362320909497, 37.408326908514105]]}, "properties": {"LINK_ID": "2040389000", "ROAD_NAME": "달래내로", "LANES": 2, "ROAD_RANK": "107", "MAX_SPD": 50, "LENGTH": 78.700323756625}}, {"type": "Feature", "geometry": {"type": "LineString", "coordinates": [[127.09528338593212, 37.39913002409683], [127.09535127559714, 37.399171846141165]]}, "properties": {"LINK_ID": "2060334301", "ROAD_NAME": "서판교로", "LANES": 1, "ROAD_RANK": "107", "MAX_SPD": 40, "LENGTH": 7.59471995753}}, {"type": "Feature", "geometry": {"type": "LineString", "coordinates": [[127.08185769646713, 37.39292714480309], [127.08189783334899, 37.392947248911746]]}, "properties": {"LINK_ID": "2060198701", "ROAD_NAME": "운중로165번길", "LANES": 1, "ROAD_RANK": "107", "MAX_SPD": 30, "LENGTH": 4.196514755977}}, {"type": "Feature", "geometry": {"type": "LineString", "coordinates": [[127.11857163079013, 37.4082927797665], [127.118608388659, 37.40801887060403], [127.11862179580054, 37.40790199580184], [127.11897722609899, 37.405492445784596], [127.11898066119136, 37.40547116282646]]}, "properties": {"LINK_ID": "2060141700", "ROAD_NAME": "분당수서로", "LANES": 2, "ROAD_RANK": "102", "MAX_SPD": 40, "LENGTH": 315.250851924797}}, {"type": "Feature", "geometry": {"type": "LineString", "coordinates": [[127.09833427612261, 37.39279122481866], [127.09819887406012, 37.39278683488199]]}, "properties": {"LINK_ID": "2060283503", "ROAD_NAME": "서판교로66번길", "LANES": 1, "ROAD_RANK": "107", "MAX_SPD": 30, "LENGTH": 11.999990942885}}, {"type": "Feature", "geometry": {"type": "LineString", "coordinates": [[127.10378587784312, 37.40547011165572], [127.10396518208644, 37.40530409547265], [127.10436125930947, 37.40498894989485], [127.10484158866265, 37.40477828900023], [127.10519446795172, 37.40458360477347], [127.10543734233751, 37.404365027067726], [127.1057068655447, 37.40408268144693], [127.10591453006403, 37.40399038970115], [127.1061813045632, 37.40393703798179], [127.10643076461156, 37.403937039280414]]}, "properties": {"LINK_ID": "2060350300", "ROAD_NAME": "판교로289번길", "LANES": 1, "ROAD_RANK": "107", "MAX_SPD": 50, "LENGTH": 299.657168911942}}, {"type": "Feature", "geometry": {"type": "LineString", "coordinates": [[127.08953116081354, 37.40714966347632], [127.08945512474419, 37.40707626313108]]}, "properties": {"LINK_ID": "2040425702", "ROAD_NAME": "-", "LANES": 2, "ROAD_RANK": "107", "MAX_SPD": 50, "LENGTH": 10.567924957298}}, {"type": "Feature", "geometry": {"type": "LineString", "coordinates": [[127.08566667420024, 37.416345887537084], [127.08900437456688, 37.42109616748139]]}, "properties": {"LINK_ID": "2040370800", "ROAD_NAME": "용인서울고속도로", "LANES": 3, "ROAD_RANK": "101", "MAX_SPD": 100, "LENGTH": 604.357718396226}}, {"type": "Feature", "geometry": {"type": "LineString", "coordinates": [[127.1128105945262, 37.3937160916883], [127.11281758802825, 37.3917937265748]]}, "properties": {"LINK_ID": "2060195200", "ROAD_NAME": "분당내곡로", "LANES": 3, "ROAD_RANK": "107", "MAX_SPD": 50, "LENGTH": 213.35488727557}}, {"type": "Feature", "geometry": {"type": "LineString", "coordinates": [[127.10021830006681, 37.39468062877274], [127.10028426876207, 37.39428485381602]]}, "properties": {"LINK_ID": "2060332100", "ROAD_NAME": "판교로210번길", "LANES": 1, "ROAD_RANK": "107", "MAX_SPD": 30, "LENGTH": 44.311869303004}}, {"type": "Feature", "geometry": {"type": "LineString", "coordinates": [[127.11580898397192, 37.41500215745993], [127.11566449029864, 37.414994129375316], [127.11556319105877, 37.41500163210648], [127.1152643831997, 37.41506537443961], [127.11512907365656, 37.41512550871636], [127.11493069376364, 37.415274287811094], [127.11483410717501, 37.41532394367465]]}, "properties": {"LINK_ID": "2040403200", "ROAD_NAME": "-", "LANES": 1, "ROAD_RANK": "107", "MAX_SPD": 20, "LENGTH": 97.200506943113}}, {"type": "Feature", "geometry": {"type": "LineString", "coordinates": [[127.09626974686336, 37.400134325181526], [127.09638354054492, 37.40019305192201]]}, "properties": {"LINK_ID": "2060348401", "ROAD_NAME": "판교로", "LANES": 1, "ROAD_RANK": "107", "MAX_SPD": 40, "LENGTH": 12.000017422203}}, {"type": "Feature", "geometry": {"type": "LineString", "coordinates": [[127.1139317242688, 37.411658720212856], [127.11398717047595, 37.41158076254245], [127.11410466729959, 37.411428492292714], [127.11422877010314, 37.411259629578694], [127.11434500753074, 37.41108724234168], [127.11445322183654, 37.410911563220246], [127.11455326658185, 37.41073282934603], [127.11464500663647, 37.41055128324472], [127.11472831817409, 37.410367170132766], [127.11480308980163, 37.41018073791618], [127.11486921804467, 37.40999223989789], [127.11492661524578, 37.40980192936385], [127.11497520392446, 37.40961006499447], [127.1151934361754, 37.40857898891018], [127.11522022795496, 37.40846561590001]]}, "properties": {"LINK_ID": "2040410701", "ROAD_NAME": "동판교로", "LANES": 2, "ROAD_RANK": "107", "MAX_SPD": 60, "LENGTH": 375.893740672723}}, {"type": "Feature", "geometry": {"type": "LineString", "coordinates": [[127.11472081721273, 37.41525355134583], [127.11483410717501, 37.41532394367465]]}, "properties": {"LINK_ID": "2040008105", "ROAD_NAME": "사송로", "LANES": 2, "ROAD_RANK": "107", "MAX_SPD": 60, "LENGTH": 12.712875509219}}, {"type": "Feature", "geometry": {"type": "LineString", "coordinates": [[127.1097476658388, 37.40100446287153], [127.10960190782222, 37.401003470687236]]}, "properties": {"LINK_ID": "2060351001", "ROAD_NAME": "판교역로226번길", "LANES": 1, "ROAD_RANK": "107", "MAX_SPD": 50, "LENGTH": 12.906198398505}}, {"type": "Feature", "geometry": {"type": "LineString", "coordinates": [[127.10961817129717, 37.40248659965138], [127.10961698549507, 37.402378461567785]]}, "properties": {"LINK_ID": "2060207107", "ROAD_NAME": "판교역로", "LANES": 3, "ROAD_RANK": "107", "MAX_SPD": 60, "LENGTH": 12.002199970144}}, {"type": "Feature", "geometry": {"type": "LineString", "coordinates": [[127.10258680101745, 37.40232385424683], [127.10309178622371, 37.402345536076616], [127.10361491739148, 37.40234553923047]]}, "properties": {"LINK_ID": "2060349700", "ROAD_NAME": "-", "LANES": 1, "ROAD_RANK": "107", "MAX_SPD": 40, "LENGTH": 91.094716675144}}, {"type": "Feature", "geometry": {"type": "LineString", "coordinates": [[127.10960190782222, 37.401003470687236], [127.10960072208321, 37.4008953359723]]}, "properties": {"LINK_ID": "2060207105", "ROAD_NAME": "판교역로", "LANES": 3, "ROAD_RANK": "107", "MAX_SPD": 50, "LENGTH": 12.001823059601}}, {"type": "Feature", "geometry": {"type": "LineString", "coordinates": [[127.09528338593212, 37.39913002409683], [127.0955269393552, 37.39887838088638], [127.0959581733292, 37.3985022103347], [127.09626508773934, 37.39827067371724]]}, "properties": {"LINK_ID": "2060180702", "ROAD_NAME": "서판교로", "LANES": 2, "ROAD_RANK": "107", "MAX_SPD": 30, "LENGTH": 129.264362211943}}, {"type": "Feature", "geometry": {"type": "LineString", "coordinates": [[127.10160215436113, 37.39758240393279], [127.10161165733236, 37.39788248537966]]}, "properties": {"LINK_ID": "2060283802", "ROAD_NAME": "판교로228번길", "LANES": 1, "ROAD_RANK": "107", "MAX_SPD": 40, "LENGTH": 33.315234054569}}, {"type": "Feature", "geometry": {"type": "LineString", "coordinates": [[127.11308142010554, 37.398364815140525], [127.11282823230754, 37.39836236899225]]}, "properties": {"LINK_ID": "2060193101", "ROAD_NAME": "동판교로177번길", "LANES": 2, "ROAD_RANK": "107", "MAX_SPD": 50, "LENGTH": 22.420224643565}}, {"type": "Feature", "geometry": {"type": "LineString", "coordinates": [[127.09967446145899, 37.39277603449994], [127.09926635955694, 37.3927806617363]]}, "properties": {"LINK_ID": "2060283502", "ROAD_NAME": "서판교로66번길", "LANES": 1, "ROAD_RANK": "107", "MAX_SPD": 30, "LENGTH": 36.141811669859}}, {"type": "Feature", "geometry": {"type": "LineString", "coordinates": [[127.11860936167892, 37.4085195510379], [127.1186317772652, 37.40835256319211], [127.1186758334344, 37.40802420814331], [127.11868920703171, 37.4079076153865], [127.11904446399, 37.405499078091495], [127.11905263706375, 37.405448522637016], [127.11906112194978, 37.405395881907104], [127.11938947645122, 37.40316980213081]]}, "properties": {"LINK_ID": "2060135800", "ROAD_NAME": "분당수서로", "LANES": 3, "ROAD_RANK": "102", "MAX_SPD": 80, "LENGTH": 597.755453183084}}, {"type": "Feature", "geometry": {"type": "LineString", "coordinates": [[127.10224405944217, 37.40403513945576], [127.10214899872524, 37.404005218535175]]}, "properties": {"LINK_ID": "2060203702", "ROAD_NAME": "판교로255번길", "LANES": 1, "ROAD_RANK": "107", "MAX_SPD": 30, "LENGTH": 9.047971119423}}, {"type": "Feature", "geometry": {"type": "LineString", "coordinates": [[127.1142113964355, 37.41147625517086], [127.11421063450823, 37.411477291890755], [127.11409313782339, 37.4116295622443], [127.11403814645443, 37.41170688056236], [127.11398252804278, 37.41178508031931], [127.11387894722185, 37.411943648674786], [127.11378252611615, 37.41210506447381], [127.11369338757535, 37.41226912308421], [127.11361164653611, 37.41243561357325], [127.11353740551321, 37.412604325019196], [127.11347076137106, 37.412775042900435], [127.1134269036225, 37.412914009497634], [127.11339092222504, 37.413054409250854], [127.11336288795295, 37.41319595557531], [127.11334285916364, 37.41333836640164], [127.11333087612732, 37.413481349765135], [127.11332696330767, 37.41362461821968], [127.1133311282222, 37.41376788253176], [127.11334336257272, 37.41391085258042], [127.11336364111929, 37.41405324006129], [127.11339192506463, 37.41419475578047], [127.11342815415318, 37.41433511416708], [127.11348750217033, 37.4144685435325]]}, "properties": {"LINK_ID": "2040410603", "ROAD_NAME": "동판교로", "LANES": 2, "ROAD_RANK": "107", "MAX_SPD": 60, "LENGTH": 349.552598194041}}, {"type": "Feature", "geometry": {"type": "LineString", "coordinates": [[127.1065236666276, 37.40327899268186], [127.10656648160034, 37.40393704168857]]}, "properties": {"LINK_ID": "2060332500", "ROAD_NAME": "판교로289번길", "LANES": 1, "ROAD_RANK": "107", "MAX_SPD": 50, "LENGTH": 73.132109117223}}, {"type": "Feature", "geometry": {"type": "LineString", "coordinates": [[127.09555242590775, 37.40856658926153], [127.09569098630142, 37.40857760355739]]}, "properties": {"LINK_ID": "2040389704", "ROAD_NAME": "달래내로", "LANES": 2, "ROAD_RANK": "107", "MAX_SPD": 50, "LENGTH": 12.327955203449}}, {"type": "Feature", "geometry": {"type": "LineString", "coordinates": [[127.11337422896919, 37.41460340310826], [127.1132657968798, 37.41460062434525], [127.11315348103331, 37.41459774501805], [127.1130074487977, 37.414579968837806], [127.11282768797066, 37.414538334158784], [127.11273778638578, 37.41451516911933]]}, "properties": {"LINK_ID": "2040008201", "ROAD_NAME": "사송로", "LANES": 1, "ROAD_RANK": "107", "MAX_SPD": 30, "LENGTH": 57.563873284157}}, {"type": "Feature", "geometry": {"type": "LineString", "coordinates": [[127.11381693187141, 37.414897003325166], [127.1136036128427, 37.4147721136745], [127.11337422896919, 37.41460340310826]]}, "properties": {"LINK_ID": "2040008208", "ROAD_NAME": "사송로", "LANES": 2, "ROAD_RANK": "107", "MAX_SPD": 50, "LENGTH": 51.04688947313}}, {"type": "Feature", "geometry": {"type": "LineString", "coordinates": [[127.0887439147942, 37.40907289824569], [127.08884451441983, 37.40899710000154], [127.0891463607447, 37.40881562095952], [127.08936862987598, 37.40872174890696], [127.08963183987518, 37.40863139812651], [127.08998060866327, 37.40855060042783]]}, "properties": {"LINK_ID": "2040426501", "ROAD_NAME": "달래내로", "LANES": 1, "ROAD_RANK": "107", "MAX_SPD": 50, "LENGTH": 125.503015263981}}, {"type": "Feature", "geometry": {"type": "LineString", "coordinates": [[127.08390554621462, 37.41395773529193], [127.08566667420024, 37.416345887537084]]}, "properties": {"LINK_ID": "2040370600", "ROAD_NAME": "용인서울고속도로", "LANES": 3, "ROAD_RANK": "101", "MAX_SPD": 100, "LENGTH": 307.502736810978}}, {"type": "Feature", "geometry": {"type": "LineString", "coordinates": [[127.09609717709402, 37.40004929131379], [127.09626974686336, 37.400134325181526]]}, "properties": {"LINK_ID": "2060348400", "ROAD_NAME": "판교로", "LANES": 1, "ROAD_RANK": "107", "MAX_SPD": 40, "LENGTH": 17.959433286053}}, {"type": "Feature", "geometry": {"type": "LineString", "coordinates": [[127.10296420511165, 37.395751382355115], [127.10197787704483, 37.39644288548407], [127.10186420737766, 37.39652667034344], [127.10175997231326, 37.39661321671393], [127.10158873916231, 37.39677365928495], [127.10151199508691, 37.39685603441007], [127.10146940297928, 37.39690795629064], [127.10131380317655, 37.39711450832952], [127.1012451560953, 37.39722978074206], [127.10110916371335, 37.3975033985582], [127.10099990726825, 37.39779338114901], [127.10092712305062, 37.39805748129702], [127.10088418648115, 37.398261864166834], [127.10073204693201, 37.399063957741944], [127.10069250832017, 37.3992224738343], [127.10056971933946, 37.39966237936019], [127.1004416361691, 37.4000105742929], [127.10031561995098, 37.40027673926307], [127.10016688849151, 37.40054215386062], [127.10012838462181, 37.400605530948674], [127.10006243381298, 37.400703612450776], [127.09969876103234, 37.40115736112437], [127.09944199350448, 37.40145406276281], [127.09905056437901, 37.40187671868071], [127.09840965710806, 37.40228328532088]]}, "properties": {"LINK_ID": "2060272900", "ROAD_NAME": "경부고속도로", "LANES": 4, "ROAD_RANK": "101", "MAX_SPD": 40, "LENGTH": 858.042892677285}}, {"type": "Feature", "geometry": {"type": "LineString", "coordinates": [[127.11281774852083, 37.391641236222405], [127.11281351259571, 37.38797094684888]]}, "properties": {"LINK_ID": "2060192400", "ROAD_NAME": "분당내곡로", "LANES": 3, "ROAD_RANK": "107", "MAX_SPD": 30, "LENGTH": 407.347601103585}}, {"type": "Feature", "geometry": {"type": "LineString", "coordinates": [[127.09481748684159, 37.399849500296305], [127.09472994730775, 37.39996761068681]]}, "properties": {"LINK_ID": "2060180804", "ROAD_NAME": "서판교로", "LANES": 2, "ROAD_RANK": "107", "MAX_SPD": 30, "LENGTH": 15.228651550733}}, {"type": "Feature", "geometry": {"type": "LineString", "coordinates": [[127.10368364600967, 37.39988430058111], [127.10368312272668, 37.399815619789976]]}, "properties": {"LINK_ID": "2060333801", "ROAD_NAME": "대왕판교로645번길", "LANES": 1, "ROAD_RANK": "107", "MAX_SPD": 50, "LENGTH": 7.622696722355}}, {"type": "Feature", "geometry": {"type": "LineString", "coordinates": [[127.10974324565521, 37.39981286630581], [127.10973532533579, 37.399879206939225]]}, "properties": {"LINK_ID": "2060197501", "ROAD_NAME": "판교역로", "LANES": 3, "ROAD_RANK": "107", "MAX_SPD": 50, "LENGTH": 7.396156649872}}, {"type": "Feature", "geometry": {"type": "LineString", "coordinates": [[127.11281774852083, 37.391641236222405], [127.11307089924001, 37.39165049091671]]}, "properties": {"LINK_ID": "2060183803", "ROAD_NAME": "서현로", "LANES": 5, "ROAD_RANK": "105", "MAX_SPD": 60, "LENGTH": 22.440816944955}}, {"type": "Feature", "geometry": {"type": "LineString", "coordinates": [[127.10507604781404, 37.40328199867343], [127.10477891736163, 37.403280278635684]]}, "properties": {"LINK_ID": "2060181807", "ROAD_NAME": "판교로", "LANES": 3, "ROAD_RANK": "107", "MAX_SPD": 50, "LENGTH": 26.308463931507}}, {"type": "Feature", "geometry": {"type": "LineString", "coordinates": [[127.09601805641829, 37.40045792432908], [127.09613246643423, 37.4005159037853]]}, "properties": {"LINK_ID": "2060207806", "ROAD_NAME": "판교로", "LANES": 3, "ROAD_RANK": "107", "MAX_SPD": 50, "LENGTH": 12.001164753362}}, {"type": "Feature", "geometry": {"type": "LineString", "coordinates": [[127.09598247367506, 37.39999170022938], [127.09609717709402, 37.40004929131379]]}, "properties": {"LINK_ID": "2060348601", "ROAD_NAME": "판교로", "LANES": 1, "ROAD_RANK": "107", "MAX_SPD": 40, "LENGTH": 12.000140287957}}, {"type": "Feature", "geometry": {"type": "LineString", "coordinates": [[127.10014658416266, 37.40782173135536], [127.10016564230403, 37.40776827463366], [127.10016626701744, 37.4077666495656], [127.10044192508606, 37.40712487422038], [127.10047086984703, 37.407075993622705], [127.10057401800546, 37.40693501974098], [127.10068445012132, 37.40679760219671], [127.10080197447688, 37.406663979903506], [127.1009263869289, 37.40653438727997], [127.10105746977221, 37.4064090488447], [127.1011949940047, 37.40628818371966], [127.10133872271116, 37.40617200202338], [127.10148840315689, 37.40606070487798], [127.10164377470008, 37.40595448890752], [127.10180456765035, 37.405853537229184], [127.10197050101915, 37.405758026663385], [127.1021412859023, 37.405668123226015], [127.1023166254808, 37.405583983029665], [127.102512502517, 37.4054986572011]]}, "properties": {"LINK_ID": "2040057801", "ROAD_NAME": "대왕판교로", "LANES": 4, "ROAD_RANK": "105", "MAX_SPD": 60, "LENGTH": 342.919418712954}}, {"type": "Feature", "geometry": {"type": "LineString", "coordinates": [[127.09450579726301, 37.40846403556401], [127.09462391647756, 37.40849277693124]]}, "properties": {"LINK_ID": "2040389201", "ROAD_NAME": "달래내로", "LANES": 2, "ROAD_RANK": "107", "MAX_SPD": 50, "LENGTH": 10.933175817254}}, {"type": "Feature", "geometry": {"type": "LineString", "coordinates": [[127.10321728484524, 37.420565367662256], [127.10315522637849, 37.420665831782216]]}, "properties": {"LINK_ID": "2040412401", "ROAD_NAME": "분당내곡간도시고속화도로", "LANES": 1, "ROAD_RANK": "102", "MAX_SPD": 40, "LENGTH": 12.429850151921}}, {"type": "Feature", "geometry": {"type": "LineString", "coordinates": [[127.09569098630142, 37.40857760355739], [127.09623666200433, 37.40862097824986], [127.0968068843456, 37.40866630136135], [127.09689705030908, 37.40868306978157], [127.09716764075047, 37.40873339179596], [127.0972633921902, 37.408757755876415]]}, "properties": {"LINK_ID": "2040389702", "ROAD_NAME": "달래내로", "LANES": 2, "ROAD_RANK": "107", "MAX_SPD": 50, "LENGTH": 140.976576216883}}, {"type": "Feature", "geometry": {"type": "LineString", "coordinates": [[127.10638014917514, 37.420770213711855], [127.10640319639224, 37.42072412118402], [127.10650905741115, 37.4205741586579], [127.10662762591448, 37.42046876783814], [127.10666203680539, 37.4204410492175]]}, "properties": {"LINK_ID": "2040404302", "ROAD_NAME": "설개로", "LANES": 1, "ROAD_RANK": "107", "MAX_SPD": 10, "LENGTH": 44.652390718965}}, {"type": "Feature", "geometry": {"type": "LineString", "coordinates": [[127.09813323667805, 37.40683050515034], [127.09950629833156, 37.40716239992886], [127.09990939183373, 37.40725952512794], [127.10038439269921, 37.40739811863207], [127.10073001767668, 37.407453431125084], [127.10155064220776, 37.4075210561861], [127.10194686146735, 37.40753474319078], [127.10355326671672, 37.4075694627435], [127.10462389212863, 37.40760065057697], [127.10566776734449, 37.40759333672998], [127.10619651707557, 37.40759899353486], [127.10657904793337, 37.40760308775529], [127.10673554862983, 37.407604759167135]]}, "properties": {"LINK_ID": "2060360700", "ROAD_NAME": "수도권제1순환고속도로", "LANES": 4, "ROAD_RANK": "101", "MAX_SPD": 100, "LENGTH": 772.534144305718}}, {"type": "Feature", "geometry": {"type": "LineString", "coordinates": [[127.12082355151242, 37.4131688583534], [127.12044939246803, 37.41379711888822], [127.1203877044945, 37.41390189992273], [127.12035608026937, 37.413955586886516], [127.12032576735794, 37.41400708753637], [127.12015617352922, 37.41424186817641], [127.12013937265002, 37.414264329204855], [127.11977482980687, 37.414751681175396], [127.11921001726301, 37.415519650463686], [127.118791797009, 37.41622161882646], [127.11875483760757, 37.416288367338566]]}, "properties": {"LINK_ID": "2060169300", "ROAD_NAME": "탄천로", "LANES": 2, "ROAD_RANK": "107", "MAX_SPD": 50, "LENGTH": 392.074679642313}}, {"type": "Feature", "geometry": {"type": "LineString", "coordinates": [[127.10076833270926, 37.40080893307281], [127.10098313368167, 37.40040744892373], [127.10103044794748, 37.40031606029584], [127.10107216702632, 37.40022295187627], [127.10110819410374, 37.40012834360281], [127.10113844366211, 37.400032456303855], [127.10117354629666, 37.39987153216219]]}, "properties": {"LINK_ID": "2060204500", "ROAD_NAME": "판교로228번길", "LANES": 2, "ROAD_RANK": "107", "MAX_SPD": 50, "LENGTH": 110.472578518616}}, {"type": "Feature", "geometry": {"type": "LineString", "coordinates": [[127.08139232094592, 37.410774942465146], [127.08081992714033, 37.41000392120316], [127.07942020949864, 37.40811134058316], [127.0781481298187, 37.40638889834824]]}, "properties": {"LINK_ID": "2040053000", "ROAD_NAME": "용인서울고속도로", "LANES": 3, "ROAD_RANK": "101", "MAX_SPD": 100, "LENGTH": 565.204465154553}}, {"type": "Feature", "geometry": {"type": "LineString", "coordinates": [[127.1168728366143, 37.39615968269742], [127.11687290314262, 37.39626780670467]]}, "properties": {"LINK_ID": "2060196801", "ROAD_NAME": "동판교로", "LANES": 2, "ROAD_RANK": "107", "MAX_SPD": 30, "LENGTH": 12.000169177099}}, {"type": "Feature", "geometry": {"type": "LineString", "coordinates": [[127.09926445268178, 37.392672731528094], [127.09967254015714, 37.392668178956754]]}, "properties": {"LINK_ID": "2060283607", "ROAD_NAME": "서판교로66번길", "LANES": 1, "ROAD_RANK": "107", "MAX_SPD": 30, "LENGTH": 36.140469273542}}, {"type": "Feature", "geometry": {"type": "LineString", "coordinates": [[127.08508444647524, 37.40687930745788], [127.085095031936, 37.406998425238136]]}, "properties": {"LINK_ID": "2040006302", "ROAD_NAME": "금토로62번길", "LANES": 1, "ROAD_RANK": "107", "MAX_SPD": 30, "LENGTH": 13.253506746148}}, {"type": "Feature", "geometry": {"type": "LineString", "coordinates": [[127.11025761625693, 37.397783935618776], [127.11017511538194, 37.39778382395786], [127.10975561476359, 37.39778515941028]]}, "properties": {"LINK_ID": "2060205102", "ROAD_NAME": "판교역로192번길", "LANES": 2, "ROAD_RANK": "107", "MAX_SPD": 60, "LENGTH": 44.450501116724}}, {"type": "Feature", "geometry": {"type": "LineString", "coordinates": [[127.10222737008942, 37.41789687622981], [127.10227167361037, 37.418036118430464], [127.10227179842686, 37.41803652558275], [127.10227192324088, 37.41803693093299], [127.10227204914294, 37.41803730564769], [127.10227214228485, 37.418037680390704], [127.10227226710134, 37.418038087542996], [127.1022723602861, 37.41803849382163], [127.10227245455764, 37.418038868563684], [127.10227254887329, 37.41803927574236], [127.10234420507985, 37.41833774360397], [127.10234426650725, 37.41833805620411], [127.10234436186627, 37.41833839940951], [127.10234442329487, 37.418338712910675], [127.10234448589364, 37.418339056144426], [127.1024229546918, 37.41871640038419], [127.10242304896497, 37.41871677512607], [127.1024231104347, 37.418717118360725], [127.10242317307831, 37.41871749403104], [127.10242323572068, 37.41871786880033], [127.10242329832009, 37.41871821203402], [127.10242336096248, 37.41871858680331], [127.10242342356311, 37.41871893093801], [127.10242345457469, 37.418719305734705], [127.10242351721706, 37.41871968050399], [127.10242354818816, 37.41872002556712], [127.10245604797215, 37.4189872123582], [127.10245608011367, 37.41898758715388], [127.10245611112552, 37.418987961950556], [127.10245617263863, 37.41898833672079], [127.10245620478139, 37.418988712417494], [127.10245620416235, 37.418989087241556], [127.1024562363039, 37.41898946203725], [127.10245626731574, 37.418989836833916], [127.10245629832883, 37.4189902125316], [127.1024562977098, 37.41899058735567], [127.10245632985134, 37.41899096215137], [127.10246470472998, 37.419235993074786], [127.10246470524068, 37.41923636789786], [127.10246473516717, 37.4192367751321], [127.10246473567787, 37.41923714995519], [127.10246473505886, 37.41923752477925], [127.10246473556953, 37.41923789960234], [127.10246470557891, 37.41923827445185], [127.10246470496112, 37.41923865017693], [127.10246470547182, 37.41923902500002], [127.10246470489578, 37.419239431359664], [127.10246467377546, 37.41923980621017], [127.10246464152544, 37.41924018106164], [127.10246461040633, 37.41924055681316], [127.10246458041568, 37.41924093166268], [127.10244511052146, 37.4194840242901], [127.1024292989287, 37.41968518125722], [127.1024188916005, 37.419849774728554], [127.10241886165234, 37.41985018111361], [127.1024188294448, 37.41985058750064], [127.10241879832398, 37.419850962351084], [127.10241876724612, 37.41985136873713], [127.10241870453702, 37.419851775150576], [127.10241867345793, 37.41985218063559], [127.10241864125038, 37.41985258702261], [127.10235026775702, 37.42038286917479], [127.1021765440885, 37.42173028261811]]}, "properties": {"LINK_ID": "2040000402", "ROAD_NAME": "대왕판교로", "LANES": 4, "ROAD_RANK": "105", "MAX_SPD": 60, "LENGTH": 428.504120384592}}, {"type": "Feature", "geometry": {"type": "LineString", "coordinates": [[127.09619739527537, 37.40022575706397], [127.09602595891381, 37.40014128143998]]}, "properties": {"LINK_ID": "2060348500", "ROAD_NAME": "판교로", "LANES": 1, "ROAD_RANK": "107", "MAX_SPD": 40, "LENGTH": 17.841477426128}}, {"type": "Feature", "geometry": {"type": "LineString", "coordinates": [[127.09633555331186, 37.39975053897286], [127.09622039163361, 37.399693522788915]]}, "properties": {"LINK_ID": "2060349301", "ROAD_NAME": "서판교로", "LANES": 1, "ROAD_RANK": "107", "MAX_SPD": 40, "LENGTH": 12.00076833517}}, {"type": "Feature", "geometry": {"type": "LineString", "coordinates": [[127.11551035257995, 37.406270189412375], [127.11575119900168, 37.40627016164505], [127.11575175020906, 37.406270161580956], [127.11647536290216, 37.40627820616674], [127.11657093505879, 37.40620870190606], [127.11657093828481, 37.405924273591545]]}, "properties": {"LINK_ID": "2060351600", "ROAD_NAME": "동판교로266번길", "LANES": 1, "ROAD_RANK": "107", "MAX_SPD": 30, "LENGTH": 128.461777320094}}, {"type": "Feature", "geometry": {"type": "LineString", "coordinates": [[127.10358090529135, 37.418870004761594], [127.10367853170385, 37.418519235367896], [127.10370203638365, 37.41823960897895], [127.103830145223, 37.41679637690364], [127.10392049934723, 37.41579113573955]]}, "properties": {"LINK_ID": "2040411700", "ROAD_NAME": "분당내곡간도시고속화도로", "LANES": 3, "ROAD_RANK": "102", "MAX_SPD": 80, "LENGTH": 343.414754395231}}, {"type": "Feature", "geometry": {"type": "LineString", "coordinates": [[127.11687039466393, 37.391818765359126], [127.11687051955434, 37.39197019858001]]}, "properties": {"LINK_ID": "2060201701", "ROAD_NAME": "동판교로", "LANES": 2, "ROAD_RANK": "107", "MAX_SPD": 30, "LENGTH": 16.806842065831}}, {"type": "Feature", "geometry": {"type": "LineString", "coordinates": [[127.1003791886918, 37.405169136609814], [127.1003263393634, 37.405200376139184]]}, "properties": {"LINK_ID": "2060203501", "ROAD_NAME": "판교로255번길", "LANES": 2, "ROAD_RANK": "107", "MAX_SPD": 50, "LENGTH": 5.8236821555}}, {"type": "Feature", "geometry": {"type": "LineString", "coordinates": [[127.12043249317107, 37.39516833582854], [127.12045298596881, 37.394967819172514], [127.12047528533103, 37.39471656368214], [127.1205567504752, 37.39384219491865], [127.12056854056772, 37.39357369911254], [127.12058336135307, 37.39333677651518], [127.12056218233585, 37.39317230484704], [127.12045375833988, 37.39263602435083], [127.12028794272219, 37.39182684646107], [127.12012717673007, 37.39128479546517], [127.11988741914186, 37.3908261265232], [127.11954467377024, 37.390272853852544], [127.11895779300524, 37.38946766762294], [127.11881662461973, 37.38928950311282]]}, "properties": {"LINK_ID": "2060125000", "ROAD_NAME": "분당수서로", "LANES": 3, "ROAD_RANK": "102", "MAX_SPD": 60, "LENGTH": 685.621061581564}}, {"type": "Feature", "geometry": {"type": "LineString", "coordinates": [[127.10990532923086, 37.41438586844719], [127.10999151718417, 37.41438899411896], [127.11010948597925, 37.414387805789055], [127.11029017394523, 37.414375056443625], [127.11049111077507, 37.41434664981796], [127.11066304893221, 37.41432027476455], [127.11086757955927, 37.41429165059359], [127.11101167521716, 37.414269605744174], [127.11103507921555, 37.41426602520473], [127.11119332980397, 37.41423980639717], [127.11127673623939, 37.414233555944655], [127.11134507939, 37.41421968078345], [127.11147192301458, 37.414197024072216], [127.1115638610618, 37.414186056648475], [127.11163609267196, 37.41418394549896], [127.11165904867794, 37.414183274543014], [127.11178201800752, 37.4141852126639], [127.11190232986846, 37.41419658773995], [127.1119895797196, 37.414215025566456], [127.11208076654242, 37.41423211888033], [127.11211307955368, 37.4142378691792], [127.11214676730405, 37.414246209189606], [127.11220320448062, 37.41426018120522], [127.11246383005408, 37.41432643145929], [127.11266111095092, 37.41438202480036], [127.11277295468923, 37.414427369158545], [127.11278011914295, 37.414429903508754], [127.112843360971, 37.41445227461451], [127.11284448558781, 37.41445271233722], [127.1129099423606, 37.414466588602075], [127.11295862827562, 37.41447848599991], [127.11301480237303, 37.41449037712083], [127.11312762320132, 37.41450616589311], [127.11324017631078, 37.41450916665528], [127.11335275052427, 37.414506676481956]]}, "properties": {"LINK_ID": "2040008108", "ROAD_NAME": "사송로", "LANES": 1, "ROAD_RANK": "107", "MAX_SPD": 30, "LENGTH": 313.006273250148}}, {"type": "Feature", "geometry": {"type": "LineString", "coordinates": [[127.11884339891587, 37.40842474271101], [127.11876272604717, 37.40853264332699]]}, "properties": {"LINK_ID": "2060149400", "ROAD_NAME": "분당수서로", "LANES": 1, "ROAD_RANK": "102", "MAX_SPD": 40, "LENGTH": 13.943522433429}}, {"type": "Feature", "geometry": {"type": "LineString", "coordinates": [[127.10150506287766, 37.39500591582965], [127.10161183719063, 37.39522153414595], [127.10169915513347, 37.39530183382522], [127.10182158992664, 37.395378251337426], [127.10198674859095, 37.39543481210586], [127.10216467469321, 37.3954474115751], [127.10242798288911, 37.395432296204696], [127.10287979344704, 37.39532580596451], [127.1036083719608, 37.3950282300021], [127.10376906475999, 37.394980764727784], [127.10390486990211, 37.394961402351306], [127.10408880769565, 37.394980199532235]]}, "properties": {"LINK_ID": "2060284100", "ROAD_NAME": "경부고속도로", "LANES": 2, "ROAD_RANK": "101", "MAX_SPD": 40, "LENGTH": 264.404861124172}}, {"type": "Feature", "geometry": {"type": "LineString", "coordinates": [[127.10380876358998, 37.40561934996164], [127.10370022462963, 37.40555459304314]]}, "properties": {"LINK_ID": "2060350802", "ROAD_NAME": "대왕판교로712번길", "LANES": 1, "ROAD_RANK": "107", "MAX_SPD": 50, "LENGTH": 12.000002815182}}, {"type": "Feature", "geometry": {"type": "LineString", "coordinates": [[127.09598247367506, 37.39999170022938], [127.09622039163361, 37.399693522788915]]}, "properties": {"LINK_ID": "2060349100", "ROAD_NAME": "-", "LANES": 1, "ROAD_RANK": "107", "MAX_SPD": 40, "LENGTH": 39.229407480561}}, {"type": "Feature", "geometry": {"type": "LineString", "coordinates": [[127.08154290740387, 37.39145587789464], [127.08147474536715, 37.391315272259305]]}, "properties": {"LINK_ID": "2060198802", "ROAD_NAME": "운중로165번길", "LANES": 1, "ROAD_RANK": "107", "MAX_SPD": 30, "LENGTH": 16.731796398823}}, {"type": "Feature", "geometry": {"type": "LineString", "coordinates": [[127.1021765440885, 37.42173028261811], [127.10218805489717, 37.42170834093337], [127.10261845169383, 37.4210455840068], [127.1029120186781, 37.42057027818423]]}, "properties": {"LINK_ID": "2040412900", "ROAD_NAME": "분당내곡간도시고속화도로", "LANES": 3, "ROAD_RANK": "102", "MAX_SPD": 80, "LENGTH": 144.28241506808}}, {"type": "Feature", "geometry": {"type": "LineString", "coordinates": [[127.10145582114663, 37.40863250954621], [127.10133916280367, 37.40856922368448], [127.10122304906452, 37.40851113529569], [127.10088618042514, 37.408347919669914], [127.1005556807369, 37.408204454323354], [127.10043067020048, 37.40815508467875], [127.10010781947628, 37.40803403255425], [127.09980393228143, 37.40792851424043], [127.09605402058367, 37.40671865507535]]}, "properties": {"LINK_ID": "2040340300", "ROAD_NAME": "제2경인고속도로", "LANES": 2, "ROAD_RANK": "101", "MAX_SPD": 100, "LENGTH": 524.229905257423}}, {"type": "Feature", "geometry": {"type": "LineString", "coordinates": [[127.11516943645796, 37.42221495188331], [127.1149016985538, 37.42224906964606], [127.11471439939037, 37.42227293674476], [127.11442579987174, 37.42229385154238], [127.11378177457519, 37.42233107699175], [127.11361375548655, 37.42233522468804], [127.1132136593506, 37.42235018158238], [127.11297077452694, 37.42236349310669], [127.11266704000867, 37.422371365933294], [127.11236189094673, 37.42232702986282], [127.1121169674642, 37.42231344980112], [127.11188367702516, 37.422286314126936], [127.11165775650602, 37.42224585579395], [127.11143602909794, 37.4221935104566], [127.1112191865565, 37.422129459492865], [127.11100819982506, 37.42205398944207], [127.11080401166626, 37.42196743733305], [127.11060753553176, 37.42187019158547], [127.11041965103281, 37.42176268570617], [127.11024119942667, 37.42164540279749], [127.11007297908392, 37.421518866550485], [127.10991574210254, 37.42138364395012], [127.10977019203928, 37.42124033896926], [127.10963698165301, 37.421089594371814], [127.10951670385302, 37.420932081808914], [127.10940990188173, 37.420768511719835], [127.10931704894578, 37.4205996090224], [127.10923856180403, 37.42042613382308], [127.10917484728014, 37.42024901472384], [127.10911813874718, 37.42003328770891], [127.10907370189858, 37.419799334358196], [127.10903801466334, 37.41956610814236], [127.10899657436701, 37.41929871249791], [127.10896228787992, 37.419093967930685], [127.10891262787354, 37.418827624090646], [127.10888568429019, 37.418713189540846]]}, "properties": {"LINK_ID": "2040341300", "ROAD_NAME": "제2경인고속도로", "LANES": 2, "ROAD_RANK": "101", "MAX_SPD": 80, "LENGTH": 812.848082572987}}, {"type": "Feature", "geometry": {"type": "LineString", "coordinates": [[127.11475081585279, 37.415409233453346], [127.11463752244671, 37.415338843355016]]}, "properties": {"LINK_ID": "2040008205", "ROAD_NAME": "사송로", "LANES": 2, "ROAD_RANK": "107", "MAX_SPD": 60, "LENGTH": 12.712954961699}}, {"type": "Feature", "geometry": {"type": "LineString", "coordinates": [[127.09938675871165, 37.410824510664575], [127.09932829845872, 37.41058633704352], [127.09932767328691, 37.41058336870969], [127.09932726724763, 37.41058040019177], [127.09932704867187, 37.41057739998068], [127.09932704922859, 37.410574399585485], [127.0993272667015, 37.410571431444765], [127.09932767389577, 37.41056843070795], [127.0994651427431, 37.40978527513546], [127.09946551744724, 37.4097833376282], [127.09946598594463, 37.409781431577684], [127.09956461044143, 37.40941443086599], [127.09956567342466, 37.40941108718809], [127.09968329839089, 37.40907858751512], [127.09968367319802, 37.40907758706729], [127.09993351782944, 37.408419337133545], [127.09999867287522, 37.40823658677056], [127.10002148649183, 37.408172619395486], [127.10014658416266, 37.40782173135536]]}, "properties": {"LINK_ID": "2040057800", "ROAD_NAME": "대왕판교로", "LANES": 4, "ROAD_RANK": "105", "MAX_SPD": 60, "LENGTH": 342.919418712991}}, {"type": "Feature", "geometry": {"type": "LineString", "coordinates": [[127.09641087304688, 37.39966065186387], [127.09655162865867, 37.39973572083352], [127.0966240337157, 37.39982019188469], [127.09660543015048, 37.399919398695204], [127.09638354054492, 37.40019305192201]]}, "properties": {"LINK_ID": "2060349200", "ROAD_NAME": "서판교로", "LANES": 1, "ROAD_RANK": "107", "MAX_SPD": 40, "LENGTH": 73.6540340677}}, {"type": "Feature", "geometry": {"type": "LineString", "coordinates": [[127.1117195028137, 37.39725431218965], [127.11171949783315, 37.397724535630516], [127.11173739463409, 37.39776629367158], [127.11178592095646, 37.39781805382723], [127.11180870235714, 37.39782944462369], [127.11218356473482, 37.39782944727713], [127.11221294367833, 37.39782553059272], [127.11223413691037, 37.39780198324122]]}, "properties": {"LINK_ID": "2060333100", "ROAD_NAME": "대왕판교로606번길", "LANES": 1, "ROAD_RANK": "107", "MAX_SPD": 30, "LENGTH": 105.687566388875}}, {"type": "Feature", "geometry": {"type": "LineString", "coordinates": [[127.10153201493684, 37.408543087992825], [127.1017211567461, 37.40864558504784], [127.10201326920564, 37.40881902293682], [127.10211261171739, 37.408886264074184], [127.10237228170486, 37.409062363664155], [127.10260965536489, 37.40924049220485], [127.1027189004224, 37.409330887644764], [127.10295369524432, 37.40952917533586], [127.10318060887866, 37.40973532361868], [127.10338777996317, 37.409931253387214]]}, "properties": {"LINK_ID": "2040340600", "ROAD_NAME": "제2경인고속도로", "LANES": 2, "ROAD_RANK": "101", "MAX_SPD": 100, "LENGTH": 226.146989829278}}, {"type": "Feature", "geometry": {"type": "LineString", "coordinates": [[127.11615204360818, 37.404252166231124], [127.1162552372884, 37.40430415415732]]}, "properties": {"LINK_ID": "2060359501", "ROAD_NAME": "판교로", "LANES": 3, "ROAD_RANK": "107", "MAX_SPD": 50, "LENGTH": 10.805975182195}}, {"type": "Feature", "geometry": {"type": "LineString", "coordinates": [[127.09014280885766, 37.40597985148947], [127.08962917307275, 37.40575375034329], [127.08929358719936, 37.405650053552215], [127.08872670030708, 37.405485835076576], [127.08827675824992, 37.40537385067419], [127.08766587548934, 37.40524891018965], [127.08716780482852, 37.40515703467227], [127.08666116746916, 37.405082027732035], [127.08644371998216, 37.405071126884], [127.08623328996923, 37.40506813688313], [127.08615547936348, 37.405078940436454]]}, "properties": {"LINK_ID": "2040423801", "ROAD_NAME": "-", "LANES": 1, "ROAD_RANK": "107", "MAX_SPD": 50, "LENGTH": 370.565065419251}}, {"type": "Feature", "geometry": {"type": "LineString", "coordinates": [[127.10477891736163, 37.403280278635684], [127.10382802832544, 37.403262756134], [127.10259601006324, 37.40322495862627]]}, "properties": {"LINK_ID": "2060208100", "ROAD_NAME": "판교로", "LANES": 3, "ROAD_RANK": "107", "MAX_SPD": 50, "LENGTH": 193.37659543549}}, {"type": "Feature", "geometry": {"type": "LineString", "coordinates": [[127.10961817129717, 37.40248659965138], [127.10866378838682, 37.40247868751603], [127.10651992277457, 37.40246252509928], [127.10651987999687, 37.403164995840804]]}, "properties": {"LINK_ID": "2060350100", "ROAD_NAME": "판교역로241번길", "LANES": 1, "ROAD_RANK": "107", "MAX_SPD": 50, "LENGTH": 352.29721018506}}, {"type": "Feature", "geometry": {"type": "LineString", "coordinates": [[127.09551184341247, 37.40036362744117], [127.09472994730775, 37.39996761068681]]}, "properties": {"LINK_ID": "2060207902", "ROAD_NAME": "판교로", "LANES": 3, "ROAD_RANK": "107", "MAX_SPD": 60, "LENGTH": 82.00477345794}}, {"type": "Feature", "geometry": {"type": "LineString", "coordinates": [[127.11313080628142, 37.38554563275626], [127.11306834503311, 37.385762047694946], [127.1130065751876, 37.386010038561196], [127.11298306017355, 37.38626752927065], [127.11298100164902, 37.386488763024865], [127.11302314897034, 37.38799349315318], [127.11302752587896, 37.39177696800091], [127.11302503841195, 37.392461255199926]]}, "properties": {"LINK_ID": "2060112302", "ROAD_NAME": "분당내곡간도시고속화도로", "LANES": 3, "ROAD_RANK": "102", "MAX_SPD": 80, "LENGTH": 768.816690359763}}, {"type": "Feature", "geometry": {"type": "LineString", "coordinates": [[127.10959111804651, 37.39981245206773], [127.10958928227363, 37.39870518863961], [127.10960299043715, 37.397783714329414]]}, "properties": {"LINK_ID": "2060197600", "ROAD_NAME": "판교역로", "LANES": 3, "ROAD_RANK": "107", "MAX_SPD": 50, "LENGTH": 225.167295959071}}, {"type": "Feature", "geometry": {"type": "LineString", "coordinates": [[127.08875456696707, 37.409220599836374], [127.08865020862044, 37.409151613561754]]}, "properties": {"LINK_ID": "2040007202", "ROAD_NAME": "둔토로", "LANES": 1, "ROAD_RANK": "107", "MAX_SPD": 30, "LENGTH": 11.999274209248}}, {"type": "Feature", "geometry": {"type": "LineString", "coordinates": [[127.10417020191353, 37.39314978246868], [127.10409370566555, 37.39335343378073]]}, "properties": {"LINK_ID": "2060330801", "ROAD_NAME": "대왕판교로560번길", "LANES": 1, "ROAD_RANK": "107", "MAX_SPD": 60, "LENGTH": 23.595497702028}}, {"type": "Feature", "geometry": {"type": "LineString", "coordinates": [[127.09609717709402, 37.40004929131379], [127.09602595891381, 37.40014128143998]]}, "properties": {"LINK_ID": "2060349002", "ROAD_NAME": "-", "LANES": 1, "ROAD_RANK": "107", "MAX_SPD": 40, "LENGTH": 11.999960555516}}, {"type": "Feature", "geometry": {"type": "LineString", "coordinates": [[127.10961698549507, 37.402378461567785], [127.10960190782222, 37.401003470687236]]}, "properties": {"LINK_ID": "2060207103", "ROAD_NAME": "판교역로", "LANES": 3, "ROAD_RANK": "107", "MAX_SPD": 50, "LENGTH": 152.609634769906}}, {"type": "Feature", "geometry": {"type": "LineString", "coordinates": [[127.09270178822582, 37.40253231917419], [127.09254735667183, 37.40272617146683]]}, "properties": {"LINK_ID": "2060203204", "ROAD_NAME": "서판교로", "LANES": 1, "ROAD_RANK": "107", "MAX_SPD": 30, "LENGTH": 25.492088438598}}, {"type": "Feature", "geometry": {"type": "LineString", "coordinates": [[127.11798544996394, 37.41736856889001], [127.11799782973506, 37.41741968079235], [127.11808161105027, 37.417633774579606], [127.11819561072394, 37.41792518149158], [127.11833211138757, 37.4182370558119], [127.11845464212674, 37.41847621287572], [127.11913026686747, 37.41945211856689], [127.11918650016761, 37.41953640680333]]}, "properties": {"LINK_ID": "2040411800", "ROAD_NAME": "분당수서로", "LANES": 3, "ROAD_RANK": "102", "MAX_SPD": 80, "LENGTH": 264.208335427689}}, {"type": "Feature", "geometry": {"type": "LineString", "coordinates": [[127.11174653261224, 37.39988241673296], [127.11120157894693, 37.39988155039098]]}, "properties": {"LINK_ID": "2060182104", "ROAD_NAME": "대왕판교로644번길", "LANES": 3, "ROAD_RANK": "107", "MAX_SPD": 50, "LENGTH": 48.252187886341}}, {"type": "Feature", "geometry": {"type": "LineString", "coordinates": [[127.11158398206227, 37.39714575746767], [127.1115839868449, 37.396699573360365], [127.11164197332604, 37.39663514604919], [127.11171976218391, 37.39659625297035], [127.11235695043132, 37.396596257204045]]}, "properties": {"LINK_ID": "2060353300", "ROAD_NAME": "대왕판교로606번길", "LANES": 1, "ROAD_RANK": "107", "MAX_SPD": 30, "LENGTH": 122.872961779251}}, {"type": "Feature", "geometry": {"type": "LineString", "coordinates": [[127.10338777996317, 37.409931253387214], [127.10365122347861, 37.410194959018], [127.10385902835485, 37.410417754641465], [127.10394492314313, 37.41051383234504], [127.10412882204946, 37.410751595506554], [127.10420080569244, 37.41084909986981], [127.10507399977031, 37.412083017930065]]}, "properties": {"LINK_ID": "2040340900", "ROAD_NAME": "제2경인고속도로", "LANES": 2, "ROAD_RANK": "101", "MAX_SPD": 100, "LENGTH": 282.16504387728}}, {"type": "Feature", "geometry": {"type": "LineString", "coordinates": [[127.08217630915016, 37.39093767546158], [127.08156683418723, 37.3910053893907]]}, "properties": {"LINK_ID": "2060345600", "ROAD_NAME": "운중로166번길", "LANES": 1, "ROAD_RANK": "107", "MAX_SPD": 10, "LENGTH": 54.492107556795}}, {"type": "Feature", "geometry": {"type": "LineString", "coordinates": [[127.08993131529061, 37.40653549002656], [127.08988801178856, 37.40660904068571]]}, "properties": {"LINK_ID": "2040424803", "ROAD_NAME": "-", "LANES": 1, "ROAD_RANK": "107", "MAX_SPD": 50, "LENGTH": 9.018543216992}}, {"type": "Feature", "geometry": {"type": "LineString", "coordinates": [[127.10507399977031, 37.412083017930065], [127.10543001190548, 37.41258553289062], [127.10751471897011, 37.41554133993098], [127.10770982512626, 37.4158195590645], [127.10785604032365, 37.416034226784994], [127.1080068627549, 37.416267597053526], [127.10813417552077, 37.41648015167225], [127.108220405523, 37.416629433698716], [127.1082288863379, 37.41664476667524], [127.10832674899315, 37.41682173437507], [127.108436195725, 37.417037247742456], [127.10855454490613, 37.41729279948748], [127.10866994768529, 37.41756793924555], [127.10878043282237, 37.41786341848351], [127.10888884529524, 37.41819671434482], [127.10897972383701, 37.418526777180254], [127.10901891646463, 37.41869323349531]]}, "properties": {"LINK_ID": "2040341400", "ROAD_NAME": "제2경인고속도로", "LANES": 2, "ROAD_RANK": "101", "MAX_SPD": 80, "LENGTH": 816.790891551931}}, {"type": "Feature", "geometry": {"type": "LineString", "coordinates": [[127.08998060866327, 37.40855060042783], [127.09011441115422, 37.40852594476544]]}, "properties": {"LINK_ID": "2040426502", "ROAD_NAME": "달래내로", "LANES": 1, "ROAD_RANK": "107", "MAX_SPD": 50, "LENGTH": 12.157918862418}}, {"type": "Feature", "geometry": {"type": "LineString", "coordinates": [[127.09526880238123, 37.399258804369005], [127.09500658404743, 37.39957849895073], [127.09481748684159, 37.399849500296305]]}, "properties": {"LINK_ID": "2060180802", "ROAD_NAME": "서판교로", "LANES": 2, "ROAD_RANK": "107", "MAX_SPD": 30, "LENGTH": 76.826263170443}}, {"type": "Feature", "geometry": {"type": "LineString", "coordinates": [[127.1003263393634, 37.405200376139184], [127.100269544291, 37.4051465938892]]}, "properties": {"LINK_ID": "2060197402", "ROAD_NAME": "판교로227번길", "LANES": 2, "ROAD_RANK": "107", "MAX_SPD": 50, "LENGTH": 7.804810150986}}, {"type": "Feature", "geometry": {"type": "LineString", "coordinates": [[127.09974720978371, 37.41229283851598], [127.09972849937289, 37.41221661509752]]}, "properties": {"LINK_ID": "2040411301", "ROAD_NAME": "대왕판교로", "LANES": 4, "ROAD_RANK": "105", "MAX_SPD": 60, "LENGTH": 8.620331527657}}, {"type": "Feature", "geometry": {"type": "LineString", "coordinates": [[127.09863960905736, 37.392679699473085], [127.09926445268178, 37.392672731528094]]}, "properties": {"LINK_ID": "2060283605", "ROAD_NAME": "서판교로66번길", "LANES": 1, "ROAD_RANK": "107", "MAX_SPD": 30, "LENGTH": 55.336513596853}}, {"type": "Feature", "geometry": {"type": "LineString", "coordinates": [[127.09592612586877, 37.40057345059486], [127.095626289351, 37.400421591546156]]}, "properties": {"LINK_ID": "2060207904", "ROAD_NAME": "판교로", "LANES": 3, "ROAD_RANK": "107", "MAX_SPD": 50, "LENGTH": 31.446394213628}}, {"type": "Feature", "geometry": {"type": "LineString", "coordinates": [[127.10209597137127, 37.4179234736045], [127.1020407983588, 37.41775011937857], [127.10192717329585, 37.417429525144634], [127.10168667319435, 37.416804274995876], [127.10168626726092, 37.41680314997297], [127.10143245543195, 37.41608855577425], [127.10114826732101, 37.41537821181014], [127.10083711133059, 37.41474846278307], [127.10083682921908, 37.414747837716654], [127.10050689151876, 37.414054306223996], [127.1005065165349, 37.41405349382374], [127.10044154841589, 37.41390983658249]]}, "properties": {"LINK_ID": "2040000301", "ROAD_NAME": "대왕판교로", "LANES": 4, "ROAD_RANK": "105", "MAX_SPD": 60, "LENGTH": 469.299176011565}}, {"type": "Feature", "geometry": {"type": "LineString", "coordinates": [[127.09266520567648, 37.39890918281526], [127.09247363858226, 37.39881180885869], [127.09230845231869, 37.39873389416766], [127.09214139367886, 37.398658566634886], [127.09188847359631, 37.39856358316398], [127.09163915871301, 37.39846271989505], [127.09139366036725, 37.39835606138324], [127.09115219216284, 37.39824370119358], [127.09091496092542, 37.39812573469961], [127.09068217235661, 37.398002265386246], [127.09045402763823, 37.397873398544924], [127.09023072117778, 37.39773924487949], [127.09001244625519, 37.39759992050159], [127.08979939050303, 37.397455545132104], [127.08959173816635, 37.39730624300024], [127.08943491874119, 37.397186652260544]]}, "properties": {"LINK_ID": "2060180402", "ROAD_NAME": "판교로", "LANES": 2, "ROAD_RANK": "107", "MAX_SPD": 50, "LENGTH": 345.573749312447}}, {"type": "Feature", "geometry": {"type": "LineString", "coordinates": [[127.1153144927275, 37.408008823026435], [127.11534633408121, 37.40778948804178], [127.11537189166062, 37.40756643278511], [127.11539069288763, 37.407342950718125], [127.11540272672623, 37.40711917160154], [127.11540338230812, 37.40676571461266]]}, "properties": {"LINK_ID": "2060360603", "ROAD_NAME": "동판교로", "LANES": 2, "ROAD_RANK": "107", "MAX_SPD": 30, "LENGTH": 138.311484396203}}, {"type": "Feature", "geometry": {"type": "LineString", "coordinates": [[127.11677350597475, 37.39981492304323], [127.11678056150146, 37.39939580707012], [127.1167848094683, 37.39879340722991], [127.11677817688201, 37.39836917903177]]}, "properties": {"LINK_ID": "2060199600", "ROAD_NAME": "동판교로", "LANES": 2, "ROAD_RANK": "107", "MAX_SPD": 50, "LENGTH": 160.465223992385}}, {"type": "Feature", "geometry": {"type": "LineString", "coordinates": [[127.1128200766011, 37.39713914840233], [127.1130732241101, 37.397138108398444]]}, "properties": {"LINK_ID": "2060332801", "ROAD_NAME": "대왕판교로606번길", "LANES": 1, "ROAD_RANK": "107", "MAX_SPD": 30, "LENGTH": 22.415675461304}}, {"type": "Feature", "geometry": {"type": "LineString", "coordinates": [[127.0857804021042, 37.39163933245052], [127.0854328658921, 37.3906533310749]]}, "properties": {"LINK_ID": "2060180401", "ROAD_NAME": "판교로", "LANES": 2, "ROAD_RANK": "107", "MAX_SPD": 50, "LENGTH": 113.676630089414}}, {"type": "Feature", "geometry": {"type": "LineString", "coordinates": [[127.11307089924001, 37.39165049091671], [127.11307070497469, 37.391801776533676]]}, "properties": {"LINK_ID": "2060192301", "ROAD_NAME": "분당내곡로", "LANES": 3, "ROAD_RANK": "107", "MAX_SPD": 50, "LENGTH": 16.79046350137}}, {"type": "Feature", "geometry": {"type": "LineString", "coordinates": [[127.10219373047265, 37.403955235964226], [127.10228738890157, 37.40398471546514]]}, "properties": {"LINK_ID": "2060203801", "ROAD_NAME": "판교로255번길", "LANES": 1, "ROAD_RANK": "107", "MAX_SPD": 30, "LENGTH": 8.914503453076}}, {"type": "Feature", "geometry": {"type": "LineString", "coordinates": [[127.10975791819172, 37.403942177127796], [127.11033793345256, 37.40398767089885], [127.11083287854014, 37.40408073840553], [127.11159818514881, 37.4042863436729]]}, "properties": {"LINK_ID": "2060332700", "ROAD_NAME": "-", "LANES": 1, "ROAD_RANK": "107", "MAX_SPD": 50, "LENGTH": 168.122277254848}}, {"type": "Feature", "geometry": {"type": "LineString", "coordinates": [[127.10370022462963, 37.40555459304314], [127.10378587784312, 37.40547011165572]]}, "properties": {"LINK_ID": "2060332301", "ROAD_NAME": "대왕판교로712번길", "LANES": 1, "ROAD_RANK": "107", "MAX_SPD": 50, "LENGTH": 12.059105726194}}, {"type": "Feature", "geometry": {"type": "LineString", "coordinates": [[127.11222142400433, 37.39714619332148], [127.11222142850802, 37.396704379252995]]}, "properties": {"LINK_ID": "2060357700", "ROAD_NAME": "대왕판교로606번길", "LANES": 1, "ROAD_RANK": "107", "MAX_SPD": 30, "LENGTH": 49.034836540256}}, {"type": "Feature", "geometry": {"type": "LineString", "coordinates": [[127.09536266090718, 37.40676492150424], [127.09536083029141, 37.40676546225265], [127.09463491834836, 37.406820987390184]]}, "properties": {"LINK_ID": "2060011204", "ROAD_NAME": "수도권제1순환고속도로", "LANES": 2, "ROAD_RANK": "101", "MAX_SPD": 40, "LENGTH": 64.736443526562}}, {"type": "Feature", "geometry": {"type": "LineString", "coordinates": [[127.11283016055852, 37.39988413165285], [127.11188205922953, 37.3998826317756]]}, "properties": {"LINK_ID": "2060182103", "ROAD_NAME": "대왕판교로644번길", "LANES": 3, "ROAD_RANK": "107", "MAX_SPD": 60, "LENGTH": 83.948352878104}}, {"type": "Feature", "geometry": {"type": "LineString", "coordinates": [[127.10684210813027, 37.3962911044676], [127.10683117107264, 37.3962406597151]]}, "properties": {"LINK_ID": "2060181601", "ROAD_NAME": "대왕판교로", "LANES": 4, "ROAD_RANK": "105", "MAX_SPD": 60, "LENGTH": 5.681765425417}}, {"type": "Feature", "geometry": {"type": "LineString", "coordinates": [[127.11605995312026, 37.40433265077413], [127.11537689203276, 37.403986635106]]}, "properties": {"LINK_ID": "2060359600", "ROAD_NAME": "판교로", "LANES": 3, "ROAD_RANK": "107", "MAX_SPD": 50, "LENGTH": 71.639751425106}}, {"type": "Feature", "geometry": {"type": "LineString", "coordinates": [[127.1052623358751, 37.402358209510524], [127.10642606374569, 37.39976627415645], [127.10651665168076, 37.39958814452098], [127.10660075659362, 37.3994132472124], [127.10668050438329, 37.39922987786457], [127.10675320052384, 37.39904611296868], [127.1068174624848, 37.39886656701501], [127.10687404737322, 37.398675584991054], [127.1068796308113, 37.39864996291993]]}, "properties": {"LINK_ID": "2060201402", "ROAD_NAME": "대왕판교로", "LANES": 3, "ROAD_RANK": "105", "MAX_SPD": 60, "LENGTH": 436.00748329961}}, {"type": "Feature", "geometry": {"type": "LineString", "coordinates": [[127.10973532533579, 37.399879206939225], [127.10958958484633, 37.399879644852255]]}, "properties": {"LINK_ID": "2060182110", "ROAD_NAME": "대왕판교로644번길", "LANES": 3, "ROAD_RANK": "107", "MAX_SPD": 50, "LENGTH": 12.904461074547}}, {"type": "Feature", "geometry": {"type": "LineString", "coordinates": [[127.102512502517, 37.4054986572011], [127.10297679443467, 37.405248750280954], [127.10327775198273, 37.405049665954785], [127.10350703708103, 37.40488783323381], [127.10380076248579, 37.404647272724105], [127.10397804247991, 37.404481194065156], [127.10418931304248, 37.40426073023495], [127.1043325216444, 37.4040932511336], [127.10455979844262, 37.4037797980075], [127.10473152595893, 37.40349214120681], [127.1049067634837, 37.40315012696622], [127.1052623358751, 37.402358209510524]]}, "properties": {"LINK_ID": "2060201400", "ROAD_NAME": "대왕판교로", "LANES": 3, "ROAD_RANK": "105", "MAX_SPD": 60, "LENGTH": 436.007483299547}}, {"type": "Feature", "geometry": {"type": "LineString", "coordinates": [[127.11173126084844, 37.401020544072374], [127.11173479443057, 37.40091242159132]]}, "properties": {"LINK_ID": "2060350401", "ROAD_NAME": "판교역로226번길", "LANES": 1, "ROAD_RANK": "107", "MAX_SPD": 50, "LENGTH": 12.004084636992}}, {"type": "Feature", "geometry": {"type": "LineString", "coordinates": [[127.07989347382598, 37.39065589293751], [127.07995553988786, 37.39096622944551], [127.08000204155915, 37.39100239657577], [127.08004847852582, 37.391012716097485], [127.0803144942709, 37.39099405086473]]}, "properties": {"LINK_ID": "2060345300", "ROAD_NAME": "운중로166번길", "LANES": 1, "ROAD_RANK": "107", "MAX_SPD": 30, "LENGTH": 68.545409755834}}, {"type": "Feature", "geometry": {"type": "LineString", "coordinates": [[127.10612056012353, 37.4213781836527], [127.1062108268604, 37.42131253804902], [127.10639855149468, 37.421218679616], [127.10642169187125, 37.421177542643676], [127.10642169203987, 37.42114493210752], [127.10637224012491, 37.42096360623954], [127.10635822248945, 37.420814065212774], [127.10638014917514, 37.420770213711855]]}, "properties": {"LINK_ID": "2040404300", "ROAD_NAME": "설개로", "LANES": 1, "ROAD_RANK": "107", "MAX_SPD": 10, "LENGTH": 81.526827714155}}, {"type": "Feature", "geometry": {"type": "LineString", "coordinates": [[127.10344038039896, 37.40519791515434], [127.10333776457199, 37.40526903245653]]}, "properties": {"LINK_ID": "2060181003", "ROAD_NAME": "대왕판교로", "LANES": 2, "ROAD_RANK": "105", "MAX_SPD": 60, "LENGTH": 12.035035095099}}, {"type": "Feature", "geometry": {"type": "LineString", "coordinates": [[127.09462391647756, 37.40849277693124], [127.09555242590775, 37.40856658926153]]}, "properties": {"LINK_ID": "2040389701", "ROAD_NAME": "달래내로", "LANES": 2, "ROAD_RANK": "107", "MAX_SPD": 50, "LENGTH": 82.611164018264}}, {"type": "Feature", "geometry": {"type": "LineString", "coordinates": [[127.1040896337881, 37.391523648364256], [127.10425805441407, 37.39176926059251], [127.1045655934271, 37.39203989129745], [127.10466768097756, 37.39213347034991], [127.10474766641491, 37.39221878759782], [127.10473034053477, 37.39234583175523], [127.10428907803625, 37.39283330350035], [127.10417020191353, 37.39314978246868]]}, "properties": {"LINK_ID": "2060330802", "ROAD_NAME": "대왕판교로560번길", "LANES": 1, "ROAD_RANK": "107", "MAX_SPD": 60, "LENGTH": 214.799206470693}}, {"type": "Feature", "geometry": {"type": "LineString", "coordinates": [[127.08918640259041, 37.40779519841296], [127.08929123777656, 37.40775240466834]]}, "properties": {"LINK_ID": "2040427501", "ROAD_NAME": "외동로2길", "LANES": 1, "ROAD_RANK": "107", "MAX_SPD": 30, "LENGTH": 10.426106681924}}, {"type": "Feature", "geometry": {"type": "LineString", "coordinates": [[127.10250380563117, 37.40638747227894], [127.10274852546863, 37.4063548447695], [127.10275464099497, 37.40635321405985], [127.10280361079667, 37.4063401562118], [127.10286922552004, 37.40631828544724], [127.1031169311631, 37.40617674557826], [127.10370022462963, 37.40555459304314]]}, "properties": {"LINK_ID": "2060332300", "ROAD_NAME": "대왕판교로712번길", "LANES": 1, "ROAD_RANK": "107", "MAX_SPD": 50, "LENGTH": 146.607317666937}}, {"type": "Feature", "geometry": {"type": "LineString", "coordinates": [[127.11884339891587, 37.40842474271101], [127.11859724536242, 37.40849083675448]]}, "properties": {"LINK_ID": "2060149601", "ROAD_NAME": "야탑로", "LANES": 2, "ROAD_RANK": "107", "MAX_SPD": 50, "LENGTH": 22.994256947786}}, {"type": "Feature", "geometry": {"type": "LineString", "coordinates": [[127.08605368431189, 37.40501382432935], [127.08604448598126, 37.40498522558212], [127.08591207838273, 37.40479209353598]]}, "properties": {"LINK_ID": "2040423101", "ROAD_NAME": "-", "LANES": 1, "ROAD_RANK": "107", "MAX_SPD": 50, "LENGTH": 27.708011153316}}, {"type": "Feature", "geometry": {"type": "LineString", "coordinates": [[127.09602595891381, 37.40014128143998], [127.09590931258221, 37.40008271501952]]}, "properties": {"LINK_ID": "2060348502", "ROAD_NAME": "판교로", "LANES": 1, "ROAD_RANK": "107", "MAX_SPD": 40, "LENGTH": 12.20338465002}}, {"type": "Feature", "geometry": {"type": "LineString", "coordinates": [[127.10635075258651, 37.39981156155937], [127.10644111986147, 37.39964347486245], [127.10653050672701, 37.39946270269814], [127.10661331959926, 37.39927993341863], [127.10668948308636, 37.399095332893474], [127.10675861692602, 37.39890990431516], [127.10681333849429, 37.39872128287735], [127.10686846610483, 37.398514982104025], [127.10690709039723, 37.398306582424226], [127.10693715937762, 37.39809646861042], [127.10695848936952, 37.397885674306465], [127.1069710570598, 37.3976744320016], [127.10697485042951, 37.397462974172896], [127.10696986791626, 37.39725173871894], [127.10695474187389, 37.39704941092037], [127.10693348794678, 37.39684697963105], [127.1069061532974, 37.39664501515162], [127.10687276536616, 37.39644372018292], [127.10684210813027, 37.3962911044676]]}, "properties": {"LINK_ID": "2060181600", "ROAD_NAME": "대왕판교로", "LANES": 4, "ROAD_RANK": "105", "MAX_SPD": 60, "LENGTH": 399.363954231297}}, {"type": "Feature", "geometry": {"type": "LineString", "coordinates": [[127.11672707197279, 37.42141953800552], [127.1168002988253, 37.42103864996906], [127.11685770481654, 37.4206874621249], [127.1168745477357, 37.42058436814191], [127.11688281245696, 37.420554461238744], [127.11697354873692, 37.420226119325385]]}, "properties": {"LINK_ID": "2040412302", "ROAD_NAME": "탄천로", "LANES": 3, "ROAD_RANK": "107", "MAX_SPD": 50, "LENGTH": 134.327354770102}}, {"type": "Feature", "geometry": {"type": "LineString", "coordinates": [[127.08862710524654, 37.408197997319725], [127.08870559988216, 37.408109851292934]]}, "properties": {"LINK_ID": "2040427502", "ROAD_NAME": "외동로2길", "LANES": 1, "ROAD_RANK": "107", "MAX_SPD": 30, "LENGTH": 11.999999999967}}, {"type": "Feature", "geometry": {"type": "LineString", "coordinates": [[127.10013585293174, 37.39514201666202], [127.10019939110676, 37.394789056607934]]}, "properties": {"LINK_ID": "2060331702", "ROAD_NAME": "판교로210번길", "LANES": 1, "ROAD_RANK": "107", "MAX_SPD": 30, "LENGTH": 39.575302810499}}, {"type": "Feature", "geometry": {"type": "LineString", "coordinates": [[127.08143231232812, 37.391018448862674], [127.08141514009641, 37.39091116935551]]}, "properties": {"LINK_ID": "2060345501", "ROAD_NAME": "운중로166번길", "LANES": 1, "ROAD_RANK": "107", "MAX_SPD": 40, "LENGTH": 12.003137825717}}, {"type": "Feature", "geometry": {"type": "LineString", "coordinates": [[127.09326301079682, 37.40874872219187], [127.09294986452193, 37.408680997129636], [127.09279605517104, 37.40865342690735], [127.09275370055147, 37.40864990021295], [127.09268451604807, 37.40864515563653]]}, "properties": {"LINK_ID": "2040421801", "ROAD_NAME": "경부고속도로", "LANES": 2, "ROAD_RANK": "101", "MAX_SPD": 30, "LENGTH": 52.599317549705}}, {"type": "Feature", "geometry": {"type": "LineString", "coordinates": [[127.09204657340331, 37.403645317371335], [127.09245664931782, 37.40364531998913], [127.09281637079773, 37.403565386139604], [127.09299767567563, 37.40349286739964]]}, "properties": {"LINK_ID": "2060349803", "ROAD_NAME": "판교로209번길", "LANES": 1, "ROAD_RANK": "107", "MAX_SPD": 30, "LENGTH": 87.326874741686}}, {"type": "Feature", "geometry": {"type": "LineString", "coordinates": [[127.09613246643423, 37.4005159037853], [127.0960405553368, 37.40063140568293]]}, "properties": {"LINK_ID": "2060331001", "ROAD_NAME": "판교로", "LANES": 1, "ROAD_RANK": "107", "MAX_SPD": 40, "LENGTH": 15.184032790782}}, {"type": "Feature", "geometry": {"type": "LineString", "coordinates": [[127.11885972997734, 37.40831738146273], [127.11884339891587, 37.40842474271101]]}, "properties": {"LINK_ID": "2060141601", "ROAD_NAME": "분당수서로", "LANES": 2, "ROAD_RANK": "102", "MAX_SPD": 40, "LENGTH": 12.002937680634}}, {"type": "Feature", "geometry": {"type": "LineString", "coordinates": [[127.11400954315584, 37.39687542551678], [127.11400606824658, 37.396256771655295]]}, "properties": {"LINK_ID": "2060193504", "ROAD_NAME": "-", "LANES": 2, "ROAD_RANK": "107", "MAX_SPD": 50, "LENGTH": 68.662129782226}}, {"type": "Feature", "geometry": {"type": "LineString", "coordinates": [[127.11838338457824, 37.39559214509676], [127.11838339550238, 37.394533496676324], [127.11838492578892, 37.394458045678306]]}, "properties": {"LINK_ID": "2060353600", "ROAD_NAME": "-", "LANES": 1, "ROAD_RANK": "107", "MAX_SPD": 40, "LENGTH": 125.869359195327}}, {"type": "Feature", "geometry": {"type": "LineString", "coordinates": [[127.10012295986029, 37.40170127081911], [127.10016248070431, 37.401656339737926]]}, "properties": {"LINK_ID": "2060201001", "ROAD_NAME": "판교로228번길", "LANES": 2, "ROAD_RANK": "107", "MAX_SPD": 50, "LENGTH": 6.091934823261}}, {"type": "Feature", "geometry": {"type": "LineString", "coordinates": [[127.11282755486404, 37.398297921915244], [127.11308074027987, 37.398302126636395]]}, "properties": {"LINK_ID": "2060205204", "ROAD_NAME": "판교역로192번길", "LANES": 2, "ROAD_RANK": "107", "MAX_SPD": 60, "LENGTH": 22.4232453766}}, {"type": "Feature", "geometry": {"type": "LineString", "coordinates": [[127.09461047650043, 37.40860035285849], [127.09447944291693, 37.40870202731907], [127.09427557319768, 37.40879033861883], [127.0941030311755, 37.40883143552947], [127.09405044946789, 37.40883465467871]]}, "properties": {"LINK_ID": "2040422201", "ROAD_NAME": "경부고속도로", "LANES": 2, "ROAD_RANK": "101", "MAX_SPD": 30, "LENGTH": 57.333506117353}}, {"type": "Feature", "geometry": {"type": "LineString", "coordinates": [[127.10973869603784, 37.396261874937984], [127.10958539243215, 37.39626241022298]]}, "properties": {"LINK_ID": "2060193803", "ROAD_NAME": "대왕판교로606번길", "LANES": 3, "ROAD_RANK": "107", "MAX_SPD": 60, "LENGTH": 13.574816555541}}, {"type": "Feature", "geometry": {"type": "LineString", "coordinates": [[127.11306750086723, 37.39625158888605], [127.11281434814427, 37.39625138093574]]}, "properties": {"LINK_ID": "2060193301", "ROAD_NAME": "대왕판교로606번길", "LANES": 2, "ROAD_RANK": "107", "MAX_SPD": 50, "LENGTH": 22.416116045057}}, {"type": "Feature", "geometry": {"type": "LineString", "coordinates": [[127.1095936570908, 37.394458500314066], [127.10959683814036, 37.39379156232936]]}, "properties": {"LINK_ID": "2060194302", "ROAD_NAME": "판교역로", "LANES": 4, "ROAD_RANK": "107", "MAX_SPD": 50, "LENGTH": 74.020763097782}}, {"type": "Feature", "geometry": {"type": "LineString", "coordinates": [[127.10962245702488, 37.40404518237402], [127.1065664783417, 37.40404516325468]]}, "properties": {"LINK_ID": "2060348200", "ROAD_NAME": "판교로319번길", "LANES": 1, "ROAD_RANK": "107", "MAX_SPD": 50, "LENGTH": 270.571988362694}}, {"type": "Feature", "geometry": {"type": "LineString", "coordinates": [[127.09972849937289, 37.41221661509752], [127.09970978900017, 37.412140391675074]]}, "properties": {"LINK_ID": "2040390201", "ROAD_NAME": "창업로", "LANES": 2, "ROAD_RANK": "107", "MAX_SPD": 50, "LENGTH": 8.620331527766}}, {"type": "Feature", "geometry": {"type": "LineString", "coordinates": [[127.09877261382253, 37.3994266450159], [127.09877261382346, 37.39942653009897], [127.09876041764814, 37.39926389065039], [127.09871141090863, 37.399002516483726]]}, "properties": {"LINK_ID": "2060331700", "ROAD_NAME": "판교로210번길", "LANES": 1, "ROAD_RANK": "107", "MAX_SPD": 30, "LENGTH": 47.427032695774}}, {"type": "Feature", "geometry": {"type": "LineString", "coordinates": [[127.08282127726152, 37.40011072235614], [127.0829725166759, 37.40022261891491], [127.08312201810432, 37.40033411799249], [127.08327251677471, 37.40044418084979], [127.08342364256383, 37.40055411872993], [127.08357548643477, 37.4006634630352], [127.08372757978742, 37.400772305998885], [127.08387998607832, 37.40088083769045], [127.0840322041276, 37.40098930624567], [127.08418511049503, 37.401097837184125], [127.08433882960423, 37.40120558795976], [127.08449414190873, 37.40131258684444], [127.0846522051727, 37.40141793108112], [127.08481076730833, 37.40152158803538], [127.08496986119921, 37.4016246812548], [127.08513051800233, 37.401726212564704], [127.08529189146435, 37.40182690068289], [127.08545414220693, 37.4019269626364], [127.08561761113081, 37.4020252439671], [127.08578245497893, 37.40212252484041], [127.08594851739146, 37.402218369270166], [127.08611589183221, 37.40231352503046], [127.0862838615464, 37.40240836836453], [127.08645220410935, 37.402502962503895], [127.08662107994846, 37.402596368465844], [127.08679054764575, 37.402688462765276], [127.08696086061941, 37.40277961913697], [127.0871322676671, 37.402870118512425], [127.08730454800688, 37.40295949432123], [127.08747795539075, 37.40304743101459], [127.08765111124744, 37.40313143107938], [127.08782695516129, 37.403218962695476], [127.08800273673636, 37.40330402529844], [127.08817964187516, 37.403387587502415], [127.08835745495834, 37.40346974407073], [127.08853654876748, 37.40355055598961], [127.08871661103144, 37.403630524455025], [127.08889764254458, 37.40370936834357], [127.08907864153444, 37.40378808673635], [127.08926014210066, 37.40386561872911], [127.08944273595418, 37.40394186836386], [127.08962633002976, 37.40401646268361], [127.08969972369938, 37.40404573250978]]}, "properties": {"LINK_ID": "2040410001", "ROAD_NAME": "수도권제1순환고속도로", "LANES": 4, "ROAD_RANK": "101", "MAX_SPD": 100, "LENGTH": 752.346379763479}}, {"type": "Feature", "geometry": {"type": "LineString", "coordinates": [[127.10251827003171, 37.40310015868648], [127.10251112257683, 37.40240102478401]]}, "properties": {"LINK_ID": "2060197200", "ROAD_NAME": "판교로256번길", "LANES": 2, "ROAD_RANK": "107", "MAX_SPD": 50, "LENGTH": 77.596179406908}}, {"type": "Feature", "geometry": {"type": "LineString", "coordinates": [[127.11616233395414, 37.404384850704545], [127.11605995312026, 37.40433265077413]]}, "properties": {"LINK_ID": "2060359801", "ROAD_NAME": "판교로", "LANES": 3, "ROAD_RANK": "107", "MAX_SPD": 50, "LENGTH": 10.757838801549}}, {"type": "Feature", "geometry": {"type": "LineString", "coordinates": [[127.0951967004449, 37.39922144872954], [127.09528338593212, 37.39913002409683]]}, "properties": {"LINK_ID": "2060180703", "ROAD_NAME": "서판교로", "LANES": 2, "ROAD_RANK": "107", "MAX_SPD": 30, "LENGTH": 12.722837533234}}, {"type": "Feature", "geometry": {"type": "LineString", "coordinates": [[127.0896178247773, 37.40418493472997], [127.08839561033602, 37.403750931281174], [127.08821439287061, 37.40366918097172], [127.08803411141162, 37.403585869118615], [127.08785464183471, 37.403501086821414], [127.08767604831169, 37.403414650227965], [127.08750007980342, 37.40332705541123], [127.08732586028276, 37.40324255674835], [127.08714879897788, 37.40315274390012], [127.08697429886475, 37.403062243224454], [127.08680114211998, 37.40297080604402], [127.0866292670558, 37.402878805432415], [127.08645795477989, 37.40278574365643], [127.0862872049007, 37.40269127472676], [127.0861177669902, 37.40259605584502], [127.0859491427335, 37.402500868564], [127.08578054861401, 37.40240499354002], [127.08561239182569, 37.40230796194754], [127.08544529870964, 37.40220933724168], [127.08527939178082, 37.40210958786935], [127.08511511101979, 37.40200827472157], [127.08495236081978, 37.40190674399892], [127.08478967395642, 37.401803900217466], [127.08462870489375, 37.401699618753376], [127.08446864277717, 37.40159496249649], [127.08430767357412, 37.4014877432631], [127.08414964280418, 37.401378837709046], [127.0839943603814, 37.40126996242602], [127.08384054745547, 37.401160805677335], [127.08368817333826, 37.401052212648146], [127.08353554882783, 37.400943524990055], [127.08338283036082, 37.40083424432717], [127.08323014210467, 37.400724306599166], [127.08307817416238, 37.40061374375803], [127.08292636087779, 37.400502712079835], [127.08277626711697, 37.400390774375495], [127.08262544422126, 37.400279180724255]]}, "properties": {"LINK_ID": "2040410100", "ROAD_NAME": "수도권제1순환고속도로", "LANES": 4, "ROAD_RANK": "101", "MAX_SPD": 100, "LENGTH": 760.079829576486}}, {"type": "Feature", "geometry": {"type": "LineString", "coordinates": [[127.10507604781404, 37.40328199867343], [127.10504948744112, 37.40334281773806], [127.1049738895096, 37.40350319804792], [127.10488677592167, 37.40366555725082], [127.10479334584446, 37.403826124447946], [127.10469114866409, 37.40398270060153], [127.104583837162, 37.40413215591755], [127.10446812031877, 37.40427301741908], [127.10434411559048, 37.404412615679895], [127.10421698752211, 37.404545744531696], [127.10408354596233, 37.40467607572783], [127.1039425181743, 37.40480456184339], [127.10380176365456, 37.40492434549463], [127.10364982047048, 37.405045155135795], [127.10349525484534, 37.40515988498847], [127.10344038039896, 37.40519791515434]]}, "properties": {"LINK_ID": "2060181001", "ROAD_NAME": "대왕판교로", "LANES": 2, "ROAD_RANK": "105", "MAX_SPD": 60, "LENGTH": 260.349939788192}}, {"type": "Feature", "geometry": {"type": "LineString", "coordinates": [[127.10923454808757, 37.414078587660306], [127.10928989187688, 37.414135369176236], [127.1093666423263, 37.414196430526935], [127.10946382969898, 37.414255149179304], [127.109537547908, 37.414293275088795], [127.10959598581084, 37.41431808724794], [127.10967142343885, 37.41434383688762], [127.1097767051996, 37.41436949389835], [127.1098332052497, 37.41437911836468], [127.10990532923086, 37.41438586844719]]}, "properties": {"LINK_ID": "2040008101", "ROAD_NAME": "사송로", "LANES": 1, "ROAD_RANK": "107", "MAX_SPD": 30, "LENGTH": 70.563132463603}}, {"type": "Feature", "geometry": {"type": "LineString", "coordinates": [[127.09951979189832, 37.410803733862735], [127.09955503900846, 37.410947333968146]]}, "properties": {"LINK_ID": "2040057701", "ROAD_NAME": "대왕판교로", "LANES": 4, "ROAD_RANK": "105", "MAX_SPD": 60, "LENGTH": 16.240131238864}}, {"type": "Feature", "geometry": {"type": "LineString", "coordinates": [[127.10417020191353, 37.39314978246868], [127.10439981261693, 37.393291213328084], [127.10466578672036, 37.39345540841968], [127.10493094988938, 37.3936365221171], [127.10518781982243, 37.393813727650645], [127.10544850378187, 37.39399356290606], [127.10558987538141, 37.39409108860369]]}, "properties": {"LINK_ID": "2060185200", "ROAD_NAME": "대왕판교로", "LANES": 3, "ROAD_RANK": "105", "MAX_SPD": 60, "LENGTH": 163.509211918665}}, {"type": "Feature", "geometry": {"type": "LineString", "coordinates": [[127.11408040681796, 37.396257137479424], [127.11400606824658, 37.396256771655295]]}, "properties": {"LINK_ID": "2060196901", "ROAD_NAME": "대왕판교로606번길", "LANES": 2, "ROAD_RANK": "107", "MAX_SPD": 50, "LENGTH": 6.582638169119}}, {"type": "Feature", "geometry": {"type": "LineString", "coordinates": [[127.11393901616756, 37.39988325856427], [127.11308332513656, 37.3998840798147]]}, "properties": {"LINK_ID": "2060192803", "ROAD_NAME": "대왕판교로644번길", "LANES": 2, "ROAD_RANK": "107", "MAX_SPD": 50, "LENGTH": 75.765915220636}}, {"type": "Feature", "geometry": {"type": "LineString", "coordinates": [[127.09830562027554, 37.39931856192403], [127.09797935505169, 37.399153618290725]]}, "properties": {"LINK_ID": "2060331403", "ROAD_NAME": "서판교로132번길", "LANES": 1, "ROAD_RANK": "107", "MAX_SPD": 30, "LENGTH": 34.20072142877}}, {"type": "Feature", "geometry": {"type": "LineString", "coordinates": [[127.08575118992148, 37.40718199233098], [127.08558202150859, 37.40714803227145], [127.08538175794189, 37.4070932472721], [127.085095031936, 37.406998425238136]]}, "properties": {"LINK_ID": "2040424001", "ROAD_NAME": "금토로", "LANES": 1, "ROAD_RANK": "107", "MAX_SPD": 60, "LENGTH": 61.6684475808}}, {"type": "Feature", "geometry": {"type": "LineString", "coordinates": [[127.11677808030068, 37.39830661987182], [127.11677290765536, 37.39624822721374]]}, "properties": {"LINK_ID": "2060199200", "ROAD_NAME": "동판교로", "LANES": 2, "ROAD_RANK": "107", "MAX_SPD": 30, "LENGTH": 228.451680828998}}, {"type": "Feature", "geometry": {"type": "LineString", "coordinates": [[127.10127326415744, 37.39987277492148], [127.10117354629666, 37.39987153216219]]}, "properties": {"LINK_ID": "2060194901", "ROAD_NAME": "대왕판교로645번길", "LANES": 2, "ROAD_RANK": "107", "MAX_SPD": 50, "LENGTH": 8.830442616057}}, {"type": "Feature", "geometry": {"type": "LineString", "coordinates": [[127.11671667820367, 37.403725364293116], [127.11669650148171, 37.403768605556245], [127.11663819205657, 37.40387681616532], [127.11660911690349, 37.40392415305447], [127.11657322621674, 37.40398258613551], [127.11650176166034, 37.40408565490569], [127.1162552372884, 37.40430415415732]]}, "properties": {"LINK_ID": "2060358902", "ROAD_NAME": "동판교로", "LANES": 2, "ROAD_RANK": "107", "MAX_SPD": 30, "LENGTH": 76.964591313831}}, {"type": "Feature", "geometry": {"type": "LineString", "coordinates": [[127.08154290740387, 37.39145587789464], [127.0794283887286, 37.39158808665071], [127.07929324950457, 37.3915965348112]]}, "properties": {"LINK_ID": "2060006307", "ROAD_NAME": "운중로", "LANES": 2, "ROAD_RANK": "105", "MAX_SPD": 50, "LENGTH": 199.82524061919}}, {"type": "Feature", "geometry": {"type": "LineString", "coordinates": [[127.10258680101745, 37.40232385424683], [127.10258702380303, 37.402432143138]]}, "properties": {"LINK_ID": "2060200101", "ROAD_NAME": "판교로256번길", "LANES": 2, "ROAD_RANK": "107", "MAX_SPD": 50, "LENGTH": 12.018492517683}}, {"type": "Feature", "geometry": {"type": "LineString", "coordinates": [[127.09906926392685, 37.4037229396248], [127.09901077775754, 37.40376997206948]]}, "properties": {"LINK_ID": "2060203701", "ROAD_NAME": "판교로255번길", "LANES": 1, "ROAD_RANK": "107", "MAX_SPD": 30, "LENGTH": 7.352705724479}}, {"type": "Feature", "geometry": {"type": "LineString", "coordinates": [[127.11285891503488, 37.39246087064586], [127.1128619272458, 37.39163274006107], [127.11285755582277, 37.38784810819048], [127.11284924496655, 37.38628863556089], [127.11288463335829, 37.3859796400762], [127.11294643903913, 37.385754535225196], [127.1130192713187, 37.385523805724034]]}, "properties": {"LINK_ID": "2060112206", "ROAD_NAME": "분당내곡간도시고속화도로", "LANES": 3, "ROAD_RANK": "102", "MAX_SPD": 80, "LENGTH": 771.448153848981}}, {"type": "Feature", "geometry": {"type": "LineString", "coordinates": [[127.10128841000837, 37.39980565783592], [127.102501810986, 37.399820774124734]]}, "properties": {"LINK_ID": "2060199800", "ROAD_NAME": "대왕판교로645번길", "LANES": 2, "ROAD_RANK": "107", "MAX_SPD": 50, "LENGTH": 107.451915938195}}, {"type": "Feature", "geometry": {"type": "LineString", "coordinates": [[127.09619739527537, 37.40022575706397], [127.09626974686336, 37.400134325181526]]}, "properties": {"LINK_ID": "2060331101", "ROAD_NAME": "판교로", "LANES": 1, "ROAD_RANK": "107", "MAX_SPD": 40, "LENGTH": 12.000559720135}}, {"type": "Feature", "geometry": {"type": "LineString", "coordinates": [[127.09287230321183, 37.40872849994233], [127.09310148992822, 37.408457912375745], [127.09329729108835, 37.40833972894215], [127.09345664421484, 37.40827393378122]]}, "properties": {"LINK_ID": "2040390402", "ROAD_NAME": "달래내로54번길", "LANES": 1, "ROAD_RANK": "107", "MAX_SPD": 40, "LENGTH": 73.867481353511}}, {"type": "Feature", "geometry": {"type": "LineString", "coordinates": [[127.11615204360818, 37.404252166231124], [127.11638011609266, 37.40405489042965], [127.116455593119, 37.40395653912688], [127.11650674429146, 37.40388090140234]]}, "properties": {"LINK_ID": "2060359000", "ROAD_NAME": "동판교로", "LANES": 2, "ROAD_RANK": "107", "MAX_SPD": 30, "LENGTH": 52.12207962815}}, {"type": "Feature", "geometry": {"type": "LineString", "coordinates": [[127.0948385572254, 37.41007720286847], [127.09484080557246, 37.40997551039278], [127.09482472333038, 37.40981433449498], [127.09476321298466, 37.40969581864348], [127.09440653379302, 37.40930813123742], [127.0939473346903, 37.408811925226544], [127.0933855817762, 37.408213960666345], [127.0929249895888, 37.407716620004464], [127.09261460886779, 37.40738992935215], [127.09231089013602, 37.407137624480875], [127.09173918400245, 37.40674684488197]]}, "properties": {"LINK_ID": "2040426301", "ROAD_NAME": "-", "LANES": 2, "ROAD_RANK": "107", "MAX_SPD": 50, "LENGTH": 467.824453616491}}, {"type": "Feature", "geometry": {"type": "LineString", "coordinates": [[127.09461047650043, 37.40860035285849], [127.09446013112901, 37.40856590698938]]}, "properties": {"LINK_ID": "2040389603", "ROAD_NAME": "달래내로", "LANES": 2, "ROAD_RANK": "107", "MAX_SPD": 50, "LENGTH": 13.848689554133}}, {"type": "Feature", "geometry": {"type": "LineString", "coordinates": [[127.11550943397725, 37.406765839736494], [127.11550868869683, 37.40716797008059], [127.115496655166, 37.40739174920559], [127.11547785424334, 37.407615232188085], [127.11545229696334, 37.407838288366335], [127.11542604410899, 37.40801912798094], [127.11541999661728, 37.40806078527315], [127.11538097441331, 37.40828259673965], [127.11533369098876, 37.408482678007026]]}, "properties": {"LINK_ID": "2060360501", "ROAD_NAME": "동판교로", "LANES": 2, "ROAD_RANK": "107", "MAX_SPD": 30, "LENGTH": 191.523316380867}}, {"type": "Feature", "geometry": {"type": "LineString", "coordinates": [[127.10663557111026, 37.399811042011386], [127.10660486500568, 37.39987822131116]]}, "properties": {"LINK_ID": "2060179801", "ROAD_NAME": "대왕판교로", "LANES": 4, "ROAD_RANK": "105", "MAX_SPD": 60, "LENGTH": 7.936161170722}}, {"type": "Feature", "geometry": {"type": "LineString", "coordinates": [[127.09980979663021, 37.39077120663659], [127.09982009796343, 37.39110782450464]]}, "properties": {"LINK_ID": "2060330200", "ROAD_NAME": "서판교로44번길", "LANES": 1, "ROAD_RANK": "107", "MAX_SPD": 30, "LENGTH": 37.370699934186}}, {"type": "Feature", "geometry": {"type": "LineString", "coordinates": [[127.10707938325596, 37.396260764651956], [127.10711444161434, 37.396474010996016], [127.10714512586296, 37.396735902040454], [127.10716717345, 37.39699804777284], [127.10718059208186, 37.397260371604204], [127.1071860735621, 37.39746152957317], [127.107184066781, 37.39766301688868], [127.10717456875634, 37.39786436772502], [127.10715758708211, 37.39806540547339], [127.10713313499696, 37.39826595171639], [127.10710123478025, 37.39846583163124], [127.10706179551227, 37.39866547958655], [127.1070070788456, 37.39887138001918], [127.10694730200585, 37.39906994167411], [127.10686374280542, 37.39927279292527], [127.10678588939786, 37.39947049322656], [127.10670150784664, 37.39966747944552], [127.10663557111026, 37.399811042011386]]}, "properties": {"LINK_ID": "2060179800", "ROAD_NAME": "대왕판교로", "LANES": 4, "ROAD_RANK": "105", "MAX_SPD": 60, "LENGTH": 400.731528514728}}, {"type": "Feature", "geometry": {"type": "LineString", "coordinates": [[127.1130739222359, 37.397246235898244], [127.11308074027987, 37.398302126636395]]}, "properties": {"LINK_ID": "2060194402", "ROAD_NAME": "분당내곡로", "LANES": 3, "ROAD_RANK": "107", "MAX_SPD": 50, "LENGTH": 117.189851772797}}, {"type": "Feature", "geometry": {"type": "LineString", "coordinates": [[127.1168712428684, 37.39327917673314], [127.11783948802704, 37.393296672074314]]}, "properties": {"LINK_ID": "2060353700", "ROAD_NAME": "-", "LANES": 1, "ROAD_RANK": "107", "MAX_SPD": 40, "LENGTH": 85.761298895156}}, {"type": "Feature", "geometry": {"type": "LineString", "coordinates": [[127.10495597488294, 37.412136190399494], [127.10408337629048, 37.41090311219514], [127.10401273151558, 37.41080742033534], [127.10383193899739, 37.410573673714914], [127.10374946418328, 37.41048141955861], [127.10354381668216, 37.41026093747554], [127.10328297029032, 37.40999978738946]]}, "properties": {"LINK_ID": "2040340800", "ROAD_NAME": "제2경인고속도로", "LANES": 2, "ROAD_RANK": "101", "MAX_SPD": 100, "LENGTH": 280.09420896308}}, {"type": "Feature", "geometry": {"type": "LineString", "coordinates": [[127.092744283926, 37.3988101610196], [127.09285815692395, 37.39886892341272]]}, "properties": {"LINK_ID": "2060180306", "ROAD_NAME": "판교로", "LANES": 2, "ROAD_RANK": "107", "MAX_SPD": 50, "LENGTH": 12.008210715988}}, {"type": "Feature", "geometry": {"type": "LineString", "coordinates": [[127.10829271180582, 37.39288172287884], [127.10810650804206, 37.39304827921266], [127.10582658233217, 37.39428680571352]]}, "properties": {"LINK_ID": "2060184001", "ROAD_NAME": "서현로", "LANES": 2, "ROAD_RANK": "105", "MAX_SPD": 60, "LENGTH": 269.012179101233}}, {"type": "Feature", "geometry": {"type": "LineString", "coordinates": [[127.10558987538141, 37.39409108860369], [127.10582658233217, 37.39428680571352]]}, "properties": {"LINK_ID": "2060185201", "ROAD_NAME": "대왕판교로", "LANES": 3, "ROAD_RANK": "105", "MAX_SPD": 60, "LENGTH": 30.185626897647}}, {"type": "Feature", "geometry": {"type": "LineString", "coordinates": [[127.11650674429146, 37.40388090140234], [127.11652422852973, 37.40385504725305], [127.11658581951416, 37.40375071866375], [127.11661536479902, 37.40369264244778], [127.11664018021682, 37.403643863504136], [127.1166871496489, 37.40353480180518], [127.11672658941896, 37.40342385717845], [127.11675837922047, 37.40331136042468], [127.11678242473603, 37.40319764862467], [127.1167986576257, 37.403083057931234], [127.11680702537546, 37.40296793258918], [127.11680391646112, 37.40268339256812]]}, "properties": {"LINK_ID": "2060359002", "ROAD_NAME": "동판교로", "LANES": 2, "ROAD_RANK": "107", "MAX_SPD": 30, "LENGTH": 137.231508805788}}, {"type": "Feature", "geometry": {"type": "LineString", "coordinates": [[127.1095854063255, 37.39618831253517], [127.1097387391479, 37.39618771405928]]}, "properties": {"LINK_ID": "2060197801", "ROAD_NAME": "대왕판교로606번길", "LANES": 3, "ROAD_RANK": "107", "MAX_SPD": 50, "LENGTH": 13.577449473359}}, {"type": "Feature", "geometry": {"type": "LineString", "coordinates": [[127.11857163079013, 37.4082927797665], [127.11885972997734, 37.40831738146273]]}, "properties": {"LINK_ID": "2060149702", "ROAD_NAME": "야탑로", "LANES": 2, "ROAD_RANK": "107", "MAX_SPD": 50, "LENGTH": 25.652180523486}}, {"type": "Feature", "geometry": {"type": "LineString", "coordinates": [[127.0854328658921, 37.3906533310749], [127.08250969775722, 37.39135050356937], [127.08201016907475, 37.39142017752861], [127.08161649304631, 37.39145035825998]]}, "properties": {"LINK_ID": "2060006304", "ROAD_NAME": "운중로", "LANES": 2, "ROAD_RANK": "105", "MAX_SPD": 50, "LENGTH": 350.102426159971}}, {"type": "Feature", "geometry": {"type": "LineString", "coordinates": [[127.10958958484633, 37.399879644852255], [127.10959111804651, 37.39981245206773]]}, "properties": {"LINK_ID": "2060207106", "ROAD_NAME": "판교역로", "LANES": 3, "ROAD_RANK": "107", "MAX_SPD": 60, "LENGTH": 7.4586455378}}, {"type": "Feature", "geometry": {"type": "LineString", "coordinates": [[127.08443852578047, 37.40676217558885], [127.08435008009131, 37.40673249311565], [127.08377098649802, 37.40651899363605], [127.08356129814875, 37.40643477499307], [127.08340379905361, 37.40637068040149], [127.08336189225534, 37.40635283731886], [127.08327214247078, 37.406313369202934], [127.08312398625891, 37.406245556354364], [127.08298111141373, 37.40621018174654], [127.0829586112317, 37.40621146256803], [127.0829039234816, 37.40621421209613], [127.08284451682005, 37.40621293103796], [127.08272020511475, 37.40622983741862], [127.0826483919555, 37.40624377506323], [127.08262626668655, 37.406248086591376], [127.0824901737336, 37.40627371202591], [127.08240223594936, 37.40629177482787], [127.08235198579322, 37.40630683705303], [127.08222561155067, 37.406351805723055], [127.08207042333318, 37.406400368608864], [127.08201895479883, 37.40641586943378], [127.08198176719429, 37.406422806049456], [127.08185489156415, 37.40645268078016], [127.08175236121049, 37.406463150391744], [127.08153679870664, 37.40647183731023], [127.08149229888512, 37.40647371237783], [127.0814168926655, 37.40648271235795], [127.0813388923685, 37.40648683685233], [127.08127376747915, 37.40649130564544], [127.08120832925917, 37.40649639992593], [127.08114261037692, 37.40650099339557], [127.0810563916254, 37.4064985882441], [127.08094742344758, 37.40648636847671], [127.08085786091829, 37.406485587306], [127.0808375010636, 37.406484282444254]]}, "properties": {"LINK_ID": "2040006002", "ROAD_NAME": "금토로", "LANES": 1, "ROAD_RANK": "107", "MAX_SPD": 30, "LENGTH": 337.489983798842}}, {"type": "Feature", "geometry": {"type": "LineString", "coordinates": [[127.08321203525799, 37.39270260784715], [127.08335293231649, 37.39265509898043], [127.08391655554315, 37.39236036519716], [127.08453172902391, 37.39201332987543], [127.08455666346839, 37.39200390682529]]}, "properties": {"LINK_ID": "2060346405", "ROAD_NAME": "산운로", "LANES": 1, "ROAD_RANK": "107", "MAX_SPD": 30, "LENGTH": 142.378437373506}}, {"type": "Feature", "geometry": {"type": "LineString", "coordinates": [[127.11923473035208, 37.405507136561596], [127.11923265339763, 37.405520391309906], [127.11889653032769, 37.408043102448495], [127.11885972997734, 37.40831738146273]]}, "properties": {"LINK_ID": "2060141600", "ROAD_NAME": "분당수서로", "LANES": 2, "ROAD_RANK": "102", "MAX_SPD": 40, "LENGTH": 313.658611702313}}, {"type": "Feature", "geometry": {"type": "LineString", "coordinates": [[127.07941424970689, 37.391444102845256], [127.08147474536715, 37.391315272259305]]}, "properties": {"LINK_ID": "2060006408", "ROAD_NAME": "운중로", "LANES": 2, "ROAD_RANK": "105", "MAX_SPD": 50, "LENGTH": 183.02331800489}}, {"type": "Feature", "geometry": {"type": "LineString", "coordinates": [[127.1123569397853, 37.397833515553586], [127.11229041900022, 37.39792482257159], [127.11219480943693, 37.3979375699736], [127.11176974419695, 37.39793756706641], [127.11169253465987, 37.3978989627835], [127.11161607351059, 37.39781740425664], [127.11158397565391, 37.39774250922382], [127.11158398090208, 37.39725388338864]]}, "properties": {"LINK_ID": "2060333000", "ROAD_NAME": "대왕판교로606번길", "LANES": 1, "ROAD_RANK": "107", "MAX_SPD": 30, "LENGTH": 140.328937635326}}, {"type": "Feature", "geometry": {"type": "LineString", "coordinates": [[127.09565886078981, 37.39943594640765], [127.09572590586525, 37.399341981502324]]}, "properties": {"LINK_ID": "2060348701", "ROAD_NAME": "판교로", "LANES": 1, "ROAD_RANK": "107", "MAX_SPD": 40, "LENGTH": 11.99997851133}}, {"type": "Feature", "geometry": {"type": "LineString", "coordinates": [[127.1008207934333, 37.40090256256166], [127.1007342242111, 37.40086590889133]]}, "properties": {"LINK_ID": "2060204901", "ROAD_NAME": "판교로", "LANES": 1, "ROAD_RANK": "107", "MAX_SPD": 40, "LENGTH": 8.67764646579}}, {"type": "Feature", "geometry": {"type": "LineString", "coordinates": [[127.11171950386986, 37.397146190427826], [127.1117195028137, 37.39725431218965]]}, "properties": {"LINK_ID": "2060353201", "ROAD_NAME": "대왕판교로606번길", "LANES": 1, "ROAD_RANK": "107", "MAX_SPD": 30, "LENGTH": 11.999919163446}}, {"type": "Feature", "geometry": {"type": "LineString", "coordinates": [[127.07596442292764, 37.42418624153539], [127.07965660639742, 37.420481602011904], [127.08239668461579, 37.41781232086199]]}, "properties": {"LINK_ID": "2040412101", "ROAD_NAME": "경부고속도로", "LANES": 5, "ROAD_RANK": "101", "MAX_SPD": 110, "LENGTH": 908.109896394963}}, {"type": "Feature", "geometry": {"type": "LineString", "coordinates": [[127.10219373047265, 37.403955235964226], [127.10223567921497, 37.40390965007535], [127.10229472538182, 37.40383544952898], [127.10234735207229, 37.40375823699161], [127.10239331920498, 37.40367836317661], [127.10243241721886, 37.40359619498845], [127.10246446593244, 37.40351210741457], [127.10248932132124, 37.40342648442013], [127.10250686760985, 37.403339718053914], [127.10251702629974, 37.40325220303416], [127.1025175752188, 37.40322176122772]]}, "properties": {"LINK_ID": "2060203400", "ROAD_NAME": "판교로255번길", "LANES": 2, "ROAD_RANK": "107", "MAX_SPD": 50, "LENGTH": 87.690236256513}}, {"type": "Feature", "geometry": {"type": "LineString", "coordinates": [[127.11155338338865, 37.404388396380675], [127.11079562206346, 37.40418481774461], [127.11031565587939, 37.40409456711565], [127.10974465603609, 37.40404978110271]]}, "properties": {"LINK_ID": "2060332600", "ROAD_NAME": "-", "LANES": 1, "ROAD_RANK": "107", "MAX_SPD": 50, "LENGTH": 165.252533380784}}, {"type": "Feature", "geometry": {"type": "LineString", "coordinates": [[127.10346530210408, 37.42060024113635], [127.10358833976522, 37.42057721803817]]}, "properties": {"LINK_ID": "2040390702", "ROAD_NAME": "설개로2번길", "LANES": 1, "ROAD_RANK": "107", "MAX_SPD": 50, "LENGTH": 11.186915184158}}, {"type": "Feature", "geometry": {"type": "LineString", "coordinates": [[127.10958539243215, 37.39626241022298], [127.10860196579398, 37.396261770787326], [127.10707938325596, 37.396260764651956]]}, "properties": {"LINK_ID": "2060197700", "ROAD_NAME": "대왕판교로606번길", "LANES": 3, "ROAD_RANK": "107", "MAX_SPD": 50, "LENGTH": 221.901498950879}}, {"type": "Feature", "geometry": {"type": "LineString", "coordinates": [[127.11677290765536, 37.39624822721374], [127.11496414440545, 37.396254219694825]]}, "properties": {"LINK_ID": "2060196900", "ROAD_NAME": "대왕판교로606번길", "LANES": 2, "ROAD_RANK": "107", "MAX_SPD": 50, "LENGTH": 160.163308848305}}, {"type": "Feature", "geometry": {"type": "LineString", "coordinates": [[127.12095453847975, 37.408743701277935], [127.11997117396636, 37.40851418181323], [127.11884339891587, 37.40842474271101]]}, "properties": {"LINK_ID": "2060149600", "ROAD_NAME": "야탑로", "LANES": 2, "ROAD_RANK": "107", "MAX_SPD": 50, "LENGTH": 191.048522381466}}, {"type": "Feature", "geometry": {"type": "LineString", "coordinates": [[127.11308332513656, 37.3998840798147], [127.1130946247008, 37.402591701221986], [127.11307821756543, 37.402800713131775], [127.11304305670262, 37.403176036903886]]}, "properties": {"LINK_ID": "2060182000", "ROAD_NAME": "분당내곡로", "LANES": 3, "ROAD_RANK": "107", "MAX_SPD": 50, "LENGTH": 365.522186639039}}, {"type": "Feature", "geometry": {"type": "LineString", "coordinates": [[127.10297407241501, 37.42046980918183], [127.10321728484524, 37.420565367662256]]}, "properties": {"LINK_ID": "2040390701", "ROAD_NAME": "설개로2번길", "LANES": 1, "ROAD_RANK": "107", "MAX_SPD": 50, "LENGTH": 23.999489263716}}, {"type": "Feature", "geometry": {"type": "LineString", "coordinates": [[127.11335275052427, 37.414506676481956], [127.11331446191868, 37.41428663485257], [127.1132795577727, 37.41414606522295], [127.11325248363887, 37.41400440235163], [127.11323329298165, 37.4138619228055], [127.11322202232301, 37.41371890496827], [127.1132186935034, 37.41357562993914], [127.11322331480642, 37.4134323779277], [127.11323587644083, 37.41328942825836], [127.11325635167462, 37.4131470620721], [127.11328470247814, 37.413005558717224], [127.11332087387228, 37.41286519305165], [127.11336479280902, 37.41272624175117], [127.11343143827844, 37.41255552392686], [127.11350567836175, 37.41238681254684], [127.11358741958294, 37.412220322129365], [127.11367655829751, 37.412056263597236], [127.11377297843896, 37.41189484788409], [127.11387656054751, 37.41173628051982], [127.1139317242688, 37.411658720212856]]}, "properties": {"LINK_ID": "2040410700", "ROAD_NAME": "동판교로", "LANES": 2, "ROAD_RANK": "107", "MAX_SPD": 60, "LENGTH": 328.565812773997}}, {"type": "Feature", "geometry": {"type": "LineString", "coordinates": [[127.10214899872524, 37.404005218535175], [127.10219373047265, 37.403955235964226]]}, "properties": {"LINK_ID": "2060203601", "ROAD_NAME": "판교로255번길", "LANES": 2, "ROAD_RANK": "107", "MAX_SPD": 50, "LENGTH": 6.816037324538}}, {"type": "Feature", "geometry": {"type": "LineString", "coordinates": [[127.08482847028299, 37.40235353420984], [127.08467378804347, 37.40227897802051], [127.08444084408387, 37.40217035084839], [127.08414610787497, 37.40203852627426], [127.08394811554719, 37.40195337367367], [127.08376870506628, 37.401878536880275], [127.0835881380518, 37.40180540446161], [127.0835080055695, 37.401773642431216], [127.0832952879579, 37.40169133734763], [127.08310164741036, 37.40161893330794], [127.08291329762798, 37.401550824010975], [127.08283082289138, 37.40152177253236], [127.08262778670414, 37.40144748935982], [127.08241411592863, 37.40137176891368], [127.08220188099664, 37.401300122399874], [127.08211820411893, 37.401274296913485], [127.08187481938036, 37.40119423698309], [127.08167024406498, 37.40113307569677], [127.0815967164298, 37.401112470553656], [127.08139029021336, 37.40105525472916], [127.08131630086281, 37.4010357498758], [127.08109397369914, 37.40097915445848], [127.08087881617477, 37.400926613719285], [127.08068155212176, 37.40087935297739], [127.08048127647972, 37.400835525944935], [127.08029105820857, 37.4007957463386], [127.08009773311487, 37.4007569938925], [127.07987856290228, 37.4007149779748], [127.07968076552365, 37.400679166998145], [127.0794824429049, 37.40064525179172], [127.07926159973898, 37.4006098124068], [127.07904015501782, 37.40057672107217], [127.07884025821896, 37.40054893548658], [127.07874856004204, 37.40053723786479]]}, "properties": {"LINK_ID": "2040340101", "ROAD_NAME": "제2경인고속도로", "LANES": 2, "ROAD_RANK": "101", "MAX_SPD": 100, "LENGTH": 578.522433997893}}, {"type": "Feature", "geometry": {"type": "LineString", "coordinates": [[127.11783948802704, 37.393296672074314], [127.11825628434401, 37.39329667496573], [127.1183987660304, 37.39335999947362], [127.11849034141876, 37.39347192459275], [127.11851872676188, 37.39359493068486], [127.11853143468868, 37.393916925136885], [127.1185204252795, 37.39445979501214], [127.11851891284799, 37.394534371873306], [127.11851890358304, 37.395592145888656]]}, "properties": {"LINK_ID": "2060353702", "ROAD_NAME": "-", "LANES": 1, "ROAD_RANK": "107", "MAX_SPD": 40, "LENGTH": 301.75405563258}}, {"type": "Feature", "geometry": {"type": "LineString", "coordinates": [[127.11687130266792, 37.3933873283302], [127.1168728366143, 37.39615968269742]]}, "properties": {"LINK_ID": "2060196800", "ROAD_NAME": "동판교로", "LANES": 2, "ROAD_RANK": "107", "MAX_SPD": 30, "LENGTH": 307.690339812035}}, {"type": "Feature", "geometry": {"type": "LineString", "coordinates": [[127.1097387391479, 37.39618771405928], [127.11025917860478, 37.39618594366767], [127.11039469990061, 37.39618548233465]]}, "properties": {"LINK_ID": "2060194001", "ROAD_NAME": "대왕판교로606번길", "LANES": 3, "ROAD_RANK": "107", "MAX_SPD": 60, "LENGTH": 58.084423691416}}, {"type": "Feature", "geometry": {"type": "LineString", "coordinates": [[127.11283059414919, 37.399817779800706], [127.11308378540801, 37.39981850934612]]}, "properties": {"LINK_ID": "2060182208", "ROAD_NAME": "대왕판교로644번길", "LANES": 2, "ROAD_RANK": "107", "MAX_SPD": 50, "LENGTH": 22.418600244318}}, {"type": "Feature", "geometry": {"type": "LineString", "coordinates": [[127.09789319944798, 37.40140869701681], [127.0996407356561, 37.40231080043413], [127.09985051072589, 37.402412089212476], [127.10006480936197, 37.402507160349955], [127.10028334335094, 37.402595884319744], [127.10050581658275, 37.40267814241564], [127.10073192843463, 37.40275382314526], [127.10096137377359, 37.40282282403221], [127.10119384295562, 37.40288505071517], [127.1014290218322, 37.4029404214532], [127.10161739631796, 37.40298509179141], [127.1018105351946, 37.4030223990917], [127.10200544332243, 37.403053307303836], [127.10220178401208, 37.40307776535201], [127.10251827003171, 37.40310015868648]]}, "properties": {"LINK_ID": "2060201100", "ROAD_NAME": "판교로", "LANES": 3, "ROAD_RANK": "107", "MAX_SPD": 50, "LENGTH": 456.296408263297}}, {"type": "Feature", "geometry": {"type": "LineString", "coordinates": [[127.1097639221241, 37.40248667224651], [127.10961817129717, 37.40248659965138]]}, "properties": {"LINK_ID": "2060350601", "ROAD_NAME": "판교역로242번길", "LANES": 2, "ROAD_RANK": "107", "MAX_SPD": 50, "LENGTH": 12.904840295032}}, {"type": "Feature", "geometry": {"type": "LineString", "coordinates": [[127.10960299043715, 37.397783714329414], [127.10960234212844, 37.39772186058266]]}, "properties": {"LINK_ID": "2060197601", "ROAD_NAME": "판교역로", "LANES": 3, "ROAD_RANK": "107", "MAX_SPD": 50, "LENGTH": 6.865092973219}}, {"type": "Feature", "geometry": {"type": "LineString", "coordinates": [[127.11860936167892, 37.4085195510379], [127.11859724536242, 37.40849083675448]]}, "properties": {"LINK_ID": "2060149500", "ROAD_NAME": "분당수서로", "LANES": 1, "ROAD_RANK": "102", "MAX_SPD": 40, "LENGTH": 3.362559929048}}, {"type": "Feature", "geometry": {"type": "LineString", "coordinates": [[127.11281434814427, 37.39625138093574], [127.11281406893345, 37.39617722120164]]}, "properties": {"LINK_ID": "2060193604", "ROAD_NAME": "분당내곡로", "LANES": 3, "ROAD_RANK": "107", "MAX_SPD": 50, "LENGTH": 8.230671481655}}, {"type": "Feature", "geometry": {"type": "LineString", "coordinates": [[127.08090565415783, 37.393116117936366], [127.08087457493617, 37.39311922007717], [127.08065551222943, 37.39313083160083], [127.08064261207318, 37.393131669397526], [127.08012043136875, 37.39316558106622], [127.08009214763969, 37.39316730725333]]}, "properties": {"LINK_ID": "2060202103", "ROAD_NAME": "산운로", "LANES": 1, "ROAD_RANK": "107", "MAX_SPD": 30, "LENGTH": 72.265331276663}}, {"type": "Feature", "geometry": {"type": "LineString", "coordinates": [[127.0974366639959, 37.401768434382205], [127.09745990731021, 37.401743642417784], [127.09768741816997, 37.40146547052712]]}, "properties": {"LINK_ID": "2060349802", "ROAD_NAME": "판교로209번길", "LANES": 1, "ROAD_RANK": "107", "MAX_SPD": 30, "LENGTH": 40.299667069604}}, {"type": "Feature", "geometry": {"type": "LineString", "coordinates": [[127.10056836729761, 37.3929174043919], [127.10046789648175, 37.392845802212015], [127.10035093058463, 37.39279813294081], [127.10023879822097, 37.39277764419552], [127.1000979342283, 37.39277123200974], [127.09980997494802, 37.39277449777731]]}, "properties": {"LINK_ID": "2060283506", "ROAD_NAME": "서판교로66번길", "LANES": 1, "ROAD_RANK": "107", "MAX_SPD": 30, "LENGTH": 71.742207207476}}, {"type": "Feature", "geometry": {"type": "LineString", "coordinates": [[127.11235694489265, 37.39725342545049], [127.11222256566788, 37.39725431579822]]}, "properties": {"LINK_ID": "2060332902", "ROAD_NAME": "대왕판교로606번길", "LANES": 1, "ROAD_RANK": "107", "MAX_SPD": 30, "LENGTH": 11.899229748317}}, {"type": "Feature", "geometry": {"type": "LineString", "coordinates": [[127.10257610617128, 37.39982098292399], [127.10257661882115, 37.39988839827202]]}, "properties": {"LINK_ID": "2060199901", "ROAD_NAME": "판교로256번길", "LANES": 2, "ROAD_RANK": "107", "MAX_SPD": 50, "LENGTH": 7.48224789556}}, {"type": "Feature", "geometry": {"type": "LineString", "coordinates": [[127.10362210481165, 37.42068193282548], [127.10365758715946, 37.42070558748338], [127.10418708907731, 37.421041775616835], [127.10467876810834, 37.42150403395448], [127.10467908669602, 37.42150433347626], [127.10479255833427, 37.42161360117984], [127.1048079973286, 37.42162953029381]]}, "properties": {"LINK_ID": "2040403700", "ROAD_NAME": "설개로2번길", "LANES": 1, "ROAD_RANK": "107", "MAX_SPD": 50, "LENGTH": 149.305062027191}}, {"type": "Feature", "geometry": {"type": "LineString", "coordinates": [[127.09972849937289, 37.41221661509752], [127.09831836126168, 37.41173446265764], [127.09789014275763, 37.411583837786715], [127.09659492338085, 37.41156361921011], [127.09634582895383, 37.41152971257226], [127.09622582936024, 37.411511806131394], [127.09609698653429, 37.4114621187951], [127.09600761019541, 37.41140133746171], [127.09598523547734, 37.41134618080863], [127.09597417435351, 37.4112643682211], [127.09597945484732, 37.411122556100715]]}, "properties": {"LINK_ID": "2040007700", "ROAD_NAME": "-", "LANES": 1, "ROAD_RANK": "107", "MAX_SPD": 40, "LENGTH": 379.50254859441}}, {"type": "Feature", "geometry": {"type": "LineString", "coordinates": [[127.10344922674312, 37.42070760051071], [127.10337919163189, 37.42070092972155], [127.10315522637849, 37.420665831782216]]}, "properties": {"LINK_ID": "2040390600", "ROAD_NAME": "설개로2번길", "LANES": 1, "ROAD_RANK": "107", "MAX_SPD": 50, "LENGTH": 26.447731853896}}, {"type": "Feature", "geometry": {"type": "LineString", "coordinates": [[127.10061788137041, 37.39804830543415], [127.1003677408919, 37.399411608487796], [127.10007686602899, 37.40020816123875], [127.09982373840887, 37.40065275244841], [127.09970230128236, 37.400833081619744], [127.09949292705272, 37.40111009665217], [127.09930728777962, 37.40133634317291], [127.09890340401786, 37.40176814722463], [127.09840965710806, 37.40228328532088]]}, "properties": {"LINK_ID": "2060010301", "ROAD_NAME": "경부고속도로", "LANES": 5, "ROAD_RANK": "101", "MAX_SPD": 110, "LENGTH": 519.593550354259}}, {"type": "Feature", "geometry": {"type": "LineString", "coordinates": [[127.08605647601027, 37.40509351478993], [127.0858148956147, 37.405127514886516]]}, "properties": {"LINK_ID": "2040423401", "ROAD_NAME": "-", "LANES": 1, "ROAD_RANK": "107", "MAX_SPD": 50, "LENGTH": 21.719190063346}}, {"type": "Feature", "geometry": {"type": "LineString", "coordinates": [[127.09560388365666, 37.40024803261951], [127.09571830997385, 37.40030602109721]]}, "properties": {"LINK_ID": "2060207805", "ROAD_NAME": "판교로", "LANES": 3, "ROAD_RANK": "107", "MAX_SPD": 60, "LENGTH": 12.002943588195}}, {"type": "Feature", "geometry": {"type": "LineString", "coordinates": [[127.10483696172523, 37.40316521430989], [127.10512671384109, 37.403168091300955]]}, "properties": {"LINK_ID": "2060208001", "ROAD_NAME": "판교로", "LANES": 3, "ROAD_RANK": "107", "MAX_SPD": 50, "LENGTH": 25.656523408009}}, {"type": "Feature", "geometry": {"type": "LineString", "coordinates": [[127.09446631776686, 37.403194731246856], [127.09420611007505, 37.40322725488944], [127.09390204423978, 37.40330238639722], [127.09354050521189, 37.4033917177201], [127.09346481482261, 37.40342277549277], [127.09305904689505, 37.40358927156203], [127.09305870860307, 37.40358940687299], [127.09286538389503, 37.40366673318925], [127.09247517183474, 37.403753442384385], [127.09203532421753, 37.403753439582275], [127.09202976719482, 37.40375269862589], [127.09187917862151, 37.40373261950167], [127.09180565111335, 37.403659092069205], [127.09176873175264, 37.403572947123735], [127.09180531331548, 37.40349978558996], [127.0924528952711, 37.40267857398448]]}, "properties": {"LINK_ID": "2060349911", "ROAD_NAME": "판교로209번길", "LANES": 1, "ROAD_RANK": "107", "MAX_SPD": 30, "LENGTH": 377.918639052089}}, {"type": "Feature", "geometry": {"type": "LineString", "coordinates": [[127.09362320909497, 37.408326908514105], [127.09345664421484, 37.40827393378122]]}, "properties": {"LINK_ID": "2040389001", "ROAD_NAME": "달래내로", "LANES": 2, "ROAD_RANK": "107", "MAX_SPD": 50, "LENGTH": 15.875426920834}}, {"type": "Feature", "geometry": {"type": "LineString", "coordinates": [[127.10706216132564, 37.396186654619314], [127.10707938325596, 37.396260764651956]]}, "properties": {"LINK_ID": "2060182601", "ROAD_NAME": "대왕판교로", "LANES": 4, "ROAD_RANK": "105", "MAX_SPD": 60, "LENGTH": 8.365289436475}}, {"type": "Feature", "geometry": {"type": "LineString", "coordinates": [[127.11039509652464, 37.39625964232639], [127.11040643278521, 37.39713827381486]]}, "properties": {"LINK_ID": "2060352700", "ROAD_NAME": "대왕판교로606번길", "LANES": 1, "ROAD_RANK": "107", "MAX_SPD": 30, "LENGTH": 97.520277586539}}, {"type": "Feature", "geometry": {"type": "LineString", "coordinates": [[127.11687290314262, 37.39626780670467], [127.11687802997696, 37.398306459919155]]}, "properties": {"LINK_ID": "2060199300", "ROAD_NAME": "동판교로", "LANES": 2, "ROAD_RANK": "107", "MAX_SPD": 50, "LENGTH": 226.260890919239}}, {"type": "Feature", "geometry": {"type": "LineString", "coordinates": [[127.09571830997385, 37.40030602109721], [127.09601805641829, 37.40045792432908]]}, "properties": {"LINK_ID": "2060207803", "ROAD_NAME": "판교로", "LANES": 3, "ROAD_RANK": "107", "MAX_SPD": 50, "LENGTH": 31.44232469641}}, {"type": "Feature", "geometry": {"type": "LineString", "coordinates": [[127.11899740857457, 37.405365138667456], [127.11929047603898, 37.40337825108389], [127.11938947645122, 37.40316980213081]]}, "properties": {"LINK_ID": "2060135600", "ROAD_NAME": "분당수서로", "LANES": 2, "ROAD_RANK": "102", "MAX_SPD": 40, "LENGTH": 246.776520707902}}, {"type": "Feature", "geometry": {"type": "LineString", "coordinates": [[127.09328601051237, 37.39835346093114], [127.09309855375011, 37.39859506195234], [127.09309751027963, 37.39859640680945], [127.09285815692395, 37.39886892341272]]}, "properties": {"LINK_ID": "2060349400", "ROAD_NAME": "판교로156번길", "LANES": 1, "ROAD_RANK": "107", "MAX_SPD": 50, "LENGTH": 68.642908701729}}, {"type": "Feature", "geometry": {"type": "LineString", "coordinates": [[127.09823147607007, 37.39480969658123], [127.09809607018137, 37.39480530654239]]}, "properties": {"LINK_ID": "2060331802", "ROAD_NAME": "서판교로88번길", "LANES": 1, "ROAD_RANK": "107", "MAX_SPD": 30, "LENGTH": 12.000008677094}}, {"type": "Feature", "geometry": {"type": "LineString", "coordinates": [[127.09446013112901, 37.40856590698938], [127.09450579726301, 37.40846403556401]]}, "properties": {"LINK_ID": "2040422102", "ROAD_NAME": "경부고속도로", "LANES": 2, "ROAD_RANK": "101", "MAX_SPD": 30, "LENGTH": 12.007361783274}}, {"type": "Feature", "geometry": {"type": "LineString", "coordinates": [[127.08239668461579, 37.41781232086199], [127.0860511882085, 37.41420304255216]]}, "properties": {"LINK_ID": "2040388600", "ROAD_NAME": "경부고속도로", "LANES": 5, "ROAD_RANK": "101", "MAX_SPD": 110, "LENGTH": 514.901051239359}}, {"type": "Feature", "geometry": {"type": "LineString", "coordinates": [[127.10260139640893, 37.392161907884365], [127.10237388326527, 37.39191194109667], [127.10205298188023, 37.391467848692976], [127.10183737131622, 37.391109486236964], [127.10169114002044, 37.39079493000031], [127.10157598601688, 37.390482253438506], [127.10146547168564, 37.390064678424935], [127.10141951346272, 37.38966039838157], [127.10139999285624, 37.389364804010704], [127.1014138690964, 37.38901959410194], [127.10144455909878, 37.388735399624686], [127.10149836374536, 37.388449903224966]]}, "properties": {"LINK_ID": "2060201405", "ROAD_NAME": "대왕판교로", "LANES": 3, "ROAD_RANK": "105", "MAX_SPD": 60, "LENGTH": 436.007483299543}}, {"type": "Feature", "geometry": {"type": "LineString", "coordinates": [[127.08168023128195, 37.39976353204574], [127.08250059929746, 37.400419625815346], [127.08254640197781, 37.40048857061749], [127.08258162997271, 37.4005645390381], [127.08259351813096, 37.40063563120834], [127.08258990678947, 37.40071634269214], [127.08249313718741, 37.40091099208298], [127.08249219965936, 37.400912878535785], [127.08213002532659, 37.40164136823883], [127.08212961624565, 37.40164219025404]]}, "properties": {"LINK_ID": "2040339600", "ROAD_NAME": "-", "LANES": 1, "ROAD_RANK": "107", "MAX_SPD": 30, "LENGTH": 247.968155716942}}, {"type": "Feature", "geometry": {"type": "LineString", "coordinates": [[127.10558987538141, 37.39409108860369], [127.10791608094948, 37.39282615455685], [127.1081792612667, 37.39274845958208]]}, "properties": {"LINK_ID": "2060183801", "ROAD_NAME": "서현로", "LANES": 4, "ROAD_RANK": "105", "MAX_SPD": 60, "LENGTH": 274.128277663293}}, {"type": "Feature", "geometry": {"type": "LineString", "coordinates": [[127.11188222465883, 37.39981627868963], [127.11283059414919, 37.399817779800706]]}, "properties": {"LINK_ID": "2060182204", "ROAD_NAME": "대왕판교로644번길", "LANES": 2, "ROAD_RANK": "107", "MAX_SPD": 50, "LENGTH": 83.972171078518}}, {"type": "Feature", "geometry": {"type": "LineString", "coordinates": [[127.0972633921902, 37.408757755876415], [127.09754219423343, 37.40882869689262], [127.09784628409828, 37.40896549072406], [127.098110203145, 37.40914799069827], [127.09822845332504, 37.40926652334615], [127.0984277517049, 37.409466296676364], [127.09909681887352, 37.410464784639345], [127.09925387588272, 37.41069428851118], [127.09933532204586, 37.410789109166856], [127.09938675871165, 37.410824510664575]]}, "properties": {"LINK_ID": "2040389706", "ROAD_NAME": "달래내로", "LANES": 2, "ROAD_RANK": "107", "MAX_SPD": 50, "LENGTH": 306.333058580841}}, {"type": "Feature", "geometry": {"type": "LineString", "coordinates": [[127.09980805413727, 37.39266666691081], [127.1001066815879, 37.39266333440968], [127.10027138391817, 37.39267269434087], [127.10041455354268, 37.39270266789391], [127.10055947658894, 37.39276610644796], [127.10065760505502, 37.39283945856806], [127.10070288419787, 37.392873305155064], [127.10080372032961, 37.39300069765082], [127.1008456532217, 37.39311888680903], [127.10085118225379, 37.39325715384309], [127.10082393294282, 37.39340167578948], [127.10075994321213, 37.393650926895575], [127.10075386512023, 37.393738509611204], [127.10076663124701, 37.39383171756723], [127.10080591756507, 37.393943234207185], [127.10090482925578, 37.39409545859588], [127.10099481184879, 37.394203852203695], [127.10132256474786, 37.3944707814141]]}, "properties": {"LINK_ID": "2060283602", "ROAD_NAME": "서판교로66번길", "LANES": 1, "ROAD_RANK": "107", "MAX_SPD": 30, "LENGTH": 284.310631579933}}, {"type": "Feature", "geometry": {"type": "LineString", "coordinates": [[127.10650606988044, 37.420810265125056], [127.10649574486014, 37.420830914782165], [127.10650672083749, 37.42094800927749], [127.10655725756934, 37.42113330940208], [127.10655725701575, 37.42120068660996], [127.10650540285197, 37.42129286690776], [127.10629316039856, 37.42139898337714], [127.10620705906531, 37.421461600214464]]}, "properties": {"LINK_ID": "2040404202", "ROAD_NAME": "설개로", "LANES": 1, "ROAD_RANK": "107", "MAX_SPD": 10, "LENGTH": 87.724996458388}}, {"type": "Feature", "geometry": {"type": "LineString", "coordinates": [[127.10962553392646, 37.403158036734936], [127.10977129233534, 37.40315865517018]]}, "properties": {"LINK_ID": "2060181305", "ROAD_NAME": "판교로", "LANES": 3, "ROAD_RANK": "107", "MAX_SPD": 50, "LENGTH": 12.905576412925}}, {"type": "Feature", "geometry": {"type": "LineString", "coordinates": [[127.10973532533579, 37.399879206939225], [127.10974647990982, 37.40089632843531]]}, "properties": {"LINK_ID": "2060207003", "ROAD_NAME": "판교역로", "LANES": 3, "ROAD_RANK": "107", "MAX_SPD": 50, "LENGTH": 112.889845183589}}, {"type": "Feature", "geometry": {"type": "LineString", "coordinates": [[127.10974698052739, 37.394458965725576], [127.10974427903109, 37.395025650083376]]}, "properties": {"LINK_ID": "2060195602", "ROAD_NAME": "판교역로", "LANES": 4, "ROAD_RANK": "107", "MAX_SPD": 50, "LENGTH": 62.894022785689}}, {"type": "Feature", "geometry": {"type": "LineString", "coordinates": [[127.10564049676044, 37.39438925928449], [127.10539855238645, 37.39419568831243]]}, "properties": {"LINK_ID": "2060185301", "ROAD_NAME": "대왕판교로", "LANES": 4, "ROAD_RANK": "105", "MAX_SPD": 60, "LENGTH": 30.340348109912}}, {"type": "Feature", "geometry": {"type": "LineString", "coordinates": [[127.09864151905225, 37.392787743718834], [127.09833427612261, 37.39279122481866]]}, "properties": {"LINK_ID": "2060283505", "ROAD_NAME": "서판교로66번길", "LANES": 1, "ROAD_RANK": "107", "MAX_SPD": 30, "LENGTH": 27.20965658266}}, {"type": "Feature", "geometry": {"type": "LineString", "coordinates": [[127.10315522637849, 37.420665831782216], [127.10286045766061, 37.42114309087245], [127.10243388529756, 37.42179995990682], [127.10230441747605, 37.42204673191428], [127.102213358264, 37.42222733360574]]}, "properties": {"LINK_ID": "2040412800", "ROAD_NAME": "분당내곡간도시고속화도로", "LANES": 1, "ROAD_RANK": "102", "MAX_SPD": 40, "LENGTH": 192.441428051571}}, {"type": "Feature", "geometry": {"type": "LineString", "coordinates": [[127.10673391932934, 37.40770159576708], [127.10639561149138, 37.407697962765184], [127.10608786143199, 37.407694681173126], [127.10566767406831, 37.40769018112845], [127.10462379868093, 37.40769752561016], [127.10355317301992, 37.40766633777744], [127.10194676796112, 37.40763161822515], [127.10155051769347, 37.407617930346305], [127.10072992373298, 37.40755030616117], [127.10034804816847, 37.4074891813272], [127.0999628913324, 37.40745049432987], [127.09957398616116, 37.40735640011309], [127.098062872335, 37.406990779844534]]}, "properties": {"LINK_ID": "2060360800", "ROAD_NAME": "수도권제1순환고속도로", "LANES": 4, "ROAD_RANK": "101", "MAX_SPD": 100, "LENGTH": 776.743805710945}}, {"type": "Feature", "geometry": {"type": "LineString", "coordinates": [[127.10358833976522, 37.42057721803817], [127.10362486339626, 37.420569726459036], [127.10428632779352, 37.42046796950852], [127.10442114633804, 37.42047795631973], [127.10450489114076, 37.42051145424642], [127.10457298721653, 37.42056593084071], [127.10469333062723, 37.420646158179814], [127.10491160783955, 37.42076742278273], [127.10526930490461, 37.420907211740825], [127.10527677289744, 37.42091013023503], [127.10552632326207, 37.42107649512091], [127.10572130516192, 37.4211496133033], [127.10603373647263, 37.42129714905636], [127.10612056012353, 37.4213781836527]]}, "properties": {"LINK_ID": "2040390900", "ROAD_NAME": "설개로14번길", "LANES": 1, "ROAD_RANK": "107", "MAX_SPD": 50, "LENGTH": 257.044902771675}}, {"type": "Feature", "geometry": {"type": "LineString", "coordinates": [[127.08662600607967, 37.41008388945056], [127.0867390982617, 37.41014348204455]]}, "properties": {"LINK_ID": "2040006301", "ROAD_NAME": "금토로62번길", "LANES": 1, "ROAD_RANK": "107", "MAX_SPD": 30, "LENGTH": 11.999504978336}}, {"type": "Feature", "geometry": {"type": "LineString", "coordinates": [[127.11697354873692, 37.420226119325385], [127.11698411065915, 37.42018789934226], [127.11755667323729, 37.41864830623789], [127.11756867409974, 37.4186225251874], [127.11760826641954, 37.41853690579338]]}, "properties": {"LINK_ID": "2040412304", "ROAD_NAME": "탄천로", "LANES": 3, "ROAD_RANK": "107", "MAX_SPD": 50, "LENGTH": 195.755191677853}}, {"type": "Feature", "geometry": {"type": "LineString", "coordinates": [[127.08172038549156, 37.393034793354545], [127.08090565415783, 37.393116117936366]]}, "properties": {"LINK_ID": "2060202100", "ROAD_NAME": "산운로", "LANES": 1, "ROAD_RANK": "107", "MAX_SPD": 30, "LENGTH": 72.708025828394}}, {"type": "Feature", "geometry": {"type": "LineString", "coordinates": [[127.11687832741524, 37.398368182519285], [127.11688494205093, 37.39879129450842], [127.11688106342325, 37.3993939255492], [127.11687395972338, 37.39981599917421]]}, "properties": {"LINK_ID": "2060199500", "ROAD_NAME": "동판교로", "LANES": 3, "ROAD_RANK": "107", "MAX_SPD": 50, "LENGTH": 160.695098449374}}, {"type": "Feature", "geometry": {"type": "LineString", "coordinates": [[127.10974427903109, 37.395025650083376], [127.1097387391479, 37.39618771405928]]}, "properties": {"LINK_ID": "2060195603", "ROAD_NAME": "판교역로", "LANES": 4, "ROAD_RANK": "107", "MAX_SPD": 50, "LENGTH": 128.972836257061}}, {"type": "Feature", "geometry": {"type": "LineString", "coordinates": [[127.08160978499039, 37.39130583147073], [127.08161649304631, 37.39145035825998]]}, "properties": {"LINK_ID": "2060345401", "ROAD_NAME": "운중로166번길", "LANES": 1, "ROAD_RANK": "107", "MAX_SPD": 40, "LENGTH": 16.051310283532}}, {"type": "Feature", "geometry": {"type": "LineString", "coordinates": [[127.08009214763969, 37.39316730725333], [127.0795173159571, 37.393202388380224]]}, "properties": {"LINK_ID": "2060202106", "ROAD_NAME": "산운로", "LANES": 1, "ROAD_RANK": "107", "MAX_SPD": 30, "LENGTH": 51.050783111731}}, {"type": "Feature", "geometry": {"type": "LineString", "coordinates": [[127.11307070497469, 37.391801776533676], [127.11306374506532, 37.39371667768954]]}, "properties": {"LINK_ID": "2060195100", "ROAD_NAME": "분당내곡로", "LANES": 3, "ROAD_RANK": "107", "MAX_SPD": 50, "LENGTH": 212.526494971681}}, {"type": "Feature", "geometry": {"type": "LineString", "coordinates": [[127.09722284659063, 37.40886030220255], [127.09712691341034, 37.40883651813486], [127.09686635263745, 37.40878829957837]]}, "properties": {"LINK_ID": "2040389609", "ROAD_NAME": "달래내로", "LANES": 2, "ROAD_RANK": "107", "MAX_SPD": 50, "LENGTH": 32.574819755181}}, {"type": "Feature", "geometry": {"type": "LineString", "coordinates": [[127.11173479443057, 37.40091242159132], [127.11174643517442, 37.40019121766206], [127.11174653261224, 37.39988241673296]]}, "properties": {"LINK_ID": "2060351200", "ROAD_NAME": "-", "LANES": 1, "ROAD_RANK": "107", "MAX_SPD": 50, "LENGTH": 114.322030355211}}, {"type": "Feature", "geometry": {"type": "LineString", "coordinates": [[127.11308142010554, 37.398364815140525], [127.1130934685222, 37.39923705950975], [127.11308378540801, 37.39981850934612]]}, "properties": {"LINK_ID": "2060194500", "ROAD_NAME": "분당내곡로", "LANES": 3, "ROAD_RANK": "107", "MAX_SPD": 50, "LENGTH": 161.350223266543}}, {"type": "Feature", "geometry": {"type": "LineString", "coordinates": [[127.10166238481273, 37.388467233079], [127.10170104037351, 37.38862603678643], [127.10168498441111, 37.3887147390151], [127.10164597122382, 37.389029455645854], [127.10161932815556, 37.389219301500155], [127.10161849339471, 37.389395637759556], [127.10162612915059, 37.38957206945111], [127.1016420932837, 37.389746986567914], [127.1016665805983, 37.389922445072756], [127.10169967402702, 37.39009793310808], [127.10174160095278, 37.390273705460395], [127.10179104495982, 37.39044491755445], [127.10184874447113, 37.39061479800968], [127.10191435833805, 37.390782389321274], [127.1019892966022, 37.39095069697193], [127.10203833030559, 37.39104881526595]]}, "properties": {"LINK_ID": "2060179600", "ROAD_NAME": "대왕판교로", "LANES": 2, "ROAD_RANK": "105", "MAX_SPD": 60, "LENGTH": 292.045683511019}}, {"type": "Feature", "geometry": {"type": "LineString", "coordinates": [[127.11308378540801, 37.39981850934612], [127.11308332513656, 37.3998840798147]]}, "properties": {"LINK_ID": "2060194501", "ROAD_NAME": "분당내곡로", "LANES": 3, "ROAD_RANK": "107", "MAX_SPD": 50, "LENGTH": 7.277471472275}}, {"type": "Feature", "geometry": {"type": "LineString", "coordinates": [[127.085095031936, 37.406998425238136], [127.0850952980276, 37.40700133800156], [127.0850981735681, 37.40701418087415], [127.08510261031931, 37.407025243108315], [127.08511364222585, 37.40704730655498], [127.0851489862311, 37.40712196305565], [127.08516045533892, 37.407154056337944], [127.08517436121201, 37.40718652539098], [127.085182829753, 37.40720508751119], [127.08519117305194, 37.40721877520254], [127.08520120389703, 37.40723252474862], [127.08521154810127, 37.407242712335794], [127.0852273609631, 37.40725355642785], [127.0852738922039, 37.40727877486499], [127.08533714219834, 37.40730883771588], [127.08551401692188, 37.40739274355452], [127.08556520464933, 37.407422369001345], [127.08559651750701, 37.40743993154387], [127.08561104833882, 37.4074466813764], [127.08574483016078, 37.407495306187684], [127.08578611044216, 37.4075134002608], [127.08581523653994, 37.40752886946021], [127.08584376731544, 37.40754624384089], [127.08587070502652, 37.40756518083926], [127.08589733024868, 37.40758839970544], [127.08591939212744, 37.40760752494385], [127.08593839208217, 37.40762777507459], [127.08595714166957, 37.407652306130124], [127.08597361116563, 37.40767814982459], [127.08598542353684, 37.407703837423085], [127.08599545494224, 37.40773568118297], [127.08599782969029, 37.40774305610613], [127.08601326658007, 37.407790399782805], [127.08601920522091, 37.40780593174938], [127.08602489234737, 37.40781980602193], [127.0860800792924, 37.40793752465669], [127.08608926671606, 37.407965150446515], [127.08610748648078, 37.40802008768062], [127.08613217376241, 37.40816077476903], [127.08615692374369, 37.40829399324946], [127.08617970463915, 37.40835189961006], [127.08619701679639, 37.408383493865756], [127.08621189221316, 37.4084088377188], [127.08623504888551, 37.40843680560705], [127.0863176731401, 37.40852443076422], [127.08645617356629, 37.408667836798664], [127.0865099236997, 37.40874311823331], [127.08652836125057, 37.40877386916133], [127.08656686096579, 37.408883743768925], [127.08659470438073, 37.408990274373615], [127.08662714173295, 37.40912236894025], [127.08662923577647, 37.40915955609473], [127.0866301112007, 37.40928514949422], [127.08659986149223, 37.40938546235664], [127.08650982948673, 37.40963071194145], [127.08650851749319, 37.409640993535795], [127.08651082953772, 37.40969589998222], [127.08653907997405, 37.40993611817397], [127.08653914216865, 37.40999214983526], [127.08654139194824, 37.410011556150934], [127.08654348531161, 37.41002361927117], [127.08654936044974, 37.41002886791483], [127.08661095412329, 37.41007574340597], [127.08662600607967, 37.41008388945056]]}, "properties": {"LINK_ID": "2040006300", "ROAD_NAME": "금토로62번길", "LANES": 1, "ROAD_RANK": "107", "MAX_SPD": 30, "LENGTH": 398.252303212532}}, {"type": "Feature", "geometry": {"type": "LineString", "coordinates": [[127.09982009796343, 37.39110782450464], [127.09982064068845, 37.39112555910625], [127.09980812525005, 37.391917796267634], [127.09980805413727, 37.39266666691081]]}, "properties": {"LINK_ID": "2060330203", "ROAD_NAME": "서판교로44번길", "LANES": 1, "ROAD_RANK": "107", "MAX_SPD": 30, "LENGTH": 173.015864545961}}, {"type": "Feature", "geometry": {"type": "LineString", "coordinates": [[127.08189783334899, 37.392947248911746], [127.08190440794385, 37.39295054204938], [127.08192946226231, 37.39297550862848], [127.08194186336127, 37.39300052060607], [127.08194190025534, 37.393011074993005]]}, "properties": {"LINK_ID": "2060346402", "ROAD_NAME": "산운로", "LANES": 1, "ROAD_RANK": "107", "MAX_SPD": 30, "LENGTH": 8.393733334518}}, {"type": "Feature", "geometry": {"type": "LineString", "coordinates": [[127.11526245807643, 37.40392866606651], [127.11489314892539, 37.40374158313774], [127.1147563776576, 37.40367215628706], [127.11461553078897, 37.40360812673595], [127.11447094171412, 37.40354964461769], [127.11432295397226, 37.40349684924473], [127.11417191898592, 37.403449867309035], [127.11401819492639, 37.40340880927918], [127.11386214559008, 37.40337377300574], [127.11370414378308, 37.40334484101501], [127.11354456341832, 37.4033220823188], [127.11338378177342, 37.40330555151126], [127.11322218287681, 37.403295286963726], [127.1130601484767, 37.40329131353643], [127.11302679563296, 37.4032920532559]]}, "properties": {"LINK_ID": "2060359200", "ROAD_NAME": "판교로", "LANES": 3, "ROAD_RANK": "107", "MAX_SPD": 50, "LENGTH": 213.926164007533}}, {"type": "Feature", "geometry": {"type": "LineString", "coordinates": [[127.09626974686336, 37.400134325181526], [127.09647572941557, 37.399880292153085], [127.0964821254638, 37.399846180582905], [127.09645453954721, 37.399813997891776], [127.09633555331186, 37.39975053897286]]}, "properties": {"LINK_ID": "2060349300", "ROAD_NAME": "서판교로", "LANES": 1, "ROAD_RANK": "107", "MAX_SPD": 40, "LENGTH": 54.406710278911}}, {"type": "Feature", "geometry": {"type": "LineString", "coordinates": [[127.08200632050948, 37.40159692294255], [127.08150811535968, 37.401405370688046], [127.0812624955542, 37.40131886333358], [127.08101421198214, 37.40124069984572], [127.08072931114347, 37.40115614016572], [127.08046790368665, 37.40108419432443], [127.08014897038743, 37.400999512235394], [127.07985615857503, 37.400925365305326], [127.07957902111973, 37.40085753947674], [127.0792992537149, 37.400791792515975], [127.079019427778, 37.40067951620307], [127.07874856004204, 37.40053723786479]]}, "properties": {"LINK_ID": "2040339300", "ROAD_NAME": "제2경인고속도로", "LANES": 1, "ROAD_RANK": "101", "MAX_SPD": 40, "LENGTH": 312.674412591419}}, {"type": "Feature", "geometry": {"type": "LineString", "coordinates": [[127.09809607018137, 37.39480530654239], [127.09810157878941, 37.394697151977596]]}, "properties": {"LINK_ID": "2060283104", "ROAD_NAME": "서판교로", "LANES": 2, "ROAD_RANK": "107", "MAX_SPD": 30, "LENGTH": 12.013458392948}}, {"type": "Feature", "geometry": {"type": "LineString", "coordinates": [[127.09420304157635, 37.400636538084164], [127.09413295064684, 37.400601398523975]]}, "properties": {"LINK_ID": "2060347802", "ROAD_NAME": "-", "LANES": 1, "ROAD_RANK": "107", "MAX_SPD": 40, "LENGTH": 7.329708070722}}, {"type": "Feature", "geometry": {"type": "LineString", "coordinates": [[127.11533369098876, 37.408482678007026], [127.11529940007061, 37.408627788462525], [127.11508116913264, 37.40965886473168], [127.11503258069314, 37.409850729142605], [127.11497518372195, 37.41004103882513], [127.11490905457381, 37.41022953780286], [127.11483428429044, 37.41041597008346], [127.11475097295859, 37.410600083268235], [127.11465923310072, 37.41078162944994], [127.11455918854142, 37.41096036251101], [127.11445097441482, 37.41113604262871], [127.11433473828338, 37.41130842906607], [127.1142113964355, 37.41147625517086]]}, "properties": {"LINK_ID": "2040410600", "ROAD_NAME": "동판교로", "LANES": 2, "ROAD_RANK": "107", "MAX_SPD": 60, "LENGTH": 349.552598194124}}, {"type": "Feature", "geometry": {"type": "LineString", "coordinates": [[127.11157124972806, 37.40604774301308], [127.11174296616784, 37.40584195295412], [127.11190756893362, 37.405601495220814], [127.1120935876125, 37.40529426577202], [127.11220802882583, 37.40508436909359], [127.1123748970483, 37.40476189947289], [127.1124892950345, 37.40452339605335], [127.1126654543382, 37.40402164384383], [127.11283425744783, 37.40339784071894], [127.11288392035543, 37.40303733918164], [127.11291451252985, 37.40271309215799], [127.11292835829873, 37.40238123216284], [127.11287411775423, 37.3997616723489], [127.11288036562318, 37.399386574359376]]}, "properties": {"LINK_ID": "2060112202", "ROAD_NAME": "분당내곡간도시고속화도로", "LANES": 3, "ROAD_RANK": "102", "MAX_SPD": 80, "LENGTH": 762.43179068635}}, {"type": "Feature", "geometry": {"type": "LineString", "coordinates": [[127.0849439071557, 37.40682603368133], [127.08508444647524, 37.40687930745788]]}, "properties": {"LINK_ID": "2040005903", "ROAD_NAME": "금토로", "LANES": 1, "ROAD_RANK": "107", "MAX_SPD": 30, "LENGTH": 13.776039331979}}, {"type": "Feature", "geometry": {"type": "LineString", "coordinates": [[127.10975015991374, 37.39379202775117], [127.10974698052739, 37.394458965725576]]}, "properties": {"LINK_ID": "2060195600", "ROAD_NAME": "판교역로", "LANES": 4, "ROAD_RANK": "107", "MAX_SPD": 50, "LENGTH": 74.020761641277}}, {"type": "Feature", "geometry": {"type": "LineString", "coordinates": [[127.10512671384109, 37.403168091300955], [127.10638434733968, 37.40316529769188]]}, "properties": {"LINK_ID": "2060181303", "ROAD_NAME": "판교로", "LANES": 3, "ROAD_RANK": "107", "MAX_SPD": 60, "LENGTH": 111.350800152019}}, {"type": "Feature", "geometry": {"type": "LineString", "coordinates": [[127.1064307640122, 37.404045161772], [127.10619803297222, 37.40404516072217], [127.10596485212075, 37.40409179410246], [127.1057975491829, 37.40416614835454], [127.10554211337808, 37.404433735505435], [127.10528502914755, 37.40466510164461], [127.10491297035, 37.404870367621385], [127.10444338095623, 37.405076318693816], [127.10406452154714, 37.40537776469464], [127.10388855895809, 37.40554068649353]]}, "properties": {"LINK_ID": "2060350200", "ROAD_NAME": "판교로289번길", "LANES": 1, "ROAD_RANK": "107", "MAX_SPD": 50, "LENGTH": 289.229838374231}}, {"type": "Feature", "geometry": {"type": "LineString", "coordinates": [[127.09626508773934, 37.39827067371724], [127.09636296835572, 37.398193642585845]]}, "properties": {"LINK_ID": "2060180704", "ROAD_NAME": "서판교로", "LANES": 2, "ROAD_RANK": "107", "MAX_SPD": 30, "LENGTH": 12.173971691073}}, {"type": "Feature", "geometry": {"type": "LineString", "coordinates": [[127.11540338230812, 37.40676571461266], [127.11540410108172, 37.406378186673734], [127.1154043016234, 37.406270064286595], [127.11540502766118, 37.405878619689496]]}, "properties": {"LINK_ID": "2060360602", "ROAD_NAME": "동판교로", "LANES": 2, "ROAD_RANK": "107", "MAX_SPD": 30, "LENGTH": 98.454706626062}}, {"type": "Feature", "geometry": {"type": "LineString", "coordinates": [[127.10975561476359, 37.39778515941028], [127.10974193974121, 37.39870460465585], [127.10974324565521, 37.39981286630581]]}, "properties": {"LINK_ID": "2060197500", "ROAD_NAME": "판교역로", "LANES": 3, "ROAD_RANK": "107", "MAX_SPD": 50, "LENGTH": 225.052816250484}}, {"type": "Feature", "geometry": {"type": "LineString", "coordinates": [[127.11235695043132, 37.396596257204045], [127.11235694582224, 37.39714528788528]]}, "properties": {"LINK_ID": "2060357600", "ROAD_NAME": "대왕판교로606번길", "LANES": 1, "ROAD_RANK": "107", "MAX_SPD": 30, "LENGTH": 60.934296709688}}, {"type": "Feature", "geometry": {"type": "LineString", "coordinates": [[127.11027091826304, 37.39713938666988], [127.11025957517887, 37.39626010360629]]}, "properties": {"LINK_ID": "2060352600", "ROAD_NAME": "대왕판교로606번길", "LANES": 1, "ROAD_RANK": "107", "MAX_SPD": 30, "LENGTH": 97.59259491747}}, {"type": "Feature", "geometry": {"type": "LineString", "coordinates": [[127.11863082740471, 37.41624468243963], [127.11866854828575, 37.41617655652822], [127.11909011104768, 37.415468994408556], [127.11965814251897, 37.41469664978454], [127.12002296748537, 37.4142089311555]]}, "properties": {"LINK_ID": "2060169203", "ROAD_NAME": "탄천로", "LANES": 2, "ROAD_RANK": "107", "MAX_SPD": 50, "LENGTH": 257.623578190509}}, {"type": "Feature", "geometry": {"type": "LineString", "coordinates": [[127.09061600252653, 37.40484714655177], [127.090865775127, 37.40492794851969], [127.09105414291767, 37.40498867564215], [127.09119031149076, 37.4050325738311], [127.09610484267178, 37.4066184214798]]}, "properties": {"LINK_ID": "2040340400", "ROAD_NAME": "제2경인고속도로", "LANES": 2, "ROAD_RANK": "101", "MAX_SPD": 100, "LENGTH": 524.2193871484}}, {"type": "Feature", "geometry": {"type": "LineString", "coordinates": [[127.100269544291, 37.4051465938892], [127.10033067426784, 37.40510245179784]]}, "properties": {"LINK_ID": "2060203901", "ROAD_NAME": "판교로255번길", "LANES": 1, "ROAD_RANK": "107", "MAX_SPD": 30, "LENGTH": 7.300290012948}}, {"type": "Feature", "geometry": {"type": "LineString", "coordinates": [[127.10405408071195, 37.39308230013271], [127.10417020191353, 37.39314978246868]]}, "properties": {"LINK_ID": "2060179601", "ROAD_NAME": "대왕판교로", "LANES": 2, "ROAD_RANK": "105", "MAX_SPD": 60, "LENGTH": 12.721125253445}}, {"type": "Feature", "geometry": {"type": "LineString", "coordinates": [[127.10976874688386, 37.40327309611751], [127.10963321301756, 37.40327247568964]]}, "properties": {"LINK_ID": "2060181805", "ROAD_NAME": "판교로", "LANES": 3, "ROAD_RANK": "107", "MAX_SPD": 50, "LENGTH": 12.00029610295}}, {"type": "Feature", "geometry": {"type": "LineString", "coordinates": [[127.1200828293793, 37.39144226217358], [127.12006680503873, 37.391387273270006], [127.12004898044131, 37.39132616692139], [127.11949212045805, 37.390345821302326], [127.11889368573217, 37.389506618024065], [127.11881662461973, 37.38928950311282]]}, "properties": {"LINK_ID": "2060124800", "ROAD_NAME": "분당수서로", "LANES": 2, "ROAD_RANK": "102", "MAX_SPD": 60, "LENGTH": 264.890247949096}}, {"type": "Feature", "geometry": {"type": "LineString", "coordinates": [[127.08865020862044, 37.409151613561754], [127.0887439147942, 37.40907289824569]]}, "properties": {"LINK_ID": "2040007401", "ROAD_NAME": "달래내로", "LANES": 1, "ROAD_RANK": "107", "MAX_SPD": 50, "LENGTH": 12.047677028199}}, {"type": "Feature", "geometry": {"type": "LineString", "coordinates": [[127.10421169226365, 37.39512094286659], [127.10296420511165, 37.395751382355115]]}, "properties": {"LINK_ID": "2060274800", "ROAD_NAME": "경부고속도로", "LANES": 4, "ROAD_RANK": "101", "MAX_SPD": 40, "LENGTH": 130.758846248394}}, {"type": "Feature", "geometry": {"type": "LineString", "coordinates": [[127.0968151284705, 37.40237175066068], [127.09715054536025, 37.40207361474496]]}, "properties": {"LINK_ID": "2060349809", "ROAD_NAME": "판교로209번길", "LANES": 1, "ROAD_RANK": "107", "MAX_SPD": 30, "LENGTH": 44.461625646076}}, {"type": "Feature", "geometry": {"type": "LineString", "coordinates": [[127.11308332513656, 37.3998840798147], [127.11283016055852, 37.39988413165285]]}, "properties": {"LINK_ID": "2060192802", "ROAD_NAME": "대왕판교로644번길", "LANES": 2, "ROAD_RANK": "107", "MAX_SPD": 50, "LENGTH": 22.416072707596}}, {"type": "Feature", "geometry": {"type": "LineString", "coordinates": [[127.08601377496107, 37.40629442645851], [127.08591235842034, 37.406284016953165]]}, "properties": {"LINK_ID": "2040424402", "ROAD_NAME": "-", "LANES": 1, "ROAD_RANK": "107", "MAX_SPD": 50, "LENGTH": 9.053023806539}}, {"type": "Feature", "geometry": {"type": "LineString", "coordinates": [[127.0982369844773, 37.39470154202565], [127.09921447463955, 37.39469639917702], [127.09972640891881, 37.39468807803689]]}, "properties": {"LINK_ID": "2060331900", "ROAD_NAME": "서판교로88번길", "LANES": 1, "ROAD_RANK": "107", "MAX_SPD": 30, "LENGTH": 131.899158815825}}, {"type": "Feature", "geometry": {"type": "LineString", "coordinates": [[127.09763940072364, 37.39898175238705], [127.09730430316635, 37.39881234012117], [127.09669133565684, 37.398503774632644], [127.09666369962788, 37.398489229454896], [127.09645215921185, 37.39837789276252], [127.0963493126187, 37.39831894684524]]}, "properties": {"LINK_ID": "2060331404", "ROAD_NAME": "서판교로132번길", "LANES": 1, "ROAD_RANK": "107", "MAX_SPD": 30, "LENGTH": 135.887178307808}}, {"type": "Feature", "geometry": {"type": "LineString", "coordinates": [[127.10975013696066, 37.3937149220178], [127.10975015991374, 37.39379202775117]]}, "properties": {"LINK_ID": "2060195801", "ROAD_NAME": "판교역로", "LANES": 2, "ROAD_RANK": "107", "MAX_SPD": 50, "LENGTH": 8.557592830673}}, {"type": "Feature", "geometry": {"type": "LineString", "coordinates": [[127.1029120186781, 37.42057027818423], [127.10297407241501, 37.42046980918183]]}, "properties": {"LINK_ID": "2040412901", "ROAD_NAME": "분당내곡간도시고속화도로", "LANES": 3, "ROAD_RANK": "102", "MAX_SPD": 80, "LENGTH": 12.430154083824}}, {"type": "Feature", "geometry": {"type": "LineString", "coordinates": [[127.09628800492007, 37.399599817570746], [127.09641087304688, 37.39966065186387]]}, "properties": {"LINK_ID": "2060348901", "ROAD_NAME": "서판교로", "LANES": 1, "ROAD_RANK": "107", "MAX_SPD": 40, "LENGTH": 12.804009477411}}, {"type": "Feature", "geometry": {"type": "LineString", "coordinates": [[127.10975013696066, 37.3937149220178], [127.11141424323834, 37.39371556784477]]}, "properties": {"LINK_ID": "2060195500", "ROAD_NAME": "판교역로146번길", "LANES": 2, "ROAD_RANK": "107", "MAX_SPD": 30, "LENGTH": 147.357842541667}}, {"type": "Feature", "geometry": {"type": "LineString", "coordinates": [[127.10157771356073, 37.391623279354384], [127.10165984941, 37.39111289214914]]}, "properties": {"LINK_ID": "2060007402", "ROAD_NAME": "경부고속도로", "LANES": 5, "ROAD_RANK": "101", "MAX_SPD": 110, "LENGTH": 57.110429958322}}, {"type": "Feature", "geometry": {"type": "LineString", "coordinates": [[127.11496414440545, 37.396254219694825], [127.11408040681796, 37.396257137479424]]}, "properties": {"LINK_ID": "2060196902", "ROAD_NAME": "대왕판교로606번길", "LANES": 2, "ROAD_RANK": "107", "MAX_SPD": 50, "LENGTH": 78.25364385152}}, {"type": "Feature", "geometry": {"type": "LineString", "coordinates": [[127.09983906077746, 37.3959819991458], [127.10002584967366, 37.395558634102095]]}, "properties": {"LINK_ID": "2060331704", "ROAD_NAME": "판교로210번길", "LANES": 1, "ROAD_RANK": "107", "MAX_SPD": 30, "LENGTH": 49.813326993923}}, {"type": "Feature", "geometry": {"type": "LineString", "coordinates": [[127.08575118992148, 37.40718199233098], [127.08578460419949, 37.40707607127783]]}, "properties": {"LINK_ID": "2040424102", "ROAD_NAME": "-", "LANES": 1, "ROAD_RANK": "107", "MAX_SPD": 50, "LENGTH": 12.122206575421}}, {"type": "Feature", "geometry": {"type": "LineString", "coordinates": [[127.11903399384283, 37.41960114845267], [127.11896833004523, 37.41950274404784], [127.11829270488317, 37.41852624366792], [127.11817017349789, 37.418287118875256], [127.11803367311705, 37.417975775069635], [127.11799051738576, 37.417865337102896], [127.117835892201, 37.41746971186766], [127.11781773579955, 37.41739436850607]]}, "properties": {"LINK_ID": "2040411900", "ROAD_NAME": "분당수서로", "LANES": 3, "ROAD_RANK": "102", "MAX_SPD": 80, "LENGTH": 268.779555691749}}, {"type": "Feature", "geometry": {"type": "LineString", "coordinates": [[127.10161165733236, 37.39788248537966], [127.10162175652175, 37.39820139125486], [127.10161698126026, 37.39829819297816], [127.10159999393427, 37.39841408521995], [127.10153866224722, 37.3986600076824], [127.10128841000837, 37.39980565783592]]}, "properties": {"LINK_ID": "2060283803", "ROAD_NAME": "판교로228번길", "LANES": 1, "ROAD_RANK": "107", "MAX_SPD": 40, "LENGTH": 216.002366053351}}, {"type": "Feature", "geometry": {"type": "LineString", "coordinates": [[127.08602610752959, 37.406200946041565], [127.08727603749861, 37.406281877722826], [127.08757809709134, 37.40631786006428], [127.08807491746403, 37.40638156076313], [127.08839234210943, 37.40644914276954], [127.08868571162358, 37.40652452768324], [127.08899027734397, 37.40661910418001], [127.08918329594756, 37.40670765876927], [127.0893423673482, 37.40680510924106], [127.08947872983904, 37.406922761336425], [127.08953518236481, 37.406985018192756]]}, "properties": {"LINK_ID": "2040424301", "ROAD_NAME": "-", "LANES": 1, "ROAD_RANK": "107", "MAX_SPD": 50, "LENGTH": 331.711506719148}}, {"type": "Feature", "geometry": {"type": "LineString", "coordinates": [[127.08413706717161, 37.41308705767931], [127.0842303153272, 37.41316553654641]]}, "properties": {"LINK_ID": "2040007601", "ROAD_NAME": "둔토로", "LANES": 1, "ROAD_RANK": "107", "MAX_SPD": 30, "LENGTH": 12.000430892813}}, {"type": "Feature", "geometry": {"type": "LineString", "coordinates": [[127.08865020862044, 37.409151613561754], [127.0886479866642, 37.409150212736456], [127.08861432977912, 37.409129806443445], [127.08851357949702, 37.4091348366195], [127.08827451674883, 37.40917983747701], [127.08800964259542, 37.409241055599686], [127.08792529809553, 37.409265992805075], [127.08790732964633, 37.409270931139964], [127.08768682953949, 37.409333024666694], [127.08758179904298, 37.409365149984524], [127.08749992296154, 37.40939746260681], [127.08743279810962, 37.40943914928575], [127.08738392312846, 37.40947408731734], [127.08735951710158, 37.409499212266475], [127.08726086172851, 37.409638806213934], [127.08712054773858, 37.409774713172936], [127.08705842355363, 37.409822900412784], [127.08687298653085, 37.40998180547916], [127.0867390982617, 37.41014348204455]]}, "properties": {"LINK_ID": "2040007200", "ROAD_NAME": "둔토로", "LANES": 1, "ROAD_RANK": "107", "MAX_SPD": 30, "LENGTH": 214.951940655215}}, {"type": "Feature", "geometry": {"type": "LineString", "coordinates": [[127.10961698549507, 37.402378461567785], [127.10976273630972, 37.40237855424811]]}, "properties": {"LINK_ID": "2060350001", "ROAD_NAME": "판교역로241번길", "LANES": 1, "ROAD_RANK": "107", "MAX_SPD": 50, "LENGTH": 12.904859333464}}, {"type": "Feature", "geometry": {"type": "LineString", "coordinates": [[127.1117195028137, 37.39725431218965], [127.11158398090208, 37.39725388338864]]}, "properties": {"LINK_ID": "2060352301", "ROAD_NAME": "대왕판교로606번길", "LANES": 1, "ROAD_RANK": "107", "MAX_SPD": 30, "LENGTH": 12.000094610157}}, {"type": "Feature", "geometry": {"type": "LineString", "coordinates": [[127.11400670782827, 37.39618298100507], [127.11408002523984, 37.3961834878385]]}, "properties": {"LINK_ID": "2060193901", "ROAD_NAME": "대왕판교로606번길", "LANES": 2, "ROAD_RANK": "107", "MAX_SPD": 50, "LENGTH": 6.492341606491}}, {"type": "Feature", "geometry": {"type": "LineString", "coordinates": [[127.08147474536715, 37.391315272259305], [127.08160978499039, 37.39130583147073]]}, "properties": {"LINK_ID": "2060006416", "ROAD_NAME": "운중로", "LANES": 2, "ROAD_RANK": "105", "MAX_SPD": 50, "LENGTH": 12.004048744752}}, {"type": "Feature", "geometry": {"type": "LineString", "coordinates": [[127.095844146678, 37.39939597235549], [127.09628800492007, 37.399599817570746]]}, "properties": {"LINK_ID": "2060348900", "ROAD_NAME": "서판교로", "LANES": 1, "ROAD_RANK": "107", "MAX_SPD": 40, "LENGTH": 45.347554793391}}, {"type": "Feature", "geometry": {"type": "LineString", "coordinates": [[127.11657093828481, 37.405924273591545], [127.11650759606273, 37.405886440652274], [127.11551107806599, 37.40587874481554]]}, "properties": {"LINK_ID": "2060351900", "ROAD_NAME": "동판교로266번길", "LANES": 1, "ROAD_RANK": "107", "MAX_SPD": 30, "LENGTH": 95.238093895911}}, {"type": "Feature", "geometry": {"type": "LineString", "coordinates": [[127.08174646944805, 37.416063118651756], [127.08273673611552, 37.414683462603755], [127.08376048528864, 37.41337177529147], [127.08392666495897, 37.41324612869924]]}, "properties": {"LINK_ID": "2040007911", "ROAD_NAME": "달래내로", "LANES": 1, "ROAD_RANK": "107", "MAX_SPD": 50, "LENGTH": 368.194536600117}}, {"type": "Feature", "geometry": {"type": "LineString", "coordinates": [[127.10172784341482, 37.392104651595176], [127.10161598590827, 37.39279855641723], [127.10145768655788, 37.39341492165472]]}, "properties": {"LINK_ID": "2060007301", "ROAD_NAME": "경부고속도로", "LANES": 5, "ROAD_RANK": "101", "MAX_SPD": 110, "LENGTH": 147.476307736537}}, {"type": "Feature", "geometry": {"type": "LineString", "coordinates": [[127.09986532944825, 37.412211431603346], [127.09974720978371, 37.41229283851598]]}, "properties": {"LINK_ID": "2040411001", "ROAD_NAME": "대왕판교로", "LANES": 4, "ROAD_RANK": "105", "MAX_SPD": 60, "LENGTH": 13.819547996986}}, {"type": "Feature", "geometry": {"type": "LineString", "coordinates": [[127.11235694582224, 37.39714528788528], [127.1128200766011, 37.39713914840233]]}, "properties": {"LINK_ID": "2060332800", "ROAD_NAME": "대왕판교로606번길", "LANES": 1, "ROAD_RANK": "107", "MAX_SPD": 30, "LENGTH": 41.014363596006}}, {"type": "Feature", "geometry": {"type": "LineString", "coordinates": [[127.08615547936348, 37.405078940436454], [127.08604975516397, 37.40599585924987]]}, "properties": {"LINK_ID": "2040423501", "ROAD_NAME": "-", "LANES": 1, "ROAD_RANK": "107", "MAX_SPD": 50, "LENGTH": 102.194134086938}}, {"type": "Feature", "geometry": {"type": "LineString", "coordinates": [[127.10118747925584, 37.39980439990105], [127.1014048930907, 37.39864266338843], [127.10146707282998, 37.39839300012732], [127.1014823509228, 37.398285799721464], [127.10148632895297, 37.39819731961935], [127.1014763259191, 37.39788523499058], [127.101466707748, 37.39758515514888], [127.10146409040317, 37.39750349548976], [127.10145453736868, 37.397368731604665], [127.1014317275574, 37.397257058752785], [127.10129322917577, 37.3967366728972]]}, "properties": {"LINK_ID": "2060283700", "ROAD_NAME": "판교로228번길", "LANES": 1, "ROAD_RANK": "107", "MAX_SPD": 40, "LENGTH": 344.026477338456}}, {"type": "Feature", "geometry": {"type": "LineString", "coordinates": [[127.11306722466003, 37.396177793942236], [127.11400670782827, 37.39618298100507]]}, "properties": {"LINK_ID": "2060193900", "ROAD_NAME": "대왕판교로606번길", "LANES": 2, "ROAD_RANK": "107", "MAX_SPD": 50, "LENGTH": 83.191192808138}}, {"type": "Feature", "geometry": {"type": "LineString", "coordinates": [[127.10962245589245, 37.403937059949854], [127.10975791819172, 37.403942177127796]]}, "properties": {"LINK_ID": "2060348301", "ROAD_NAME": "판교로319번길", "LANES": 1, "ROAD_RANK": "107", "MAX_SPD": 50, "LENGTH": 12.007094768499}}, {"type": "Feature", "geometry": {"type": "LineString", "coordinates": [[127.08592717988844, 37.40619373852244], [127.08602610752959, 37.406200946041565]]}, "properties": {"LINK_ID": "2040424303", "ROAD_NAME": "-", "LANES": 1, "ROAD_RANK": "107", "MAX_SPD": 50, "LENGTH": 8.795110853453}}, {"type": "Feature", "geometry": {"type": "LineString", "coordinates": [[127.1162552372884, 37.40430415415732], [127.11693818658293, 37.40464597043013], [127.11710815394592, 37.40473624030834], [127.11728286633269, 37.40482054588648], [127.11746199931274, 37.40489872798555], [127.11764521265766, 37.40497064005796], [127.11767106365532, 37.40497969795414], [127.11783216389094, 37.405036145471236], [127.11802249925948, 37.40509512202225], [127.11899740857457, 37.405365138667456]]}, "properties": {"LINK_ID": "2060359700", "ROAD_NAME": "판교로", "LANES": 3, "ROAD_RANK": "107", "MAX_SPD": 50, "LENGTH": 271.222936755676}}, {"type": "Feature", "geometry": {"type": "LineString", "coordinates": [[127.10392049934723, 37.41579113573955], [127.10397473624502, 37.41525768133249], [127.10414486112082, 37.41371699306984], [127.10421581051274, 37.41348255480115], [127.10429540441655, 37.41324988926887], [127.10438357300335, 37.41301919834573], [127.10448023854029, 37.41279068390977], [127.10458531764499, 37.412564544238435], [127.1046987179022, 37.41234097761565], [127.10482034124762, 37.41212017872486], [127.10495008170925, 37.4119023386512], [127.10508782428043, 37.41168764668458], [127.10523345057169, 37.41147629301779], [127.10538392465494, 37.41129596234368], [127.10554030561767, 37.41111885995856], [127.10587035390223, 37.41077482600021], [127.10604379110055, 37.4106081351579], [127.10625716625901, 37.410397772095756]]}, "properties": {"LINK_ID": "2040410900", "ROAD_NAME": "분당내곡간도시고속화도로", "LANES": 3, "ROAD_RANK": "102", "MAX_SPD": 80, "LENGTH": 648.96130666099}}, {"type": "Feature", "geometry": {"type": "LineString", "coordinates": [[127.11188205922953, 37.3998826317756], [127.11188196126338, 37.40019192745328], [127.11187031148607, 37.40091381359778]]}, "properties": {"LINK_ID": "2060351300", "ROAD_NAME": "-", "LANES": 1, "ROAD_RANK": "107", "MAX_SPD": 50, "LENGTH": 114.452660414928}}, {"type": "Feature", "geometry": {"type": "LineString", "coordinates": [[127.11306374506532, 37.39371667768954], [127.11306364242078, 37.393792956441935]]}, "properties": {"LINK_ID": "2060195101", "ROAD_NAME": "분당내곡로", "LANES": 3, "ROAD_RANK": "107", "MAX_SPD": 50, "LENGTH": 8.46581545485}}, {"type": "Feature", "geometry": {"type": "LineString", "coordinates": [[127.09673832833371, 37.39839897619863], [127.09676481755658, 37.398412917703936], [127.0973767336264, 37.39872095478296], [127.09771194246447, 37.39889042305238]]}, "properties": {"LINK_ID": "2060331504", "ROAD_NAME": "서판교로132번길", "LANES": 1, "ROAD_RANK": "107", "MAX_SPD": 30, "LENGTH": 102.014752617522}}, {"type": "Feature", "geometry": {"type": "LineString", "coordinates": [[127.09360916069447, 37.41125695132179], [127.09327345213778, 37.41152071176923], [127.0931953431307, 37.41167692271646], [127.09318412251855, 37.41184146849667], [127.09328032908596, 37.41208198279558]]}, "properties": {"LINK_ID": "2040402901", "ROAD_NAME": "창업로40번길", "LANES": 1, "ROAD_RANK": "107", "MAX_SPD": 30, "LENGTH": 106.690046808421}}, {"type": "Feature", "geometry": {"type": "LineString", "coordinates": [[127.09497444471606, 37.41008119637503], [127.09493666624363, 37.41076490726607]]}, "properties": {"LINK_ID": "2040403000", "ROAD_NAME": "창업로", "LANES": 2, "ROAD_RANK": "107", "MAX_SPD": 50, "LENGTH": 75.955630442384}}, {"type": "Feature", "geometry": {"type": "LineString", "coordinates": [[127.11537689203276, 37.403986635106], [127.11511892292248, 37.404323897495274], [127.11576383815864, 37.40464987931687]]}, "properties": {"LINK_ID": "2060352100", "ROAD_NAME": "동판교로", "LANES": 1, "ROAD_RANK": "107", "MAX_SPD": 40, "LENGTH": 111.445935942845}}, {"type": "Feature", "geometry": {"type": "LineString", "coordinates": [[127.09810157878941, 37.394697151977596], [127.0982369844773, 37.39470154202565]]}, "properties": {"LINK_ID": "2060331902", "ROAD_NAME": "서판교로88번길", "LANES": 1, "ROAD_RANK": "107", "MAX_SPD": 30, "LENGTH": 12.000008166484}}, {"type": "Feature", "geometry": {"type": "LineString", "coordinates": [[127.08929123777656, 37.40775240466834], [127.08936985262105, 37.407839191692425]]}, "properties": {"LINK_ID": "2040425902", "ROAD_NAME": "금토로", "LANES": 1, "ROAD_RANK": "107", "MAX_SPD": 30, "LENGTH": 11.883607599743}}, {"type": "Feature", "geometry": {"type": "LineString", "coordinates": [[127.1168910053229, 37.40141629845026], [127.11690517138402, 37.40268268158548]]}, "properties": {"LINK_ID": "2060358905", "ROAD_NAME": "동판교로", "LANES": 2, "ROAD_RANK": "107", "MAX_SPD": 30, "LENGTH": 140.55555817559}}, {"type": "Feature", "geometry": {"type": "LineString", "coordinates": [[127.10150506287766, 37.39500591582965], [127.1015156019651, 37.39527158837076], [127.10153963822704, 37.395376090761154], [127.10158011070709, 37.39552241706912], [127.10159617527928, 37.3956344867644], [127.10159565239263, 37.39573321035854], [127.10157686539479, 37.39583566996019], [127.10155192448995, 37.39590203631064], [127.10153015950904, 37.39596778002531], [127.10151557473591, 37.39602595349453], [127.10149992661631, 37.396134751774404], [127.1014789473564, 37.39642066033134], [127.10147777231526, 37.39656853159375], [127.10146401802025, 37.396634666665506], [127.10144710651782, 37.39668270652501], [127.10142672487702, 37.39671858607076]]}, "properties": {"LINK_ID": "2060283900", "ROAD_NAME": "경부고속도로", "LANES": 2, "ROAD_RANK": "101", "MAX_SPD": 40, "LENGTH": 192.414925594284}}, {"type": "Feature", "geometry": {"type": "LineString", "coordinates": [[127.11948097334343, 37.403178018627464], [127.11918125731357, 37.405412401812626], [127.119173706598, 37.40546077257632], [127.11916534946887, 37.40551416103156], [127.11882916054685, 37.40803735319377], [127.11878470987281, 37.408368673950406], [127.11878470992544, 37.40836870728809], [127.11876272604717, 37.40853264332699]]}, "properties": {"LINK_ID": "2060135900", "ROAD_NAME": "분당수서로", "LANES": 3, "ROAD_RANK": "102", "MAX_SPD": 60, "LENGTH": 597.679656349489}}, {"type": "Feature", "geometry": {"type": "LineString", "coordinates": [[127.11677817688201, 37.39836917903177], [127.11570120161475, 37.39836749743095], [127.11409174191354, 37.398364966120006]]}, "properties": {"LINK_ID": "2060192900", "ROAD_NAME": "동판교로177번길", "LANES": 2, "ROAD_RANK": "107", "MAX_SPD": 50, "LENGTH": 237.871559849262}}, {"type": "Feature", "geometry": {"type": "LineString", "coordinates": [[127.10977129233534, 37.40315865517018], [127.11278904871678, 37.40317951102161]]}, "properties": {"LINK_ID": "2060181302", "ROAD_NAME": "판교로", "LANES": 3, "ROAD_RANK": "107", "MAX_SPD": 50, "LENGTH": 267.20099514075}}, {"type": "Feature", "geometry": {"type": "LineString", "coordinates": [[127.11307089924001, 37.39165049091671], [127.11676921764072, 37.391813912264205]]}, "properties": {"LINK_ID": "2060183900", "ROAD_NAME": "서현로", "LANES": 4, "ROAD_RANK": "105", "MAX_SPD": 60, "LENGTH": 327.99930412017}}, {"type": "Feature", "geometry": {"type": "LineString", "coordinates": [[127.10960072208321, 37.4008953359723], [127.10958958484633, 37.399879644852255]]}, "properties": {"LINK_ID": "2060207104", "ROAD_NAME": "판교역로", "LANES": 3, "ROAD_RANK": "107", "MAX_SPD": 60, "LENGTH": 112.731086775211}}, {"type": "Feature", "geometry": {"type": "LineString", "coordinates": [[127.09466034148834, 37.39993185907787], [127.09474461747165, 37.399813312808206]]}, "properties": {"LINK_ID": "2060203103", "ROAD_NAME": "서판교로", "LANES": 1, "ROAD_RANK": "107", "MAX_SPD": 40, "LENGTH": 15.125687450341}}, {"type": "Feature", "geometry": {"type": "LineString", "coordinates": [[127.11187031148607, 37.40091381359778], [127.11186668869823, 37.401024715662324]]}, "properties": {"LINK_ID": "2060351301", "ROAD_NAME": "-", "LANES": 1, "ROAD_RANK": "107", "MAX_SPD": 50, "LENGTH": 12.312678667709}}, {"type": "Feature", "geometry": {"type": "LineString", "coordinates": [[127.10145768655788, 37.39341492165472], [127.10075579814176, 37.39733568041159], [127.10069257919534, 37.39764118142679], [127.10061788137041, 37.39804830543415]]}, "properties": {"LINK_ID": "2060010300", "ROAD_NAME": "경부고속도로", "LANES": 5, "ROAD_RANK": "101", "MAX_SPD": 110, "LENGTH": 519.593550354177}}, {"type": "Feature", "geometry": {"type": "LineString", "coordinates": [[127.10044154841589, 37.41390983658249], [127.10020807991474, 37.41339364985831], [127.09987348616245, 37.41267430618047], [127.09986592346078, 37.4126580248463], [127.0998651111033, 37.41265618114635], [127.09986439132955, 37.41265430583253], [127.09977782888801, 37.412416430576876], [127.09977701704344, 37.412414118345865], [127.09977639262613, 37.41241174378633], [127.09974720978371, 37.41229283851598]]}, "properties": {"LINK_ID": "2040411300", "ROAD_NAME": "대왕판교로", "LANES": 4, "ROAD_RANK": "105", "MAX_SPD": 60, "LENGTH": 189.893133358475}}, {"type": "Feature", "geometry": {"type": "LineString", "coordinates": [[127.11222142400433, 37.39714619332148], [127.11235694582224, 37.39714528788528]]}, "properties": {"LINK_ID": "2060352201", "ROAD_NAME": "대왕판교로606번길", "LANES": 1, "ROAD_RANK": "107", "MAX_SPD": 30, "LENGTH": 12.000430137505}}, {"type": "Feature", "geometry": {"type": "LineString", "coordinates": [[127.10477891736163, 37.403280278635684], [127.10483696172523, 37.40316521430989]]}, "properties": {"LINK_ID": "2060179904", "ROAD_NAME": "대왕판교로", "LANES": 2, "ROAD_RANK": "105", "MAX_SPD": 60, "LENGTH": 13.765756319394}}, {"type": "Feature", "geometry": {"type": "LineString", "coordinates": [[127.1168712428684, 37.39327917673314], [127.11687130266792, 37.3933873283302]]}, "properties": {"LINK_ID": "2060207201", "ROAD_NAME": "동판교로", "LANES": 2, "ROAD_RANK": "107", "MAX_SPD": 50, "LENGTH": 12.003225098517}}, {"type": "Feature", "geometry": {"type": "LineString", "coordinates": [[127.11687832741524, 37.398368182519285], [127.11677817688201, 37.39836917903177]]}, "properties": {"LINK_ID": "2060192901", "ROAD_NAME": "동판교로177번길", "LANES": 2, "ROAD_RANK": "107", "MAX_SPD": 50, "LENGTH": 8.868545398188}}, {"type": "Feature", "geometry": {"type": "LineString", "coordinates": [[127.10507399977031, 37.412083017930065], [127.10537841918125, 37.412347462063835], [127.10611395325209, 37.413147465937776], [127.10618678773461, 37.413228098507176], [127.10626301177166, 37.41331876893939], [127.10632119504093, 37.413397289988346], [127.10637232374056, 37.413479536761095], [127.10640802869328, 37.41355193934523], [127.10642822687403, 37.413604559591164], [127.10644404952481, 37.41365832986873], [127.10645535257134, 37.41371282142439], [127.10646208595757, 37.41376779102939], [127.10646421996235, 37.41382299723821], [127.10646174518934, 37.41387819318038], [127.10645460330365, 37.413933671739315], [127.10644371366612, 37.41399573110925], [127.10642721918958, 37.41404041396844], [127.10640627877557, 37.414094020913076], [127.10638132867885, 37.41414554289988], [127.10635213710846, 37.41419562616539], [127.10631883252037, 37.41424404984134], [127.10628156258406, 37.41429059934909], [127.10624049305412, 37.41433506730168], [127.10619580664732, 37.414377258009964], [127.10614769964862, 37.414416983881786], [127.10609638643609, 37.41445406992297], [127.1060421107553, 37.41448833841005], [127.10598093545725, 37.414521866112665], [127.10590144656713, 37.41455918996305], [127.10581956903776, 37.41459209820278], [127.10572520241523, 37.41462497520692], [127.10564041240173, 37.41465130848979], [127.10553356139006, 37.41468193583934], [127.10505761908205, 37.41481403911238], [127.10496281480431, 37.41484214319978], [127.10486962330987, 37.41487250913957], [127.10478865438799, 37.41490221724161], [127.1047291261609, 37.41492671823121], [127.1046621187972, 37.414957777119234], [127.10460643001448, 37.414987125732694], [127.10454488930841, 37.415024266999446], [127.1044885622227, 37.41506339217457], [127.10443587518002, 37.41510529825503], [127.10438252035989, 37.41515282004987], [127.10434099929722, 37.415197849070424], [127.10430003890352, 37.41524725923534], [127.10426315402061, 37.41529903637168], [127.1042307212812, 37.415352699908254], [127.1042020257096, 37.415409929977564], [127.10405749161296, 37.41579970066167]]}, "properties": {"LINK_ID": "2040341100", "ROAD_NAME": "제2경인고속도로", "LANES": 1, "ROAD_RANK": "101", "MAX_SPD": 50, "LENGTH": 562.719425922458}}, {"type": "Feature", "geometry": {"type": "LineString", "coordinates": [[127.10241808152881, 37.3886373146821], [127.10234573576771, 37.38898352524427], [127.10210779791717, 37.39008608796836], [127.10188341527378, 37.39113954462188]]}, "properties": {"LINK_ID": "2060001104", "ROAD_NAME": "경부고속도로", "LANES": 5, "ROAD_RANK": "101", "MAX_SPD": 110, "LENGTH": 281.717906913728}}, {"type": "Feature", "geometry": {"type": "LineString", "coordinates": [[127.10251298158259, 37.40095477581575], [127.10099106550476, 37.40094949273989], [127.10094473019358, 37.40094504612313], [127.10089968997907, 37.40093529407303], [127.10085689384725, 37.400920443016425], [127.1008207934333, 37.40090256256166]]}, "properties": {"LINK_ID": "2060204900", "ROAD_NAME": "판교로", "LANES": 1, "ROAD_RANK": "107", "MAX_SPD": 40, "LENGTH": 150.914058463053}}, {"type": "Feature", "geometry": {"type": "LineString", "coordinates": [[127.11701522321601, 37.42057773415994], [127.11700823611889, 37.420603024822746], [127.11699214190581, 37.4207014625247], [127.11693454858809, 37.42105383815947], [127.11686108490937, 37.4214359281066], [127.11675412719826, 37.42199221593873]]}, "properties": {"LINK_ID": "2040412202", "ROAD_NAME": "탄천로", "LANES": 3, "ROAD_RANK": "107", "MAX_SPD": 50, "LENGTH": 158.695368399903}}, {"type": "Feature", "geometry": {"type": "LineString", "coordinates": [[127.09771194246447, 37.39889042305238], [127.09805189664448, 37.39906228862159]]}, "properties": {"LINK_ID": "2060331505", "ROAD_NAME": "서판교로132번길", "LANES": 1, "ROAD_RANK": "107", "MAX_SPD": 30, "LENGTH": 35.635839640375}}, {"type": "Feature", "geometry": {"type": "LineString", "coordinates": [[127.09641087304688, 37.39966065186387], [127.09633555331186, 37.39975053897286]]}, "properties": {"LINK_ID": "2060349001", "ROAD_NAME": "-", "LANES": 1, "ROAD_RANK": "107", "MAX_SPD": 40, "LENGTH": 12.000005128323}}, {"type": "Feature", "geometry": {"type": "LineString", "coordinates": [[127.10250049448709, 37.399888062702836], [127.10127326415744, 37.39987277492148]]}, "properties": {"LINK_ID": "2060194900", "ROAD_NAME": "대왕판교로645번길", "LANES": 2, "ROAD_RANK": "107", "MAX_SPD": 50, "LENGTH": 108.676466594489}}, {"type": "Feature", "geometry": {"type": "LineString", "coordinates": [[127.0842303153272, 37.41316553654641], [127.0840199210607, 37.41332459406433]]}, "properties": {"LINK_ID": "2040007301", "ROAD_NAME": "달래내로", "LANES": 1, "ROAD_RANK": "107", "MAX_SPD": 50, "LENGTH": 25.662201125305}}, {"type": "Feature", "geometry": {"type": "LineString", "coordinates": [[127.10706216132564, 37.396186654619314], [127.10860204198734, 37.396187672811735]]}, "properties": {"LINK_ID": "2060197800", "ROAD_NAME": "대왕판교로606번길", "LANES": 3, "ROAD_RANK": "107", "MAX_SPD": 50, "LENGTH": 136.35311721591}}, {"type": "Feature", "geometry": {"type": "LineString", "coordinates": [[127.09942200674121, 37.41096811124072], [127.09938675871165, 37.410824510664575]]}, "properties": {"LINK_ID": "2040411101", "ROAD_NAME": "대왕판교로", "LANES": 4, "ROAD_RANK": "105", "MAX_SPD": 60, "LENGTH": 16.240197996139}}, {"type": "Feature", "geometry": {"type": "LineString", "coordinates": [[127.09462391647756, 37.40849277693124], [127.09461047650043, 37.40860035285849]]}, "properties": {"LINK_ID": "2040422202", "ROAD_NAME": "경부고속도로", "LANES": 2, "ROAD_RANK": "101", "MAX_SPD": 30, "LENGTH": 11.998504363995}}, {"type": "Feature", "geometry": {"type": "LineString", "coordinates": [[127.11281049593552, 37.39379319821563], [127.1128105945262, 37.3937160916883]]}, "properties": {"LINK_ID": "2060195301", "ROAD_NAME": "분당내곡로", "LANES": 4, "ROAD_RANK": "107", "MAX_SPD": 50, "LENGTH": 8.557685728274}}, {"type": "Feature", "geometry": {"type": "LineString", "coordinates": [[127.1128200766011, 37.39713914840233], [127.11281434814427, 37.39625138093574]]}, "properties": {"LINK_ID": "2060193602", "ROAD_NAME": "분당내곡로", "LANES": 3, "ROAD_RANK": "107", "MAX_SPD": 50, "LENGTH": 98.530380618219}}, {"type": "Feature", "geometry": {"type": "LineString", "coordinates": [[127.10636001074985, 37.41047177404252], [127.10578853303689, 37.41099853404109], [127.1056330719593, 37.41116890892567], [127.10548429341331, 37.41134304029591], [127.10534234177247, 37.41152076045848], [127.10520735350681, 37.41170190082559], [127.10507945830324, 37.41188628560677], [127.10495877455857, 37.412073739921844], [127.10448907827039, 37.41303517842651], [127.10442858293317, 37.41325058082482], [127.10427611522215, 37.41374916989514], [127.10405749161296, 37.41579970066167]]}, "properties": {"LINK_ID": "2040410800", "ROAD_NAME": "분당내곡간도시고속화도로", "LANES": 3, "ROAD_RANK": "102", "MAX_SPD": 80, "LENGTH": 642.02008371901}}, {"type": "Feature", "geometry": {"type": "LineString", "coordinates": [[127.09474461747165, 37.399813312808206], [127.09495817688128, 37.39951447703347], [127.0951967004449, 37.39922144872954]]}, "properties": {"LINK_ID": "2060180701", "ROAD_NAME": "서판교로", "LANES": 2, "ROAD_RANK": "107", "MAX_SPD": 30, "LENGTH": 76.955925492291}}, {"type": "Feature", "geometry": {"type": "LineString", "coordinates": [[127.1097556417596, 37.39772072722038], [127.11017502106536, 37.397719392912784], [127.11025775322418, 37.397719504886915]]}, "properties": {"LINK_ID": "2060205201", "ROAD_NAME": "판교역로192번길", "LANES": 2, "ROAD_RANK": "107", "MAX_SPD": 50, "LENGTH": 44.460276292563}}, {"type": "Feature", "geometry": {"type": "LineString", "coordinates": [[127.10117354629666, 37.39987153216219], [127.10118747925584, 37.39980439990105]]}, "properties": {"LINK_ID": "2060204501", "ROAD_NAME": "판교로228번길", "LANES": 2, "ROAD_RANK": "107", "MAX_SPD": 50, "LENGTH": 7.552135676601}}, {"type": "Feature", "geometry": {"type": "LineString", "coordinates": [[127.1162552372884, 37.40430415415732], [127.11616233395414, 37.404384850704545]]}, "properties": {"LINK_ID": "2060358901", "ROAD_NAME": "동판교로", "LANES": 2, "ROAD_RANK": "107", "MAX_SPD": 30, "LENGTH": 12.160230064575}}, {"type": "Feature", "geometry": {"type": "LineString", "coordinates": [[127.08945512474419, 37.40707626313108], [127.08935839347079, 37.40697417264467], [127.08922619349894, 37.40687005509689], [127.08906143518635, 37.406779345680896], [127.08883590159948, 37.406696310649934], [127.08850029399485, 37.406595992269324], [127.08818019392578, 37.40650136032173], [127.08780765545508, 37.40643921940428], [127.08726566358241, 37.40637085211115], [127.08601377496107, 37.40629442645851]]}, "properties": {"LINK_ID": "2040424401", "ROAD_NAME": "-", "LANES": 1, "ROAD_RANK": "107", "MAX_SPD": 50, "LENGTH": 325.759797022518}}, {"type": "Feature", "geometry": {"type": "LineString", "coordinates": [[127.11885972997734, 37.40831738146273], [127.11999714215054, 37.40840758736798], [127.1210163743715, 37.40864546920129]]}, "properties": {"LINK_ID": "2060149700", "ROAD_NAME": "야탑로", "LANES": 2, "ROAD_RANK": "107", "MAX_SPD": 50, "LENGTH": 195.214556175339}}, {"type": "Feature", "geometry": {"type": "LineString", "coordinates": [[127.09345664421484, 37.40827393378122], [127.09350791568079, 37.40817383209746]]}, "properties": {"LINK_ID": "2040390401", "ROAD_NAME": "달래내로54번길", "LANES": 1, "ROAD_RANK": "107", "MAX_SPD": 40, "LENGTH": 12.001375232196}}, {"type": "Feature", "geometry": {"type": "LineString", "coordinates": [[127.11308378540801, 37.39981850934612], [127.11393891690604, 37.399817688432634], [127.11677350597475, 37.39981492304323]]}, "properties": {"LINK_ID": "2060199700", "ROAD_NAME": "대왕판교로644번길", "LANES": 2, "ROAD_RANK": "107", "MAX_SPD": 50, "LENGTH": 326.701236962253}}, {"type": "Feature", "geometry": {"type": "LineString", "coordinates": [[127.11551035257995, 37.406270189412375], [127.11551015219236, 37.406378311798996]]}, "properties": {"LINK_ID": "2060360301", "ROAD_NAME": "동판교로", "LANES": 2, "ROAD_RANK": "107", "MAX_SPD": 30, "LENGTH": 12.000021178993}}, {"type": "Feature", "geometry": {"type": "LineString", "coordinates": [[127.08888328316462, 37.421144514473795], [127.08554912601912, 37.41639972553539]]}, "properties": {"LINK_ID": "2040370700", "ROAD_NAME": "용인서울고속도로", "LANES": 3, "ROAD_RANK": "101", "MAX_SPD": 100, "LENGTH": 603.672655787415}}, {"type": "Feature", "geometry": {"type": "LineString", "coordinates": [[127.09906926392685, 37.4037229396248], [127.10033067426784, 37.40510245179784]]}, "properties": {"LINK_ID": "2060197300", "ROAD_NAME": "판교로227번길", "LANES": 2, "ROAD_RANK": "107", "MAX_SPD": 50, "LENGTH": 189.510965884003}}, {"type": "Feature", "geometry": {"type": "LineString", "coordinates": [[127.10683117107264, 37.3962406597151], [127.10706216132564, 37.396186654619314]]}, "properties": {"LINK_ID": "2060197802", "ROAD_NAME": "대왕판교로606번길", "LANES": 3, "ROAD_RANK": "107", "MAX_SPD": 50, "LENGTH": 21.31379972685}}, {"type": "Feature", "geometry": {"type": "LineString", "coordinates": [[127.1097476658388, 37.40100446287153], [127.10976273630972, 37.40237855424811]]}, "properties": {"LINK_ID": "2060207004", "ROAD_NAME": "판교역로", "LANES": 3, "ROAD_RANK": "107", "MAX_SPD": 60, "LENGTH": 152.509801765088}}, {"type": "Feature", "geometry": {"type": "LineString", "coordinates": [[127.10033067426784, 37.40510245179784], [127.10043246243875, 37.40505532555759], [127.10186761504099, 37.404230756246776], [127.1019578673977, 37.40417065157624], [127.10204225860942, 37.404105351204976], [127.1021203181859, 37.404035218662926], [127.10214899872524, 37.404005218535175]]}, "properties": {"LINK_ID": "2060203600", "ROAD_NAME": "판교로255번길", "LANES": 2, "ROAD_RANK": "107", "MAX_SPD": 50, "LENGTH": 202.425553450038}}, {"type": "Feature", "geometry": {"type": "LineString", "coordinates": [[127.09777908424742, 37.40135033618914], [127.09800790443526, 37.40105447705781], [127.09802571282829, 37.401031864275524]]}, "properties": {"LINK_ID": "2060331300", "ROAD_NAME": "판교로210번길", "LANES": 1, "ROAD_RANK": "107", "MAX_SPD": 30, "LENGTH": 41.547307242472}}, {"type": "Feature", "geometry": {"type": "LineString", "coordinates": [[127.10656648160034, 37.40393704168857], [127.10962245589245, 37.403937059949854]]}, "properties": {"LINK_ID": "2060348300", "ROAD_NAME": "판교로319번길", "LANES": 1, "ROAD_RANK": "107", "MAX_SPD": 50, "LENGTH": 270.571988362721}}, {"type": "Feature", "geometry": {"type": "LineString", "coordinates": [[127.09577653279868, 37.39948967763159], [127.09565886078981, 37.39943594640765]]}, "properties": {"LINK_ID": "2060348801", "ROAD_NAME": "서판교로", "LANES": 1, "ROAD_RANK": "107", "MAX_SPD": 40, "LENGTH": 12.005014275332}}, {"type": "Feature", "geometry": {"type": "LineString", "coordinates": [[127.11760826641954, 37.41853690579338], [127.11751432928615, 37.41847664943099], [127.11745382946565, 37.418410555903804], [127.11741889243321, 37.41833543128256], [127.11734636077703, 37.4181245560346], [127.11727076664886, 37.41791199346208], [127.11724373559001, 37.417836275278034], [127.11717229891667, 37.41765690021773], [127.11714911147672, 37.417598806620674], [127.11702598556657, 37.41732711838998], [127.11696323614657, 37.41722571231426], [127.11688657986441, 37.41711199312242], [127.11681751667817, 37.41702914967977], [127.11674117286161, 37.41695490008969], [127.11642404816219, 37.41667514927851], [127.11614070527114, 37.416431181704134], [127.1159470800825, 37.41626802432595], [127.11566614191523, 37.416031430776066], [127.11547879889227, 37.41587227510341], [127.11537992317608, 37.41579618061498], [127.11525867320448, 37.41572086921834], [127.11508918702596, 37.415615154854656]]}, "properties": {"LINK_ID": "2040411500", "ROAD_NAME": "사송로", "LANES": 2, "ROAD_RANK": "107", "MAX_SPD": 50, "LENGTH": 403.382887744643}}, {"type": "Feature", "geometry": {"type": "LineString", "coordinates": [[127.07876995837202, 37.40043047135382], [127.07964675679075, 37.40026706736195], [127.07973154941928, 37.400269078059694], [127.0800165976153, 37.400326487787375], [127.08025978052235, 37.40037957151752], [127.08051603203663, 37.40043687794484], [127.08236715582174, 37.40087112943534]]}, "properties": {"LINK_ID": "2040339400", "ROAD_NAME": "제2경인고속도로", "LANES": 1, "ROAD_RANK": "101", "MAX_SPD": 40, "LENGTH": 329.995859103617}}, {"type": "Feature", "geometry": {"type": "LineString", "coordinates": [[127.09481748684159, 37.399849500296305], [127.09560388365666, 37.40024803261951]]}, "properties": {"LINK_ID": "2060207801", "ROAD_NAME": "판교로", "LANES": 3, "ROAD_RANK": "107", "MAX_SPD": 60, "LENGTH": 82.490939638534}}, {"type": "Feature", "geometry": {"type": "LineString", "coordinates": [[127.10251112257683, 37.40240102478401], [127.10231041566983, 37.40237837489118], [127.10209980708075, 37.40234854393996], [127.10189071729795, 37.40231255012515], [127.10168342879493, 37.40227044366892], [127.10147822291968, 37.402222279301384], [127.10127537990317, 37.4021681225677], [127.10107517095169, 37.40210804893373], [127.10087786840289, 37.402042137470126], [127.10068374121872, 37.40197047896531], [127.100505601574, 37.40189392031664], [127.10033025453046, 37.40181336300172], [127.10020029109504, 37.40174967215783]]}, "properties": {"LINK_ID": "2060204700", "ROAD_NAME": "판교로", "LANES": 1, "ROAD_RANK": "107", "MAX_SPD": 40, "LENGTH": 218.796312813978}}, {"type": "Feature", "geometry": {"type": "LineString", "coordinates": [[127.10829271180582, 37.39288172287884], [127.10421169226365, 37.39512094286659]]}, "properties": {"LINK_ID": "2060201500", "ROAD_NAME": "서현로", "LANES": 4, "ROAD_RANK": "105", "MAX_SPD": 60, "LENGTH": 438.582709422776}}, {"type": "Feature", "geometry": {"type": "LineString", "coordinates": [[127.09622039163361, 37.399693522788915], [127.09628800492007, 37.399599817570746]]}, "properties": {"LINK_ID": "2060349101", "ROAD_NAME": "-", "LANES": 1, "ROAD_RANK": "107", "MAX_SPD": 40, "LENGTH": 11.999950694495}}, {"type": "Feature", "geometry": {"type": "LineString", "coordinates": [[127.0857804021042, 37.39163933245052], [127.0858963043435, 37.391614463623846]]}, "properties": {"LINK_ID": "2060346401", "ROAD_NAME": "산운로", "LANES": 1, "ROAD_RANK": "107", "MAX_SPD": 30, "LENGTH": 10.628149903007}}, {"type": "Feature", "geometry": {"type": "LineString", "coordinates": [[127.09535127559714, 37.399171846141165], [127.09572590586525, 37.399341981502324]]}, "properties": {"LINK_ID": "2060334300", "ROAD_NAME": "서판교로", "LANES": 1, "ROAD_RANK": "107", "MAX_SPD": 40, "LENGTH": 38.169183091799}}, {"type": "Feature", "geometry": {"type": "LineString", "coordinates": [[127.09268451604807, 37.40864515563653], [127.0925893388684, 37.40865406020269], [127.09247061431076, 37.40866829822674], [127.09234052494001, 37.40869489078102], [127.09221739851854, 37.4087395350986], [127.09209696886042, 37.408807849679185], [127.09188145423678, 37.408959212975276], [127.09174809821177, 37.40906691721098], [127.09110655221068, 37.40963932653895], [127.09046206254602, 37.410232003022756], [127.0901526480059, 37.410505850158216], [127.09001377198399, 37.410588745247445], [127.0898110788603, 37.41066129648413]]}, "properties": {"LINK_ID": "2040421601", "ROAD_NAME": "경부고속도로", "LANES": 1, "ROAD_RANK": "101", "MAX_SPD": 30, "LENGTH": 346.516284880898}}, {"type": "Feature", "geometry": {"type": "LineString", "coordinates": [[127.08919625551532, 37.40838875103776], [127.08923046077604, 37.40834884660097], [127.08927585437216, 37.40825049881999], [127.08931087555426, 37.40811820543532], [127.08931087676102, 37.40800467831657], [127.08928921621593, 37.407925255098256], [127.0892638869352, 37.40788458110269]]}, "properties": {"LINK_ID": "2040427900", "ROAD_NAME": "외동로", "LANES": 1, "ROAD_RANK": "107", "MAX_SPD": 30, "LENGTH": 58.664508627175}}, {"type": "Feature", "geometry": {"type": "LineString", "coordinates": [[127.11463752244671, 37.415338843355016], [127.11472081721273, 37.41525355134583]]}, "properties": {"LINK_ID": "2040403301", "ROAD_NAME": "-", "LANES": 1, "ROAD_RANK": "107", "MAX_SPD": 20, "LENGTH": 11.999168598938}}, {"type": "Feature", "geometry": {"type": "LineString", "coordinates": [[127.095626289351, 37.400421591546156], [127.09551184341247, 37.40036362744117]]}, "properties": {"LINK_ID": "2060207906", "ROAD_NAME": "판교로", "LANES": 3, "ROAD_RANK": "107", "MAX_SPD": 50, "LENGTH": 12.002947002361}}, {"type": "Feature", "geometry": {"type": "LineString", "coordinates": [[127.09572590586525, 37.399341981502324], [127.095844146678, 37.39939597235549]]}, "properties": {"LINK_ID": "2060334302", "ROAD_NAME": "서판교로", "LANES": 1, "ROAD_RANK": "107", "MAX_SPD": 40, "LENGTH": 12.063050146912}}, {"type": "Feature", "geometry": {"type": "LineString", "coordinates": [[127.10963321301756, 37.40327247568964], [127.10962553392646, 37.403158036734936]]}, "properties": {"LINK_ID": "2060348002", "ROAD_NAME": "판교로319번길", "LANES": 2, "ROAD_RANK": "107", "MAX_SPD": 50, "LENGTH": 12.719231710982}}, {"type": "Feature", "geometry": {"type": "LineString", "coordinates": [[127.11165179259588, 37.40609370043772], [127.11149063122774, 37.40627394013943], [127.11132456312868, 37.4064511407375], [127.11115314014071, 37.40662506551814], [127.11097646262493, 37.406795613449965], [127.11079463659043, 37.406962681694075], [127.11060776918585, 37.40712617191563], [127.11041597095425, 37.40728598757865], [127.10948786139359, 37.40799383045704], [127.10636001074985, 37.41047177404252]]}, "properties": {"LINK_ID": "2040410200", "ROAD_NAME": "분당내곡간도시고속화도로", "LANES": 3, "ROAD_RANK": "102", "MAX_SPD": 80, "LENGTH": 675.861408268251}}, {"type": "Feature", "geometry": {"type": "LineString", "coordinates": [[127.11522022795496, 37.40846561590001], [127.11527501095352, 37.408233798157866], [127.11531403344503, 37.40801198672401], [127.1153144927275, 37.408008823026435]]}, "properties": {"LINK_ID": "2060360600", "ROAD_NAME": "동판교로", "LANES": 2, "ROAD_RANK": "107", "MAX_SPD": 30, "LENGTH": 51.394112739577}}, {"type": "Feature", "geometry": {"type": "LineString", "coordinates": [[127.11307070497469, 37.391801776533676], [127.11281758802825, 37.3917937265748]]}, "properties": {"LINK_ID": "2060183101", "ROAD_NAME": "서현로", "LANES": 4, "ROAD_RANK": "105", "MAX_SPD": 60, "LENGTH": 22.432061143329}}, {"type": "Feature", "geometry": {"type": "LineString", "coordinates": [[127.09780153609942, 37.401523805649234], [127.0975710399161, 37.40180562749305], [127.0975451955253, 37.40183319382806], [127.0972554512361, 37.402142241246914], [127.09725339988789, 37.40214406460017], [127.09691712329143, 37.402442964404024], [127.0966108399688, 37.40274515278042], [127.09660234379031, 37.40275353532065], [127.09625650522825, 37.403001161946825], [127.09609685854441, 37.4030809825723], [127.09586135559498, 37.40315947963683], [127.09582960096482, 37.40316525283854], [127.09571436150259, 37.403186204055636], [127.09541619305982, 37.40321212953942], [127.09496255076658, 37.40317852446946], [127.09459600033931, 37.40317852185669], [127.09446631776686, 37.403194731246856]]}, "properties": {"LINK_ID": "2060349900", "ROAD_NAME": "판교로209번길", "LANES": 1, "ROAD_RANK": "107", "MAX_SPD": 30, "LENGTH": 377.918639052164}}, {"type": "Feature", "geometry": {"type": "LineString", "coordinates": [[127.11680391646112, 37.40268339256812], [127.11679008007373, 37.40141700273305], [127.11677329311445, 37.39988049413949]]}, "properties": {"LINK_ID": "2060359004", "ROAD_NAME": "동판교로", "LANES": 2, "ROAD_RANK": "107", "MAX_SPD": 30, "LENGTH": 311.092407833051}}, {"type": "Feature", "geometry": {"type": "LineString", "coordinates": [[127.10958539243215, 37.39626241022298], [127.1095854063255, 37.39618831253517]]}, "properties": {"LINK_ID": "2060194201", "ROAD_NAME": "판교역로", "LANES": 4, "ROAD_RANK": "107", "MAX_SPD": 50, "LENGTH": 8.223747664124}}, {"type": "Feature", "geometry": {"type": "LineString", "coordinates": [[127.10033667359714, 37.39478697716066], [127.10019939110676, 37.394789056607934]]}, "properties": {"LINK_ID": "2060331801", "ROAD_NAME": "서판교로88번길", "LANES": 1, "ROAD_RANK": "107", "MAX_SPD": 30, "LENGTH": 12.158479454856}}, {"type": "Feature", "geometry": {"type": "LineString", "coordinates": [[127.10251298158259, 37.40095477581575], [127.10251224957328, 37.40089250040949]]}, "properties": {"LINK_ID": "2060197001", "ROAD_NAME": "판교로256번길", "LANES": 2, "ROAD_RANK": "107", "MAX_SPD": 50, "LENGTH": 6.911957542443}}, {"type": "Feature", "geometry": {"type": "LineString", "coordinates": [[127.10381921044417, 37.3998842952301], [127.10368364600967, 37.39988430058111]]}, "properties": {"LINK_ID": "2060194703", "ROAD_NAME": "대왕판교로645번길", "LANES": 2, "ROAD_RANK": "107", "MAX_SPD": 50, "LENGTH": 12.003344046182}}, {"type": "Feature", "geometry": {"type": "LineString", "coordinates": [[127.0947978509446, 37.410880878338446], [127.09480057951833, 37.410772445186275]]}, "properties": {"LINK_ID": "2040390301", "ROAD_NAME": "창업로", "LANES": 2, "ROAD_RANK": "107", "MAX_SPD": 50, "LENGTH": 12.036926764751}}, {"type": "Feature", "geometry": {"type": "LineString", "coordinates": [[127.10666203680539, 37.4204410492175], [127.1069272369466, 37.420227424485006], [127.10702021947067, 37.420142195056584], [127.10711638919277, 37.41998993323896]]}, "properties": {"LINK_ID": "2040404303", "ROAD_NAME": "설개로", "LANES": 1, "ROAD_RANK": "107", "MAX_SPD": 10, "LENGTH": 64.825837788169}}, {"type": "Feature", "geometry": {"type": "LineString", "coordinates": [[127.10975561476359, 37.39778515941028], [127.10960299043715, 37.397783714329414]]}, "properties": {"LINK_ID": "2060205104", "ROAD_NAME": "판교역로192번길", "LANES": 2, "ROAD_RANK": "107", "MAX_SPD": 60, "LENGTH": 13.515216240876}}, {"type": "Feature", "geometry": {"type": "LineString", "coordinates": [[127.08862710524654, 37.408197997319725], [127.08842698205139, 37.408084595053865]]}, "properties": {"LINK_ID": "2040427000", "ROAD_NAME": "외동로2길", "LANES": 1, "ROAD_RANK": "107", "MAX_SPD": 30, "LENGTH": 21.732979882791}}, {"type": "Feature", "geometry": {"type": "LineString", "coordinates": [[127.08993131529061, 37.40653549002656], [127.09061488137468, 37.40681966271262], [127.09085293276075, 37.40693879220661], [127.09096388156546, 37.40705522861401], [127.0910113398666, 37.40715905086851], [127.09102760265061, 37.40728529918345], [127.09101841094902, 37.40741709304685], [127.09098662112117, 37.40754880969196], [127.09092236493778, 37.40767703281396], [127.09083988102, 37.407780406259555], [127.09077173592267, 37.407844393167444], [127.09066698444366, 37.407886845805095], [127.0905354086676, 37.40792695191372], [127.09038268348432, 37.4079602244918], [127.09022016306578, 37.40797656156922], [127.09005831571143, 37.40798326149]]}, "properties": {"LINK_ID": "2040425401", "ROAD_NAME": "-", "LANES": 1, "ROAD_RANK": "107", "MAX_SPD": 50, "LENGTH": 269.228227893524}}, {"type": "Feature", "geometry": {"type": "LineString", "coordinates": [[127.08378876392186, 37.41401263000809], [127.08139232094592, 37.410774942465146]]}, "properties": {"LINK_ID": "2040370200", "ROAD_NAME": "용인서울고속도로", "LANES": 2, "ROAD_RANK": "101", "MAX_SPD": 50, "LENGTH": 417.291089340332}}, {"type": "Feature", "geometry": {"type": "LineString", "coordinates": [[127.10631848134172, 37.399880581409874], [127.1054527599539, 37.399885003340415], [127.10381921044417, 37.3998842952301]]}, "properties": {"LINK_ID": "2060194701", "ROAD_NAME": "대왕판교로645번길", "LANES": 2, "ROAD_RANK": "107", "MAX_SPD": 50, "LENGTH": 221.295690937102}}, {"type": "Feature", "geometry": {"type": "LineString", "coordinates": [[127.10251827003171, 37.40310015868648], [127.10259389308317, 37.40310400212793]]}, "properties": {"LINK_ID": "2060201101", "ROAD_NAME": "판교로", "LANES": 3, "ROAD_RANK": "107", "MAX_SPD": 50, "LENGTH": 6.709214194909}}, {"type": "Feature", "geometry": {"type": "LineString", "coordinates": [[127.08591235842034, 37.406284016953165], [127.08592717988844, 37.40619373852244]]}, "properties": {"LINK_ID": "2040424103", "ROAD_NAME": "-", "LANES": 1, "ROAD_RANK": "107", "MAX_SPD": 50, "LENGTH": 10.105147410995}}, {"type": "Feature", "geometry": {"type": "LineString", "coordinates": [[127.11169798732016, 37.40237058699941], [127.1117089286971, 37.401998715220486], [127.11172144252629, 37.40122339579996], [127.11173126084844, 37.401020544072374]]}, "properties": {"LINK_ID": "2060350400", "ROAD_NAME": "판교역로226번길", "LANES": 1, "ROAD_RANK": "107", "MAX_SPD": 50, "LENGTH": 149.870224855285}}, {"type": "Feature", "geometry": {"type": "LineString", "coordinates": [[127.11898066119136, 37.40547116282646], [127.11899740857457, 37.405365138667456]]}, "properties": {"LINK_ID": "2060141701", "ROAD_NAME": "분당수서로", "LANES": 2, "ROAD_RANK": "102", "MAX_SPD": 40, "LENGTH": 11.860187179471}}, {"type": "Feature", "geometry": {"type": "LineString", "coordinates": [[127.08160978499039, 37.39130583147073], [127.0820037634081, 37.39127562823032], [127.0825032922669, 37.391205954296794], [127.08538594063607, 37.39052018193014]]}, "properties": {"LINK_ID": "2060006404", "ROAD_NAME": "운중로", "LANES": 2, "ROAD_RANK": "105", "MAX_SPD": 50, "LENGTH": 346.329761553328}}, {"type": "Feature", "geometry": {"type": "LineString", "coordinates": [[127.08981298324323, 37.40657613589167], [127.08985505270634, 37.40650910356045]]}, "properties": {"LINK_ID": "2040425102", "ROAD_NAME": "-", "LANES": 1, "ROAD_RANK": "107", "MAX_SPD": 50, "LENGTH": 8.319900505031}}, {"type": "Feature", "geometry": {"type": "LineString", "coordinates": [[127.09271081166202, 37.40848412548688], [127.09330138913599, 37.40862416432428]]}, "properties": {"LINK_ID": "2040421701", "ROAD_NAME": "경부고속도로", "LANES": 2, "ROAD_RANK": "101", "MAX_SPD": 30, "LENGTH": 54.546864385219}}, {"type": "Feature", "geometry": {"type": "LineString", "coordinates": [[127.0957060705749, 37.41206905363779], [127.0957719449632, 37.412100422222565], [127.09639176215106, 37.412323555084456], [127.09753533737997, 37.41267988571146], [127.09779796847195, 37.412727637212384], [127.09789032922254, 37.412727638001265], [127.09792297145385, 37.41272763826281], [127.09827852190965, 37.41268677395627], [127.09842144835878, 37.41266295375308], [127.09852954688901, 37.4126309261913], [127.0987032497325, 37.41258130003547], [127.09877414278814, 37.41255767016857], [127.09879714515623, 37.41254823369087], [127.09893021735145, 37.41249364209876], [127.09907861789488, 37.41241120071905], [127.09933958736569, 37.41228869631246], [127.09972849937289, 37.41221661509752]]}, "properties": {"LINK_ID": "2040390202", "ROAD_NAME": "창업로", "LANES": 2, "ROAD_RANK": "107", "MAX_SPD": 50, "LENGTH": 382.369483613688}}, {"type": "Feature", "geometry": {"type": "LineString", "coordinates": [[127.10660486500568, 37.39987822131116], [127.10512671384109, 37.403168091300955]]}, "properties": {"LINK_ID": "2060181700", "ROAD_NAME": "대왕판교로", "LANES": 4, "ROAD_RANK": "105", "MAX_SPD": 60, "LENGTH": 387.874820363367}}, {"type": "Feature", "geometry": {"type": "LineString", "coordinates": [[127.11551127844218, 37.40577061886023], [127.11551107806599, 37.40587874481554]]}, "properties": {"LINK_ID": "2060360101", "ROAD_NAME": "동판교로", "LANES": 2, "ROAD_RANK": "107", "MAX_SPD": 30, "LENGTH": 12.000416234507}}, {"type": "Feature", "geometry": {"type": "LineString", "coordinates": [[127.10002584967366, 37.395558634102095], [127.10007420194628, 37.395429699328865], [127.10013585293174, 37.39514201666202]]}, "properties": {"LINK_ID": "2060331703", "ROAD_NAME": "판교로210번길", "LANES": 1, "ROAD_RANK": "107", "MAX_SPD": 30, "LENGTH": 47.328488934578}}, {"type": "Feature", "geometry": {"type": "LineString", "coordinates": [[127.10371419926446, 37.41888973509381], [127.10375284628395, 37.419019859651804], [127.10373136370791, 37.41911219282319], [127.10362256288138, 37.41957982059619], [127.10326085590775, 37.420494842410136], [127.10321728484524, 37.420565367662256]]}, "properties": {"LINK_ID": "2040412400", "ROAD_NAME": "분당내곡간도시고속화도로", "LANES": 1, "ROAD_RANK": "102", "MAX_SPD": 40, "LENGTH": 193.258300149505}}, {"type": "Feature", "geometry": {"type": "LineString", "coordinates": [[127.10963321301756, 37.40327247568964], [127.1065236666276, 37.40327899268186]]}, "properties": {"LINK_ID": "2060181803", "ROAD_NAME": "판교로", "LANES": 3, "ROAD_RANK": "107", "MAX_SPD": 60, "LENGTH": 275.318561800784}}, {"type": "Feature", "geometry": {"type": "LineString", "coordinates": [[127.11281758802825, 37.3917937265748], [127.11161120542431, 37.39177045725562], [127.1114438910979, 37.391766045071186], [127.11127650623254, 37.39176814079987], [127.11110944828121, 37.39177674046382], [127.11094311241214, 37.39179182206919], [127.11077789603574, 37.391813351908844], [127.11061418976018, 37.39184127736281], [127.11045238304635, 37.39187553229888], [127.11029285856192, 37.3919160370779], [127.11013599782014, 37.39196269314225], [127.10998217102754, 37.392015390233375], [127.10983174385714, 37.39207400458333], [127.1096850751864, 37.39213839621358], [127.10954251032723, 37.39220841254532], [127.10940439118691, 37.392283886587805], [127.10829271180582, 37.39288172287884]]}, "properties": {"LINK_ID": "2060184002", "ROAD_NAME": "서현로", "LANES": 4, "ROAD_RANK": "105", "MAX_SPD": 60, "LENGTH": 433.114703517134}}, {"type": "Feature", "geometry": {"type": "LineString", "coordinates": [[127.10839677951756, 37.39987908519151], [127.10660486500568, 37.39987822131116]]}, "properties": {"LINK_ID": "2060182106", "ROAD_NAME": "대왕판교로644번길", "LANES": 2, "ROAD_RANK": "107", "MAX_SPD": 50, "LENGTH": 158.662363238002}}, {"type": "Feature", "geometry": {"type": "LineString", "coordinates": [[127.102512502517, 37.4054986572011], [127.10267363478373, 37.40535656690635], [127.10269211582737, 37.40534653014471], [127.10284775478033, 37.40526200487688], [127.10301712711558, 37.405161619828505], [127.10314506746839, 37.405079041103605]]}, "properties": {"LINK_ID": "2060179901", "ROAD_NAME": "대왕판교로", "LANES": 2, "ROAD_RANK": "105", "MAX_SPD": 60, "LENGTH": 73.167151844718}}, {"type": "Feature", "geometry": {"type": "LineString", "coordinates": [[127.10409370566555, 37.39335343378073], [127.1039783036206, 37.39328403870432]]}, "properties": {"LINK_ID": "2060186501", "ROAD_NAME": "대왕판교로", "LANES": 4, "ROAD_RANK": "105", "MAX_SPD": 60, "LENGTH": 12.796319043918}}, {"type": "Feature", "geometry": {"type": "LineString", "coordinates": [[127.10165984941, 37.39111289214914], [127.10188511078132, 37.390055681315324], [127.10212304836858, 37.3889530874961], [127.10219524716784, 37.388607666049616]]}, "properties": {"LINK_ID": "2060001201", "ROAD_NAME": "경부고속도로", "LANES": 6, "ROAD_RANK": "101", "MAX_SPD": 110, "LENGTH": 282.05658276376}}, {"type": "Feature", "geometry": {"type": "LineString", "coordinates": [[127.08160240412981, 37.391820157321604], [127.08154290740387, 37.39145587789464]]}, "properties": {"LINK_ID": "2060198803", "ROAD_NAME": "운중로165번길", "LANES": 1, "ROAD_RANK": "107", "MAX_SPD": 30, "LENGTH": 40.771424604343}}, {"type": "Feature", "geometry": {"type": "LineString", "coordinates": [[127.10323889485302, 37.40501522484074], [127.10333957697492, 37.40494456018177], [127.10349249419188, 37.404827957849186], [127.1036439618287, 37.404706430709545], [127.1037874333638, 37.404580690013624], [127.10392025981295, 37.40445533782735], [127.10405040468272, 37.40432277337933], [127.10417636476637, 37.4041838990228], [127.10429600262655, 37.404040794409106], [127.10438820872264, 37.40392266765326], [127.10447479290059, 37.403801024603126], [127.10455462504103, 37.40367943431111], [127.10463156659755, 37.40355210251532], [127.10471258195588, 37.40340459591352], [127.10477891736163, 37.403280278635684]]}, "properties": {"LINK_ID": "2060179902", "ROAD_NAME": "대왕판교로", "LANES": 2, "ROAD_RANK": "105", "MAX_SPD": 60, "LENGTH": 238.273832691137}}, {"type": "Feature", "geometry": {"type": "LineString", "coordinates": [[127.100269544291, 37.4051465938892], [127.09901077775754, 37.40376997206948]]}, "properties": {"LINK_ID": "2060197400", "ROAD_NAME": "판교로227번길", "LANES": 2, "ROAD_RANK": "107", "MAX_SPD": 50, "LENGTH": 189.11381651686}}, {"type": "Feature", "geometry": {"type": "LineString", "coordinates": [[127.08615399185169, 37.4050027825813], [127.08615547936348, 37.405078940436454]]}, "properties": {"LINK_ID": "2040423202", "ROAD_NAME": "-", "LANES": 1, "ROAD_RANK": "107", "MAX_SPD": 50, "LENGTH": 8.453430548137}}, {"type": "Feature", "geometry": {"type": "LineString", "coordinates": [[127.10392049934723, 37.41579113573955], [127.10390709635759, 37.415254063742374], [127.10407779045676, 37.413708230256134], [127.10429291667396, 37.4128259512009], [127.1043056588399, 37.412732599791205], [127.10431222169144, 37.412638906037444], [127.10431259636117, 37.41254497536769], [127.10430536725107, 37.412440030139166], [127.10428844694438, 37.412318370542124], [127.10426913393786, 37.41222093064306], [127.10424443027208, 37.412115061051935], [127.10421773291485, 37.412009142754044], [127.1040793829012, 37.41146697269227], [127.10404741485299, 37.411343455770016], [127.10400023483811, 37.41117724120037], [127.1039598107897, 37.41105589503357], [127.10389997340378, 37.410906887498825], [127.10382927961282, 37.41076078353863], [127.10374802063586, 37.41061821359171], [127.10365709534345, 37.41048060045913], [127.10328297029032, 37.40999978738946]]}, "properties": {"LINK_ID": "2040340700", "ROAD_NAME": "제2경인고속도로", "LANES": 1, "ROAD_RANK": "101", "MAX_SPD": 50, "LENGTH": 663.460287432152}}, {"type": "Feature", "geometry": {"type": "LineString", "coordinates": [[127.10888568429019, 37.418713189540846], [127.10884687431223, 37.41854835551432], [127.10875698773344, 37.41822189483683], [127.10864983078112, 37.41789245405994], [127.10854068313687, 37.41760054961473], [127.10842665690825, 37.417328691780064], [127.10830976423074, 37.41707628493012], [127.10820188567043, 37.416863856900775], [127.10810485910132, 37.416688400243096], [127.10809682681484, 37.416673881368354], [127.10801145313994, 37.416526079744756], [127.1078854326523, 37.416315682656396], [127.10773622493494, 37.41608481018863], [127.10759111255298, 37.415871759547336], [127.10739649569418, 37.41559423806512], [127.10531197062826, 37.41263868288986], [127.10495597488294, 37.412136190399494]]}, "properties": {"LINK_ID": "2040341301", "ROAD_NAME": "제2경인고속도로", "LANES": 2, "ROAD_RANK": "101", "MAX_SPD": 80, "LENGTH": 812.848082573017}}, {"type": "Feature", "geometry": {"type": "LineString", "coordinates": [[127.10622036918191, 37.39481855497779], [127.1062768845993, 37.39489022013702], [127.10640483619878, 37.395066155712605], [127.10651790746131, 37.39523498827971], [127.10662978098892, 37.39541735065434], [127.10672545527044, 37.395588034980904], [127.10681435655664, 37.39576209786713], [127.10690394769085, 37.39595721783357], [127.10697124736002, 37.39612054101914], [127.1070271419698, 37.39631073213577], [127.10706534940381, 37.39658525232451], [127.10709275127516, 37.39684608314432], [127.10711096971008, 37.39711659743327], [127.10712547563085, 37.397384402995996], [127.1071313093073, 37.39765219117356], [127.10712433594533, 37.397864338459435], [127.10709784057407, 37.3981432853159], [127.10706238010043, 37.398422240270996], [127.10701431579433, 37.39866401696017], [127.10701138903043, 37.39867400511126]]}, "properties": {"LINK_ID": "2060201303", "ROAD_NAME": "대왕판교로", "LANES": 5, "ROAD_RANK": "105", "MAX_SPD": 60, "LENGTH": 444.461879824407}}, {"type": "Feature", "geometry": {"type": "LineString", "coordinates": [[127.08239668461579, 37.41781232086199], [127.08303398370762, 37.41698204855276], [127.08366594304385, 37.41626315329117], [127.08404514404785, 37.41585912793739], [127.08424576306263, 37.41552647949495], [127.08428232436118, 37.41493863055711], [127.08378876392186, 37.41401263000809]]}, "properties": {"LINK_ID": "2040370400", "ROAD_NAME": "용인서울고속도로", "LANES": 2, "ROAD_RANK": "101", "MAX_SPD": 50, "LENGTH": 479.47234856282}}, {"type": "Feature", "geometry": {"type": "LineString", "coordinates": [[127.10343652321912, 37.389046260814716], [127.1033955221606, 37.38952558720626], [127.103456829878, 37.390089649405034], [127.10406464441449, 37.391487205545324], [127.1040896337881, 37.391523648364256]]}, "properties": {"LINK_ID": "2060330803", "ROAD_NAME": "대왕판교로560번길", "LANES": 1, "ROAD_RANK": "107", "MAX_SPD": 60, "LENGTH": 284.951116346489}}, {"type": "Feature", "geometry": {"type": "LineString", "coordinates": [[127.11222142850802, 37.396704379252995], [127.11175871669165, 37.39670437657847], [127.11173651337158, 37.39671547742238], [127.1117195075531, 37.396734372593336], [127.11171950386986, 37.397146190427826]]}, "properties": {"LINK_ID": "2060353200", "ROAD_NAME": "대왕판교로606번길", "LANES": 1, "ROAD_RANK": "107", "MAX_SPD": 30, "LENGTH": 91.57943140549}}, {"type": "Feature", "geometry": {"type": "LineString", "coordinates": [[127.10251088077122, 37.40234369438071], [127.10258680101745, 37.40232385424683]]}, "properties": {"LINK_ID": "2060204801", "ROAD_NAME": "판교로", "LANES": 1, "ROAD_RANK": "107", "MAX_SPD": 40, "LENGTH": 7.073487591293}}, {"type": "Feature", "geometry": {"type": "LineString", "coordinates": [[127.09777908424742, 37.40135033618914], [127.09789319944798, 37.40140869701681]]}, "properties": {"LINK_ID": "2060207807", "ROAD_NAME": "판교로", "LANES": 3, "ROAD_RANK": "107", "MAX_SPD": 60, "LENGTH": 12.001828589973}}, {"type": "Feature", "geometry": {"type": "LineString", "coordinates": [[127.09014343607268, 37.408636962110606], [127.09001917547184, 37.40866157352074]]}, "properties": {"LINK_ID": "2040426802", "ROAD_NAME": "달래내로", "LANES": 1, "ROAD_RANK": "107", "MAX_SPD": 50, "LENGTH": 11.335213932434}}, {"type": "Feature", "geometry": {"type": "LineString", "coordinates": [[127.11273778638578, 37.41451516911933], [127.11260757998835, 37.41448161854807], [127.1124206425113, 37.41442893007939], [127.11216251742012, 37.41436333690502], [127.11210655878179, 37.41434946167084]]}, "properties": {"LINK_ID": "2040008211", "ROAD_NAME": "사송로", "LANES": 1, "ROAD_RANK": "107", "MAX_SPD": 30, "LENGTH": 58.835021354918}}, {"type": "Feature", "geometry": {"type": "LineString", "coordinates": [[127.08147474536715, 37.391315272259305], [127.08143231232812, 37.391018448862674]]}, "properties": {"LINK_ID": "2060345500", "ROAD_NAME": "운중로166번길", "LANES": 1, "ROAD_RANK": "107", "MAX_SPD": 40, "LENGTH": 33.156572932752}}, {"type": "Feature", "geometry": {"type": "LineString", "coordinates": [[127.08392666495897, 37.41324612869924], [127.08413706717161, 37.41308705767931]]}, "properties": {"LINK_ID": "2040007905", "ROAD_NAME": "달래내로", "LANES": 1, "ROAD_RANK": "107", "MAX_SPD": 50, "LENGTH": 25.663756442847}}, {"type": "Feature", "geometry": {"type": "LineString", "coordinates": [[127.095626289351, 37.400421591546156], [127.09515979269412, 37.40103769734782], [127.09504531312074, 37.401063136044115], [127.09494016524015, 37.40105145318451], [127.09461418873245, 37.400868908136935], [127.09461395979262, 37.400868778746705]]}, "properties": {"LINK_ID": "2060347800", "ROAD_NAME": "-", "LANES": 1, "ROAD_RANK": "107", "MAX_SPD": 40, "LENGTH": 135.096013028684}}, {"type": "Feature", "geometry": {"type": "LineString", "coordinates": [[127.11304305670262, 37.403176036903886], [127.11302679563296, 37.4032920532559]]}, "properties": {"LINK_ID": "2060182001", "ROAD_NAME": "분당내곡로", "LANES": 3, "ROAD_RANK": "107", "MAX_SPD": 50, "LENGTH": 12.956358562322}}, {"type": "Feature", "geometry": {"type": "LineString", "coordinates": [[127.09366877127903, 37.408225271498694], [127.09362320909497, 37.408326908514105]]}, "properties": {"LINK_ID": "2040390501", "ROAD_NAME": "달래내로54번길", "LANES": 1, "ROAD_RANK": "107", "MAX_SPD": 40, "LENGTH": 11.979769767597}}, {"type": "Feature", "geometry": {"type": "LineString", "coordinates": [[127.11337422896919, 37.41460340310826], [127.11335275052427, 37.414506676481956]]}, "properties": {"LINK_ID": "2040008206", "ROAD_NAME": "사송로", "LANES": 2, "ROAD_RANK": "107", "MAX_SPD": 50, "LENGTH": 10.902345412872}}, {"type": "Feature", "geometry": {"type": "LineString", "coordinates": [[127.10483696172523, 37.40316521430989], [127.10631848134172, 37.399880581409874]]}, "properties": {"LINK_ID": "2060181100", "ROAD_NAME": "대왕판교로", "LANES": 4, "ROAD_RANK": "105", "MAX_SPD": 60, "LENGTH": 387.42859518143}}, {"type": "Feature", "geometry": {"type": "LineString", "coordinates": [[127.09285815692395, 37.39886892341272], [127.09420983293494, 37.39956642033239], [127.09431737062452, 37.39960060043754], [127.09474461747165, 37.399813312808206]]}, "properties": {"LINK_ID": "2060180303", "ROAD_NAME": "판교로", "LANES": 2, "ROAD_RANK": "107", "MAX_SPD": 50, "LENGTH": 197.378062246117}}, {"type": "Feature", "geometry": {"type": "LineString", "coordinates": [[127.10638434733968, 37.40316529769188], [127.10638439858641, 37.40235337493463], [127.10866513327338, 37.402370570114], [127.10961698549507, 37.402378461567785]]}, "properties": {"LINK_ID": "2060350000", "ROAD_NAME": "판교역로241번길", "LANES": 1, "ROAD_RANK": "107", "MAX_SPD": 50, "LENGTH": 376.340097314581}}, {"type": "Feature", "geometry": {"type": "LineString", "coordinates": [[127.08677986949863, 37.4113887634278], [127.08742611064054, 37.41080618114617], [127.08798558024824, 37.40994902448005], [127.08815301799902, 37.40963018118238], [127.08865020862044, 37.409151613561754]]}, "properties": {"LINK_ID": "2040007403", "ROAD_NAME": "달래내로", "LANES": 1, "ROAD_RANK": "107", "MAX_SPD": 50, "LENGTH": 300.938638824935}}, {"type": "Feature", "geometry": {"type": "LineString", "coordinates": [[127.11159818514881, 37.4042863436729], [127.11162150251505, 37.40427852207107], [127.11168398591836, 37.40427854702291], [127.11172152587211, 37.404295165485], [127.11174648042888, 37.404320215541844], [127.1117589635028, 37.404353517300166], [127.11174654543008, 37.40439521022411], [127.11172144569697, 37.40442018604886], [127.11168396001294, 37.40443682853277], [127.11164655991062, 37.404436885970924], [127.11159654837364, 37.40442851917447], [127.11155905165558, 37.40440351801994], [127.11155338338865, 37.404388396380675]]}, "properties": {"LINK_ID": "2060332701", "ROAD_NAME": "-", "LANES": 1, "ROAD_RANK": "107", "MAX_SPD": 30, "LENGTH": 45.003101147145}}, {"type": "Feature", "geometry": {"type": "LineString", "coordinates": [[127.10582658233217, 37.39428680571352], [127.10564049676044, 37.39438925928449]]}, "properties": {"LINK_ID": "2060184003", "ROAD_NAME": "서현로", "LANES": 2, "ROAD_RANK": "105", "MAX_SPD": 60, "LENGTH": 20.020391354145}}, {"type": "Feature", "geometry": {"type": "LineString", "coordinates": [[127.09768741816997, 37.40146547052712], [127.09660509224682, 37.40091732391105]]}, "properties": {"LINK_ID": "2060207903", "ROAD_NAME": "판교로", "LANES": 3, "ROAD_RANK": "107", "MAX_SPD": 60, "LENGTH": 113.510632116044}}, {"type": "Feature", "geometry": {"type": "LineString", "coordinates": [[127.08936985262105, 37.407839191692425], [127.08941389463848, 37.4079026230853], [127.08944641819356, 37.407993053459464], [127.08944641698902, 37.4081294974686], [127.08940644220117, 37.40828050423416], [127.08935184273113, 37.40839879748315], [127.08922781398822, 37.40853947555338]]}, "properties": {"LINK_ID": "2040428000", "ROAD_NAME": "외동로", "LANES": 1, "ROAD_RANK": "107", "MAX_SPD": 30, "LENGTH": 83.839773025094}}, {"type": "Feature", "geometry": {"type": "LineString", "coordinates": [[127.09970978900017, 37.412140391675074], [127.09942200674121, 37.41096811124072]]}, "properties": {"LINK_ID": "2040411100", "ROAD_NAME": "대왕판교로", "LANES": 4, "ROAD_RANK": "105", "MAX_SPD": 60, "LENGTH": 132.577110596786}}, {"type": "Feature", "geometry": {"type": "LineString", "coordinates": [[127.11282755486404, 37.398297921915244], [127.11282077436533, 37.39724727607647]]}, "properties": {"LINK_ID": "2060193601", "ROAD_NAME": "분당내곡로", "LANES": 3, "ROAD_RANK": "107", "MAX_SPD": 60, "LENGTH": 116.607735231173}}, {"type": "Feature", "geometry": {"type": "LineString", "coordinates": [[127.11892141421049, 37.38923248561859], [127.11904732396329, 37.38940321027959], [127.11946949460236, 37.38996778327587], [127.11994699533382, 37.39071282742838], [127.12025016692716, 37.39127855161911], [127.12051913758201, 37.3924142495535], [127.12066384714893, 37.39321988052769], [127.12067295665507, 37.39331046177662], [127.12066015624785, 37.393551476567865], [127.12063306125903, 37.393872215728074], [127.12054945766185, 37.3947202498553], [127.12050012098301, 37.395172835803706]]}, "properties": {"LINK_ID": "2060125100", "ROAD_NAME": "분당수서로", "LANES": 3, "ROAD_RANK": "102", "MAX_SPD": 60, "LENGTH": 692.078624491782}}, {"type": "Feature", "geometry": {"type": "LineString", "coordinates": [[127.09345664421484, 37.40827393378122], [127.0932173601319, 37.40819602526395], [127.09315970485963, 37.40818480615621], [127.09310604856117, 37.40818583774118], [127.09249598605061, 37.40833330624957], [127.09168145390672, 37.408388492911236], [127.09152418670057, 37.408407245372736]]}, "properties": {"LINK_ID": "2040006600", "ROAD_NAME": "달래내로", "LANES": 1, "ROAD_RANK": "107", "MAX_SPD": 50, "LENGTH": 175.774697503178}}, {"type": "Feature", "geometry": {"type": "LineString", "coordinates": [[127.10251088077122, 37.40234369438071], [127.10251298158259, 37.40095477581575]]}, "properties": {"LINK_ID": "2060197000", "ROAD_NAME": "판교로256번길", "LANES": 2, "ROAD_RANK": "107", "MAX_SPD": 50, "LENGTH": 154.149652689567}}, {"type": "Feature", "geometry": {"type": "LineString", "coordinates": [[127.09551184341247, 37.40036362744117], [127.09560388365666, 37.40024803261951]]}, "properties": {"LINK_ID": "2060347901", "ROAD_NAME": "-", "LANES": 1, "ROAD_RANK": "107", "MAX_SPD": 40, "LENGTH": 15.198883814861}}, {"type": "Feature", "geometry": {"type": "LineString", "coordinates": [[127.09493339751211, 37.41087356462996], [127.0947978509446, 37.410880878338446]]}, "properties": {"LINK_ID": "2040390101", "ROAD_NAME": "창업로57번길", "LANES": 1, "ROAD_RANK": "107", "MAX_SPD": 30, "LENGTH": 12.027428737689}}, {"type": "Feature", "geometry": {"type": "LineString", "coordinates": [[127.09461395979262, 37.400868778746705], [127.09420304157635, 37.400636538084164]]}, "properties": {"LINK_ID": "2060347803", "ROAD_NAME": "-", "LANES": 1, "ROAD_RANK": "107", "MAX_SPD": 40, "LENGTH": 44.588550524111}}, {"type": "Feature", "geometry": {"type": "LineString", "coordinates": [[127.10020029109504, 37.40174967215783], [127.09959035407815, 37.40237049767058]]}, "properties": {"LINK_ID": "2060199100", "ROAD_NAME": "판교로228번길", "LANES": 2, "ROAD_RANK": "107", "MAX_SPD": 50, "LENGTH": 87.544429084162}}, {"type": "Feature", "geometry": {"type": "LineString", "coordinates": [[127.10297407241501, 37.42046980918183], [127.10300849027362, 37.42041408539129], [127.10335900301973, 37.41952738591161], [127.10346478158301, 37.41907274442351], [127.10358090529135, 37.418870004761594]]}, "properties": {"LINK_ID": "2040412500", "ROAD_NAME": "분당내곡간도시고속화도로", "LANES": 3, "ROAD_RANK": "102", "MAX_SPD": 80, "LENGTH": 186.138624347145}}, {"type": "Feature", "geometry": {"type": "LineString", "coordinates": [[127.11551127844218, 37.40577061886023], [127.11656983755253, 37.40577879390925], [127.1166898276998, 37.40588878473119]]}, "properties": {"LINK_ID": "2060351800", "ROAD_NAME": "동판교로266번길", "LANES": 1, "ROAD_RANK": "107", "MAX_SPD": 30, "LENGTH": 109.908238714586}}, {"type": "Feature", "geometry": {"type": "LineString", "coordinates": [[127.11677817688201, 37.39836917903177], [127.11677808030068, 37.39830661987182]]}, "properties": {"LINK_ID": "2060199601", "ROAD_NAME": "동판교로", "LANES": 2, "ROAD_RANK": "107", "MAX_SPD": 50, "LENGTH": 6.943150458292}}, {"type": "Feature", "geometry": {"type": "LineString", "coordinates": [[127.09590931258221, 37.40008271501952], [127.09598247367506, 37.39999170022938]]}, "properties": {"LINK_ID": "2060349102", "ROAD_NAME": "-", "LANES": 1, "ROAD_RANK": "107", "MAX_SPD": 40, "LENGTH": 11.999988659316}}, {"type": "Feature", "geometry": {"type": "LineString", "coordinates": [[127.08581113729939, 37.391744931793234], [127.0857804021042, 37.39163933245052]]}, "properties": {"LINK_ID": "2060180404", "ROAD_NAME": "판교로", "LANES": 2, "ROAD_RANK": "107", "MAX_SPD": 50, "LENGTH": 12.031827919561}}, {"type": "Feature", "geometry": {"type": "LineString", "coordinates": [[127.10457519083677, 37.421573792078505], [127.10409228582931, 37.421119782752264], [127.10357188811649, 37.42078937436154], [127.10344922674312, 37.42070760051071]]}, "properties": {"LINK_ID": "2040403603", "ROAD_NAME": "설개로2번길", "LANES": 1, "ROAD_RANK": "107", "MAX_SPD": 50, "LENGTH": 139.107483587089}}, {"type": "Feature", "geometry": {"type": "LineString", "coordinates": [[127.1012147658188, 37.39159255113681], [127.10113430936951, 37.391569664177844], [127.10085353966755, 37.39152286880339], [127.1006499498659, 37.39156056804174], [127.10044394729753, 37.391636861567015], [127.10030708765262, 37.391758509428705], [127.10019350089844, 37.39190238095026], [127.10017162581894, 37.39206278324873], [127.10022826784456, 37.39222138364601], [127.10033069546219, 37.39236553872953], [127.10043467350458, 37.39243485710454], [127.10064907078586, 37.39247999352845], [127.10082765150318, 37.39247999456881], [127.10097341846763, 37.392435145250104], [127.10112171589603, 37.39236670302431], [127.10126698859936, 37.392235110555006], [127.10136402617846, 37.39205824054527], [127.10165984941, 37.39111289214914]]}, "properties": {"LINK_ID": "2060330600", "ROAD_NAME": "경부고속도로", "LANES": 1, "ROAD_RANK": "101", "MAX_SPD": 40, "LENGTH": 388.682661401657}}, {"type": "Feature", "geometry": {"type": "LineString", "coordinates": [[127.09902949841886, 37.40367643593841], [127.09906926392685, 37.4037229396248]]}, "properties": {"LINK_ID": "2060204101", "ROAD_NAME": "판교로227번길", "LANES": 2, "ROAD_RANK": "107", "MAX_SPD": 50, "LENGTH": 6.247741481136}}, {"type": "Feature", "geometry": {"type": "LineString", "coordinates": [[127.0892638869352, 37.40788458110269], [127.08918640259041, 37.40779519841296]]}, "properties": {"LINK_ID": "2040427901", "ROAD_NAME": "외동로", "LANES": 1, "ROAD_RANK": "107", "MAX_SPD": 30, "LENGTH": 12.061073177746}}, {"type": "Feature", "geometry": {"type": "LineString", "coordinates": [[127.10251112257683, 37.40240102478401], [127.10251088077122, 37.40234369438071]]}, "properties": {"LINK_ID": "2060197201", "ROAD_NAME": "판교로256번길", "LANES": 2, "ROAD_RANK": "107", "MAX_SPD": 50, "LENGTH": 6.362868678509}}, {"type": "Feature", "geometry": {"type": "LineString", "coordinates": [[127.11605995312026, 37.40433265077413], [127.11615204360818, 37.404252166231124]]}, "properties": {"LINK_ID": "2060360001", "ROAD_NAME": "동판교로", "LANES": 2, "ROAD_RANK": "107", "MAX_SPD": 30, "LENGTH": 12.094280007635}}, {"type": "Feature", "geometry": {"type": "LineString", "coordinates": [[127.11281406893345, 37.39617722120164], [127.11306722466003, 37.396177793942236]]}, "properties": {"LINK_ID": "2060194003", "ROAD_NAME": "대왕판교로606번길", "LANES": 3, "ROAD_RANK": "107", "MAX_SPD": 50, "LENGTH": 22.416482286292}}, {"type": "Feature", "geometry": {"type": "LineString", "coordinates": [[127.11278904871678, 37.40317951102161], [127.11282535375324, 37.40279199493931], [127.11284143245592, 37.40258718934121], [127.11283016055852, 37.39988413165285]]}, "properties": {"LINK_ID": "2060181900", "ROAD_NAME": "분당내곡로", "LANES": 3, "ROAD_RANK": "107", "MAX_SPD": 50, "LENGTH": 365.904884194639}}, {"type": "Feature", "geometry": {"type": "LineString", "coordinates": [[127.10582658233217, 37.39428680571352], [127.10587126420948, 37.394330623260146], [127.1060168516169, 37.39448422427029], [127.10614625324091, 37.39461942994932], [127.10627993446742, 37.3947851510473], [127.10640559265178, 37.39495337864332], [127.10652392234674, 37.395124955493415], [127.1066347820673, 37.395299679918026], [127.10673803934965, 37.39547734392151], [127.1068335730177, 37.39565773859596], [127.10692127091707, 37.39584064871713], [127.10700104919604, 37.39602591039219], [127.10706216132564, 37.396186654619314]]}, "properties": {"LINK_ID": "2060182600", "ROAD_NAME": "대왕판교로", "LANES": 4, "ROAD_RANK": "105", "MAX_SPD": 60, "LENGTH": 239.188759782162}}, {"type": "Feature", "geometry": {"type": "LineString", "coordinates": [[127.11677116074763, 37.39327921190922], [127.11677043620972, 37.391965261669775]]}, "properties": {"LINK_ID": "2060207300", "ROAD_NAME": "동판교로", "LANES": 2, "ROAD_RANK": "107", "MAX_SPD": 50, "LENGTH": 145.828993523174}}, {"type": "Feature", "geometry": {"type": "LineString", "coordinates": [[127.10019939110676, 37.394789056607934], [127.10021830006681, 37.39468062877274]]}, "properties": {"LINK_ID": "2060331701", "ROAD_NAME": "판교로210번길", "LANES": 1, "ROAD_RANK": "107", "MAX_SPD": 30, "LENGTH": 12.149808053203}}, {"type": "Feature", "geometry": {"type": "LineString", "coordinates": [[127.10380876358998, 37.40561934996164], [127.10321290897869, 37.40625490191227], [127.10293565976465, 37.40641332308676], [127.10285128708288, 37.406441446166326], [127.10279760971393, 37.40645575930209]]}, "properties": {"LINK_ID": "2060332200", "ROAD_NAME": "대왕판교로712번길", "LANES": 1, "ROAD_RANK": "107", "MAX_SPD": 50, "LENGTH": 131.383152846044}}, {"type": "Feature", "geometry": {"type": "LineString", "coordinates": [[127.11765775822514, 37.418429897879015], [127.11792267419972, 37.417857181200404], [127.11837595414538, 37.41670499350095], [127.11863082740471, 37.41624468243963]]}, "properties": {"LINK_ID": "2060169200", "ROAD_NAME": "탄천로", "LANES": 2, "ROAD_RANK": "107", "MAX_SPD": 50, "LENGTH": 257.623578190564}}, {"type": "Feature", "geometry": {"type": "LineString", "coordinates": [[127.11025775322418, 37.397719504886915], [127.11039305157881, 37.39772916595205]]}, "properties": {"LINK_ID": "2060205203", "ROAD_NAME": "판교역로192번길", "LANES": 2, "ROAD_RANK": "107", "MAX_SPD": 50, "LENGTH": 12.028017308655}}, {"type": "Feature", "geometry": {"type": "LineString", "coordinates": [[127.11677290765536, 37.39624822721374], [127.11677275974898, 37.39617457680116]]}, "properties": {"LINK_ID": "2060199201", "ROAD_NAME": "동판교로", "LANES": 2, "ROAD_RANK": "107", "MAX_SPD": 30, "LENGTH": 8.174118393954}}, {"type": "Feature", "geometry": {"type": "LineString", "coordinates": [[127.11040643278521, 37.39713827381486], [127.11158398206227, 37.39714575746767]]}, "properties": {"LINK_ID": "2060352400", "ROAD_NAME": "대왕판교로606번길", "LANES": 1, "ROAD_RANK": "107", "MAX_SPD": 30, "LENGTH": 104.271409627483}}, {"type": "Feature", "geometry": {"type": "LineString", "coordinates": [[127.11040643278521, 37.39713827381486], [127.11040570782919, 37.397246395145935]]}, "properties": {"LINK_ID": "2060352701", "ROAD_NAME": "대왕판교로606번길", "LANES": 1, "ROAD_RANK": "107", "MAX_SPD": 30, "LENGTH": 12.000042695728}}, {"type": "Feature", "geometry": {"type": "LineString", "coordinates": [[127.0982369844773, 37.39470154202565], [127.09823147607007, 37.39480969658123]]}, "properties": {"LINK_ID": "2060283203", "ROAD_NAME": "서판교로", "LANES": 2, "ROAD_RANK": "107", "MAX_SPD": 30, "LENGTH": 12.013456688471}}, {"type": "Feature", "geometry": {"type": "LineString", "coordinates": [[127.1167712204292, 37.39338736355442], [127.11677116074763, 37.39327921190922]]}, "properties": {"LINK_ID": "2060196701", "ROAD_NAME": "동판교로", "LANES": 2, "ROAD_RANK": "107", "MAX_SPD": 30, "LENGTH": 12.003230410473}}, {"type": "Feature", "geometry": {"type": "LineString", "coordinates": [[127.11228915298155, 37.39625317860682], [127.11207664584153, 37.396253905326745], [127.11039509652464, 37.39625964232639]]}, "properties": {"LINK_ID": "2060193805", "ROAD_NAME": "대왕판교로606번길", "LANES": 3, "ROAD_RANK": "107", "MAX_SPD": 50, "LENGTH": 167.715956138781}}, {"type": "Feature", "geometry": {"type": "LineString", "coordinates": [[127.10021830006681, 37.39468062877274], [127.10035535658604, 37.394678552837256]]}, "properties": {"LINK_ID": "2060331901", "ROAD_NAME": "서판교로88번길", "LANES": 1, "ROAD_RANK": "107", "MAX_SPD": 30, "LENGTH": 12.138483522125}}, {"type": "Feature", "geometry": {"type": "LineString", "coordinates": [[127.10224405944217, 37.40403513945576], [127.1022105383145, 37.40407477118867], [127.10214846910961, 37.40413623387343], [127.1020801151969, 37.404193295961385], [127.10200596394597, 37.404245549760084], [127.10192654456411, 37.404292619077], [127.10049139030147, 37.405117189096174], [127.1003791886918, 37.405169136609814]]}, "properties": {"LINK_ID": "2060203500", "ROAD_NAME": "판교로255번길", "LANES": 2, "ROAD_RANK": "107", "MAX_SPD": 50, "LENGTH": 208.421923620129}}, {"type": "Feature", "geometry": {"type": "LineString", "coordinates": [[127.11302679563296, 37.4032920532559], [127.11277199490188, 37.4032938513858]]}, "properties": {"LINK_ID": "2060359201", "ROAD_NAME": "판교로", "LANES": 3, "ROAD_RANK": "107", "MAX_SPD": 50, "LENGTH": 22.560803348273}}, {"type": "Feature", "geometry": {"type": "LineString", "coordinates": [[127.1095909541813, 37.395025184672285], [127.1095936570908, 37.394458500314066]]}, "properties": {"LINK_ID": "2060194303", "ROAD_NAME": "판교역로", "LANES": 4, "ROAD_RANK": "107", "MAX_SPD": 50, "LENGTH": 62.894023099676}}, {"type": "Feature", "geometry": {"type": "LineString", "coordinates": [[127.11677329311445, 37.39988049413949], [127.11393901616756, 37.39988325856427]]}, "properties": {"LINK_ID": "2060192800", "ROAD_NAME": "대왕판교로644번길", "LANES": 2, "ROAD_RANK": "107", "MAX_SPD": 50, "LENGTH": 250.956943638692}}, {"type": "Feature", "geometry": {"type": "LineString", "coordinates": [[127.08161649304631, 37.39145035825998], [127.08154290740387, 37.39145587789464]]}, "properties": {"LINK_ID": "2060006316", "ROAD_NAME": "운중로", "LANES": 2, "ROAD_RANK": "105", "MAX_SPD": 50, "LENGTH": 6.544986599282}}, {"type": "Feature", "geometry": {"type": "LineString", "coordinates": [[127.09636296835572, 37.398193642585845], [127.09645011373225, 37.398243589509796]]}, "properties": {"LINK_ID": "2060331502", "ROAD_NAME": "서판교로132번길", "LANES": 1, "ROAD_RANK": "107", "MAX_SPD": 30, "LENGTH": 9.501083757997}}, {"type": "Feature", "geometry": {"type": "LineString", "coordinates": [[127.09340282266082, 37.40332662561835], [127.0934890675524, 37.403291236941854], [127.09386194505183, 37.40319910394564]]}, "properties": {"LINK_ID": "2060349806", "ROAD_NAME": "판교로209번길", "LANES": 1, "ROAD_RANK": "107", "MAX_SPD": 30, "LENGTH": 43.148618379987}}, {"type": "Feature", "geometry": {"type": "LineString", "coordinates": [[127.10723745754449, 37.42003857665968], [127.1071336425329, 37.420202943470436], [127.10702664075102, 37.420301024283795], [127.10675836914137, 37.42051712341702], [127.10672630079324, 37.4205429551065], [127.10661988839301, 37.42063753996643], [127.10652576416855, 37.42077087724619], [127.10650606988044, 37.420810265125056]]}, "properties": {"LINK_ID": "2040404200", "ROAD_NAME": "설개로", "LANES": 1, "ROAD_RANK": "107", "MAX_SPD": 10, "LENGTH": 108.434893321753}}, {"type": "Feature", "geometry": {"type": "LineString", "coordinates": [[127.09890681278745, 37.3995576080433], [127.09889545521479, 37.39983014164355], [127.09885671858655, 37.40001950829518], [127.09885410591151, 37.40002734579354], [127.098830781509, 37.400097314222855], [127.09879240007871, 37.400208189003294], [127.09872669620371, 37.400348349945496], [127.09866433796631, 37.400431490664154], [127.09866048698602, 37.40043662507522], [127.09840172749654, 37.40075810113198], [127.09838511155802, 37.40077874422802], [127.09814047164927, 37.401089385136736], [127.09812295599025, 37.40111162619848], [127.09789319944798, 37.40140869701681]]}, "properties": {"LINK_ID": "2060331200", "ROAD_NAME": "판교로210번길", "LANES": 1, "ROAD_RANK": "107", "MAX_SPD": 30, "LENGTH": 228.783473251593}}, {"type": "Feature", "geometry": {"type": "LineString", "coordinates": [[127.0808375010636, 37.406484282444254], [127.0807973929595, 37.406481711908086], [127.08066620468469, 37.40649502485629], [127.08047748518587, 37.40652146234784], [127.08042054869753, 37.406528805658766], [127.08036576698764, 37.40653377509156], [127.08030701765404, 37.406534774595926], [127.08018929919523, 37.40652343135935]]}, "properties": {"LINK_ID": "2040006003", "ROAD_NAME": "금토로", "LANES": 1, "ROAD_RANK": "107", "MAX_SPD": 30, "LENGTH": 57.92334115156}}, {"type": "Feature", "geometry": {"type": "LineString", "coordinates": [[127.09816690858324, 37.393414462736985], [127.09819887406012, 37.39278683488199]]}, "properties": {"LINK_ID": "2060283107", "ROAD_NAME": "서판교로", "LANES": 2, "ROAD_RANK": "107", "MAX_SPD": 30, "LENGTH": 69.714845590971}}, {"type": "Feature", "geometry": {"type": "LineString", "coordinates": [[127.08882941405528, 37.40915488396388], [127.08875456696707, 37.409220599836374]]}, "properties": {"LINK_ID": "2040426602", "ROAD_NAME": "달래내로", "LANES": 1, "ROAD_RANK": "107", "MAX_SPD": 50, "LENGTH": 9.854154008384}}, {"type": "Feature", "geometry": {"type": "LineString", "coordinates": [[127.0860511882085, 37.41420304255216], [127.08970591516378, 37.410593082569775]]}, "properties": {"LINK_ID": "2040388601", "ROAD_NAME": "경부고속도로", "LANES": 5, "ROAD_RANK": "101", "MAX_SPD": 110, "LENGTH": 514.981928487772}}, {"type": "Feature", "geometry": {"type": "LineString", "coordinates": [[127.08969972369938, 37.40404573250978], [127.0907454243536, 37.40443577476278], [127.0909369542854, 37.40450105611105], [127.09113036118157, 37.40456589960767], [127.09132458018254, 37.4046295564169], [127.091518392258, 37.40469268071819], [127.09171214176507, 37.40475424418213], [127.0919048914548, 37.40481627483349], [127.09209632929313, 37.40487852513957], [127.09228607897116, 37.404940835919845], [127.09247486043746, 37.40500268042349], [127.09257623583707, 37.40503583793095], [127.09266245452862, 37.40506402548917], [127.09284526738848, 37.40512130590424], [127.09302982997114, 37.40518124357017], [127.09321367330402, 37.40524021201642], [127.09339620444695, 37.405298244151496], [127.09357732991077, 37.40535646272674], [127.09375739130148, 37.40541436831252], [127.09393604786689, 37.40547224410478], [127.09411339233108, 37.40552927551377], [127.09428783017925, 37.40558571249859], [127.09428926745971, 37.40558618168498], [127.09446376691699, 37.405642900379725], [127.09463698646712, 37.40569924321425], [127.09480939172825, 37.40575543147179], [127.09498126696758, 37.4058111811062], [127.09515292423599, 37.40586674415432], [127.09532442398536, 37.40592258729685], [127.09549557933967, 37.40597830612727], [127.09566667286568, 37.406034056295034], [127.09583820420768, 37.406089275158784], [127.09600995456186, 37.406144212476875], [127.09618164175525, 37.40619902435443], [127.09635357933695, 37.40625424394008], [127.09652507928993, 37.406309743849576], [127.09669651761064, 37.40636630676374], [127.09686792355302, 37.406422962260244], [127.09703958001703, 37.4064792433786], [127.09721164145768, 37.406534931042906], [127.09738407987713, 37.4065902126866], [127.09755698639643, 37.40664480621361], [127.09765851694623, 37.40667746186065], [127.09772961084134, 37.40670030614642], [127.09790254890744, 37.406757056182656], [127.09813323667805, 37.40683050515034]]}, "properties": {"LINK_ID": "2060010800", "ROAD_NAME": "수도권제1순환고속도로", "LANES": 4, "ROAD_RANK": "101", "MAX_SPD": 100, "LENGTH": 808.243231559745}}, {"type": "Feature", "geometry": {"type": "LineString", "coordinates": [[127.09413295064684, 37.400601398523975], [127.09420517268019, 37.40050971119954]]}, "properties": {"LINK_ID": "2060203104", "ROAD_NAME": "서판교로", "LANES": 1, "ROAD_RANK": "107", "MAX_SPD": 30, "LENGTH": 12.018417677048}}, {"type": "Feature", "geometry": {"type": "LineString", "coordinates": [[127.09474461747165, 37.399813312808206], [127.09481748684159, 37.399849500296305]]}, "properties": {"LINK_ID": "2060180304", "ROAD_NAME": "판교로", "LANES": 2, "ROAD_RANK": "107", "MAX_SPD": 50, "LENGTH": 7.600013221778}}, {"type": "Feature", "geometry": {"type": "LineString", "coordinates": [[127.10049485766845, 37.39387491858578], [127.10041991038045, 37.394291257098715], [127.10041860197174, 37.3942991070432], [127.10035535658604, 37.394678552837256]]}, "properties": {"LINK_ID": "2060332000", "ROAD_NAME": "판교로210번길", "LANES": 1, "ROAD_RANK": "107", "MAX_SPD": 30, "LENGTH": 90.044054178024}}, {"type": "Feature", "geometry": {"type": "LineString", "coordinates": [[127.11690517138402, 37.40268268158548], [127.11690833803067, 37.4029657592123], [127.11689969415312, 37.4030833419172], [127.11688374879819, 37.40320043807797], [127.11686054214412, 37.403316759325435], [127.11683013018516, 37.40343201907563], [127.11679258812018, 37.403545932526306], [127.11674800809985, 37.40365822026352], [127.11671667820367, 37.403725364293116]]}, "properties": {"LINK_ID": "2060358904", "ROAD_NAME": "동판교로", "LANES": 2, "ROAD_RANK": "107", "MAX_SPD": 30, "LENGTH": 117.80477439999}}, {"type": "Feature", "geometry": {"type": "LineString", "coordinates": [[127.09967446145899, 37.39277603449994], [127.09967254015714, 37.392668178956754]]}, "properties": {"LINK_ID": "2060330302", "ROAD_NAME": "서판교로44번길", "LANES": 1, "ROAD_RANK": "107", "MAX_SPD": 30, "LENGTH": 11.971569799677}}, {"type": "Feature", "geometry": {"type": "LineString", "coordinates": [[127.10976273630972, 37.40237855424811], [127.11087645728568, 37.40237058141942], [127.11169798732016, 37.40237058699941]]}, "properties": {"LINK_ID": "2060350700", "ROAD_NAME": "판교역로242번길", "LANES": 2, "ROAD_RANK": "107", "MAX_SPD": 50, "LENGTH": 171.352148225715}}, {"type": "Feature", "geometry": {"type": "LineString", "coordinates": [[127.098062872335, 37.406990779844534], [127.09778898611107, 37.40699849377797], [127.09759611048831, 37.40698064986246], [127.0973599855762, 37.406970774734646], [127.09702595412409, 37.40696555670142], [127.09677251725466, 37.40699321217749], [127.09661114244088, 37.40699914942072], [127.09622939207131, 37.40705849376549], [127.09584795501787, 37.407117774453035], [127.09521170353418, 37.40721993168686], [127.0947450797991, 37.40718652548637], [127.09408670515326, 37.40694290003519], [127.09356389222137, 37.40650699414495], [127.09320307993077, 37.40609271164618], [127.09301164211428, 37.40567646222135], [127.09301292280963, 37.40562793046215], [127.09302679829919, 37.405105274626045], [127.09302948466717, 37.40500407269578]]}, "properties": {"LINK_ID": "2060010700", "ROAD_NAME": "경부고속도로", "LANES": 2, "ROAD_RANK": "101", "MAX_SPD": 60, "LENGTH": 607.744218949415}}, {"type": "Feature", "geometry": {"type": "LineString", "coordinates": [[127.0982876867975, 37.40069967824232], [127.09854528945036, 37.40037964055817], [127.09854804009198, 37.400375973213514]]}, "properties": {"LINK_ID": "2060331304", "ROAD_NAME": "판교로210번길", "LANES": 1, "ROAD_RANK": "107", "MAX_SPD": 30, "LENGTH": 42.686588284582}}, {"type": "Feature", "geometry": {"type": "LineString", "coordinates": [[127.11401394283101, 37.39765870157791], [127.11400954315584, 37.39687542551678]]}, "properties": {"LINK_ID": "2060193503", "ROAD_NAME": "-", "LANES": 2, "ROAD_RANK": "107", "MAX_SPD": 50, "LENGTH": 86.932956087918}}, {"type": "Feature", "geometry": {"type": "LineString", "coordinates": [[127.09330138913599, 37.40862416432428], [127.09352758522449, 37.40867622475275], [127.0937124195358, 37.40871291478709], [127.09384369675385, 37.408728013569245], [127.09395242304682, 37.40873402081782], [127.09404041444269, 37.408728841118254]]}, "properties": {"LINK_ID": "2040421901", "ROAD_NAME": "경부고속도로", "LANES": 2, "ROAD_RANK": "101", "MAX_SPD": 30, "LENGTH": 66.908534223013}}, {"type": "Feature", "geometry": {"type": "LineString", "coordinates": [[127.10371419926446, 37.41888973509381], [127.10355666043495, 37.41956669734958], [127.10319774015291, 37.42047464804648], [127.10279995101908, 37.42111870880105], [127.10237243018815, 37.421777058813475], [127.10224172160594, 37.42202620330627], [127.10209576382277, 37.422314973153995], [127.10175390057059, 37.42259372198494], [127.10107048874117, 37.42302452430482], [127.10008764036908, 37.42368846792817], [127.09876725655069, 37.42432848718035], [127.09794457460518, 37.42454297638168]]}, "properties": {"LINK_ID": "2040412600", "ROAD_NAME": "분당내곡간도시고속화도로", "LANES": 3, "ROAD_RANK": "102", "MAX_SPD": 80, "LENGTH": 856.348020947201}}, {"type": "Feature", "geometry": {"type": "LineString", "coordinates": [[127.08953116081354, 37.40714966347632], [127.08901971269185, 37.40754241911971]]}, "properties": {"LINK_ID": "2040425601", "ROAD_NAME": "-", "LANES": 1, "ROAD_RANK": "107", "MAX_SPD": 50, "LENGTH": 62.852670183184}}, {"type": "Feature", "geometry": {"type": "LineString", "coordinates": [[127.11282823230754, 37.39836236899225], [127.11282755486404, 37.398297921915244]]}, "properties": {"LINK_ID": "2060194601", "ROAD_NAME": "분당내곡로", "LANES": 3, "ROAD_RANK": "107", "MAX_SPD": 50, "LENGTH": 7.152927057775}}, {"type": "Feature", "geometry": {"type": "LineString", "coordinates": [[127.09961724553541, 37.39637605729163], [127.09961776027596, 37.39637523755404], [127.09974094047207, 37.39619458159846], [127.09983906077746, 37.3959819991458]]}, "properties": {"LINK_ID": "2060331709", "ROAD_NAME": "판교로210번길", "LANES": 1, "ROAD_RANK": "107", "MAX_SPD": 30, "LENGTH": 48.069101683815}}, {"type": "Feature", "geometry": {"type": "LineString", "coordinates": [[127.0957994854857, 37.40305983305879], [127.09581986733025, 37.403056127458946], [127.09603432626334, 37.40298464489586], [127.09617465261738, 37.4029144845949], [127.09650375920629, 37.402678838317335], [127.09650544993823, 37.402677170206445]]}, "properties": {"LINK_ID": "2060349808", "ROAD_NAME": "판교로209번길", "LANES": 1, "ROAD_RANK": "107", "MAX_SPD": 30, "LENGTH": 76.485334804581}}, {"type": "Feature", "geometry": {"type": "LineString", "coordinates": [[127.10643076461156, 37.403937039280414], [127.10656648160034, 37.40393704168857]]}, "properties": {"LINK_ID": "2060350301", "ROAD_NAME": "판교로289번길", "LANES": 1, "ROAD_RANK": "107", "MAX_SPD": 50, "LENGTH": 12.016205241698}}, {"type": "Feature", "geometry": {"type": "LineString", "coordinates": [[127.09837816172707, 37.39922723193435], [127.09877261382253, 37.3994266450159]]}, "properties": {"LINK_ID": "2060331503", "ROAD_NAME": "서판교로132번길", "LANES": 1, "ROAD_RANK": "107", "MAX_SPD": 30, "LENGTH": 41.348221612923}}, {"type": "Feature", "geometry": {"type": "LineString", "coordinates": [[127.09631277349088, 37.400282481645945], [127.09619739527537, 37.40022575706397]]}, "properties": {"LINK_ID": "2060348501", "ROAD_NAME": "판교로", "LANES": 1, "ROAD_RANK": "107", "MAX_SPD": 40, "LENGTH": 11.999991867896}}, {"type": "Feature", "geometry": {"type": "LineString", "coordinates": [[127.11210655878179, 37.41434946167084], [127.11207820517298, 37.41434243123462], [127.1120505168538, 37.414337523500976], [127.11195667346252, 37.41431993081241], [127.11187689251814, 37.41430305637022], [127.11177267399998, 37.41429321220311], [127.1116602044125, 37.41429143084503], [127.11164107267372, 37.41429199456939], [127.11157639245617, 37.41429390037497], [127.1114967986515, 37.414303369486476], [127.11137661104048, 37.41432486845193], [127.11129992358786, 37.41434039945021], [127.11121351717134, 37.41434690052128], [127.11106161092637, 37.414372055599834], [127.11103720864911, 37.41437578903788]]}, "properties": {"LINK_ID": "2040008209", "ROAD_NAME": "사송로", "LANES": 1, "ROAD_RANK": "107", "MAX_SPD": 30, "LENGTH": 96.303730879884}}, {"type": "Feature", "geometry": {"type": "LineString", "coordinates": [[127.08894073633635, 37.40748600152541], [127.08945512474419, 37.40707626313108]]}, "properties": {"LINK_ID": "2040425501", "ROAD_NAME": "-", "LANES": 1, "ROAD_RANK": "107", "MAX_SPD": 50, "LENGTH": 64.358196288957}}, {"type": "Feature", "geometry": {"type": "LineString", "coordinates": [[127.08737693372382, 37.39454364766155], [127.08751797600647, 37.39473786941321], [127.08769335654623, 37.39496712524417], [127.08787526294643, 37.39519312236614], [127.08806359910852, 37.395415740083955], [127.08825826667866, 37.39563486401094], [127.08845916504124, 37.39585038066271], [127.08866618905498, 37.39606217295387], [127.08888720075622, 37.39627371198568], [127.08911445503594, 37.39648099667358], [127.0893478241569, 37.396683913549765], [127.08958717585296, 37.39688234374389], [127.08969636767637, 37.39696866191248]]}, "properties": {"LINK_ID": "2060180307", "ROAD_NAME": "판교로", "LANES": 2, "ROAD_RANK": "107", "MAX_SPD": 50, "LENGTH": 339.635135121228}}, {"type": "Feature", "geometry": {"type": "LineString", "coordinates": [[127.10198965860498, 37.42212262824062], [127.10221542333937, 37.420371806010515], [127.10228361103015, 37.419842931485604], [127.10229395457552, 37.41967939948023], [127.10229398531449, 37.41967874351252], [127.10230979906025, 37.419477243273306], [127.10230979897567, 37.41947718110312], [127.10232911103368, 37.41923649345134], [127.10232089158201, 37.418995775557306], [127.10228886045415, 37.41873227529002], [127.10221089159018, 37.41835739931958], [127.10213979926097, 37.41806118073329], [127.10209597137127, 37.4179234736045]]}, "properties": {"LINK_ID": "2040000300", "ROAD_NAME": "대왕판교로", "LANES": 4, "ROAD_RANK": "105", "MAX_SPD": 60, "LENGTH": 469.299176011459}}, {"type": "Feature", "geometry": {"type": "LineString", "coordinates": [[127.09565886078981, 37.39943594640765], [127.09526880238123, 37.399258804369005]]}, "properties": {"LINK_ID": "2060334200", "ROAD_NAME": "서판교로", "LANES": 1, "ROAD_RANK": "107", "MAX_SPD": 40, "LENGTH": 39.741048345484}}, {"type": "Feature", "geometry": {"type": "LineString", "coordinates": [[127.11761854826942, 37.405075077123385], [127.11755584601623, 37.405053106511964], [127.11737263142727, 37.40498119520443], [127.11719349947126, 37.404903012069084], [127.11701878586445, 37.40481870726235], [127.11684881955127, 37.40472843725597], [127.11616233395414, 37.404384850704545]]}, "properties": {"LINK_ID": "2060359802", "ROAD_NAME": "판교로", "LANES": 3, "ROAD_RANK": "107", "MAX_SPD": 50, "LENGTH": 150.129060641905}}, {"type": "Feature", "geometry": {"type": "LineString", "coordinates": [[127.11235694489265, 37.39725342545049], [127.1123569397853, 37.397833515553586]]}, "properties": {"LINK_ID": "2060353100", "ROAD_NAME": "대왕판교로606번길", "LANES": 1, "ROAD_RANK": "107", "MAX_SPD": 30, "LENGTH": 64.381441147352}}, {"type": "Feature", "geometry": {"type": "LineString", "coordinates": [[127.10145768655788, 37.39341492165472], [127.10157079140144, 37.393852671212365], [127.10159494899783, 37.39402476457546], [127.10159400686857, 37.39420277398111], [127.10156791170006, 37.39439669991596], [127.10153946760633, 37.39456061571865], [127.10151040964087, 37.39484053769677], [127.10150506287766, 37.39500591582965]]}, "properties": {"LINK_ID": "2060284000", "ROAD_NAME": "경부고속도로", "LANES": 2, "ROAD_RANK": "101", "MAX_SPD": 40, "LENGTH": 178.127635094628}}, {"type": "Feature", "geometry": {"type": "LineString", "coordinates": [[127.09797935505169, 37.399153618290725], [127.09763940072364, 37.39898175238705]]}, "properties": {"LINK_ID": "2060331406", "ROAD_NAME": "서판교로132번길", "LANES": 1, "ROAD_RANK": "107", "MAX_SPD": 30, "LENGTH": 35.635839836139}}, {"type": "Feature", "geometry": {"type": "LineString", "coordinates": [[127.10344038039896, 37.40519791515434], [127.10378587784312, 37.40547011165572]]}, "properties": {"LINK_ID": "2060350900", "ROAD_NAME": "대왕판교로712번길", "LANES": 1, "ROAD_RANK": "107", "MAX_SPD": 50, "LENGTH": 42.99233071301}}, {"type": "Feature", "geometry": {"type": "LineString", "coordinates": [[127.11859724536242, 37.40849083675448], [127.11857163079013, 37.4082927797665]]}, "properties": {"LINK_ID": "2060149501", "ROAD_NAME": "분당수서로", "LANES": 1, "ROAD_RANK": "102", "MAX_SPD": 40, "LENGTH": 22.098114511774}}, {"type": "Feature", "geometry": {"type": "LineString", "coordinates": [[127.11141424323834, 37.39371556784477], [127.1128105945262, 37.3937160916883]]}, "properties": {"LINK_ID": "2060195503", "ROAD_NAME": "판교역로146번길", "LANES": 2, "ROAD_RANK": "107", "MAX_SPD": 30, "LENGTH": 123.647942167532}}, {"type": "Feature", "geometry": {"type": "LineString", "coordinates": [[127.0927795788943, 37.398967318774304], [127.09266520567648, 37.39890918281526]]}, "properties": {"LINK_ID": "2060180405", "ROAD_NAME": "판교로", "LANES": 2, "ROAD_RANK": "107", "MAX_SPD": 50, "LENGTH": 12.007913123709}}, {"type": "Feature", "geometry": {"type": "LineString", "coordinates": [[127.10636001074985, 37.41047177404252], [127.10584164469283, 37.41103219273843], [127.10554088778683, 37.41137279460558], [127.10526614783927, 37.41172880518547], [127.10513926843069, 37.41191172587083], [127.10490709288929, 37.412286522719555], [127.10483824787025, 37.412472389246844], [127.10476532847366, 37.41262850588686], [127.10467500419408, 37.412857707831016], [127.10459348370496, 37.41306927617548], [127.1045186365735, 37.41329317801206], [127.10439130647144, 37.41374547677941], [127.10438699770918, 37.41383304340331], [127.10438853370695, 37.413920767048694], [127.10439812773674, 37.41402600028541], [127.10441563526855, 37.41412271640761], [127.10444805205285, 37.41422480564552], [127.10448896626264, 37.41430606752098], [127.10454192867283, 37.414378187803436], [127.10459798585057, 37.41443373018128], [127.10466280063166, 37.414482535971025], [127.10473533387092, 37.414523862738505], [127.1048142323408, 37.414556938595304], [127.10489803797515, 37.414581153030745], [127.10498519577693, 37.414596056004946], [127.10507407642801, 37.414601368741835], [127.1051630440835, 37.41459699448163], [127.10525044168389, 37.41458301398899], [127.10533463840531, 37.41455968821372], [127.10541408273787, 37.41452744652993], [127.10548729345744, 37.41448689124821], [127.10555291494173, 37.41443877143586], [127.10560988865146, 37.41438382598537], [127.1056639619915, 37.4143123800385], [127.10570259204135, 37.41423987656306], [127.10573079105114, 37.4141640143947], [127.10575031170161, 37.41408605159739], [127.10576206722122, 37.41401517054265], [127.10576923111057, 37.413938017997324], [127.10577390505804, 37.413870298642934], [127.10577428291246, 37.413798405106625], [127.10576885349943, 37.41372409662812], [127.1057563297242, 37.413638981366596], [127.10573818073253, 37.41354512404179], [127.10571837555335, 37.41346555655212], [127.1056885467192, 37.41337334230667], [127.10565570154714, 37.41329129514289], [127.10561868511785, 37.41321424964757], [127.10495597488294, 37.412136190399494]]}, "properties": {"LINK_ID": "2040341200", "ROAD_NAME": "제2경인고속도로", "LANES": 1, "ROAD_RANK": "101", "MAX_SPD": 40, "LENGTH": 858.647827939114}}, {"type": "Feature", "geometry": {"type": "LineString", "coordinates": [[127.08084839404867, 37.40637651723518], [127.08086401683106, 37.406377524645684], [127.0809576419973, 37.4063783057332], [127.08106823555433, 37.40639071269026], [127.08113908029122, 37.40639271211327], [127.0811958609906, 37.40638874378487], [127.08126136124056, 37.40638365036964], [127.0813285799378, 37.40637902516762], [127.08140236059559, 37.406375118929056], [127.08147870404807, 37.40636599397145], [127.08152983023513, 37.40636386836139], [127.08174029864814, 37.40635536878555], [127.08182692406291, 37.40634652482087], [127.08194707968842, 37.40631824417702], [127.08197939223786, 37.40631221197262], [127.08202176682894, 37.40629946288219], [127.08217323560771, 37.40625205595042], [127.08230048585264, 37.406206774972944], [127.08236139253668, 37.40618852474537], [127.08245767295527, 37.40616874331621], [127.08259470412504, 37.40614293075215], [127.08261632914059, 37.406138743920195], [127.08269273591375, 37.40612386872424], [127.08283489176415, 37.40610455586143], [127.0829014854133, 37.40610599316816], [127.08294951629111, 37.406103587996164], [127.08299689171929, 37.4061008688087], [127.08317845497224, 37.40614580664665], [127.08333861112634, 37.40621911890714], [127.08342651777674, 37.40625780618828], [127.0834665170304, 37.406274806338985], [127.08362257977471, 37.40633833782537], [127.08382992319086, 37.40642161825972], [127.08440479922425, 37.406633587830086], [127.08449106245467, 37.40666251019703]]}, "properties": {"LINK_ID": "2040005904", "ROAD_NAME": "금토로", "LANES": 1, "ROAD_RANK": "107", "MAX_SPD": 30, "LENGTH": 341.367068334464}}, {"type": "Feature", "geometry": {"type": "LineString", "coordinates": [[127.11304305670262, 37.403176036903886], [127.11307776685226, 37.403174968641046], [127.11323980100404, 37.403178942945694], [127.11340139965175, 37.40318920656877], [127.11356218105317, 37.403205738254094], [127.11372176117501, 37.403228496026365], [127.11387976274567, 37.403257428895536], [127.11403581071927, 37.40329246514788], [127.11418953455052, 37.403333523156], [127.11434057044352, 37.403380505069414], [127.11448855796729, 37.40343329952072], [127.11463314683199, 37.40349178161892], [127.1147739934989, 37.40355581205167], [127.11491076457115, 37.403625238883684], [127.11533372646612, 37.40383886478971], [127.11544825795008, 37.40389671093738], [127.11615204360818, 37.404252166231124]]}, "properties": {"LINK_ID": "2060359100", "ROAD_NAME": "판교로", "LANES": 3, "ROAD_RANK": "107", "MAX_SPD": 50, "LENGTH": 305.389348146886}}, {"type": "Feature", "geometry": {"type": "LineString", "coordinates": [[127.10314506746839, 37.405079041103605], [127.10323889485302, 37.40501522484074]]}, "properties": {"LINK_ID": "2060179903", "ROAD_NAME": "대왕판교로", "LANES": 2, "ROAD_RANK": "105", "MAX_SPD": 60, "LENGTH": 10.916699141266}}, {"type": "Feature", "geometry": {"type": "LineString", "coordinates": [[127.10408880769565, 37.394980199532235], [127.10426369924308, 37.39481871738365], [127.10539855238645, 37.39419568831243]]}, "properties": {"LINK_ID": "2060206700", "ROAD_NAME": "서현로", "LANES": 2, "ROAD_RANK": "105", "MAX_SPD": 40, "LENGTH": 145.668751142498}}, {"type": "Feature", "geometry": {"type": "LineString", "coordinates": [[127.07854506737328, 37.39319918186411], [127.07951135598772, 37.39314021711021], [127.08008618720078, 37.393105136035835], [127.08010713719386, 37.39310385743624], [127.08063626900953, 37.39306949429]]}, "properties": {"LINK_ID": "2060202200", "ROAD_NAME": "산운로", "LANES": 1, "ROAD_RANK": "107", "MAX_SPD": 30, "LENGTH": 185.737705636507}}, {"type": "Feature", "geometry": {"type": "LineString", "coordinates": [[127.10142672487702, 37.39671858607076], [127.10156554035424, 37.39723993711186], [127.10158984357618, 37.3973626461677], [127.10159956850256, 37.397500748178494], [127.10160215436113, 37.39758240393279]]}, "properties": {"LINK_ID": "2060283800", "ROAD_NAME": "판교로228번길", "LANES": 1, "ROAD_RANK": "107", "MAX_SPD": 40, "LENGTH": 97.358195513403}}, {"type": "Feature", "geometry": {"type": "LineString", "coordinates": [[127.10959450613376, 37.39371554580126], [127.10975013696066, 37.3937149220178]]}, "properties": {"LINK_ID": "2060195501", "ROAD_NAME": "판교역로146번길", "LANES": 2, "ROAD_RANK": "107", "MAX_SPD": 30, "LENGTH": 13.781396902969}}, {"type": "Feature", "geometry": {"type": "LineString", "coordinates": [[127.11569663036562, 37.404743907892374], [127.11576383815864, 37.40464987931687]]}, "properties": {"LINK_ID": "2060360201", "ROAD_NAME": "동판교로", "LANES": 2, "ROAD_RANK": "107", "MAX_SPD": 30, "LENGTH": 12.013055779249}}, {"type": "Feature", "geometry": {"type": "LineString", "coordinates": [[127.08604975516397, 37.40599585924987], [127.08602610752959, 37.406200946041565]]}, "properties": {"LINK_ID": "2040423503", "ROAD_NAME": "-", "LANES": 1, "ROAD_RANK": "107", "MAX_SPD": 50, "LENGTH": 22.857716574815}}, {"type": "Feature", "geometry": {"type": "LineString", "coordinates": [[127.09601805641829, 37.40045792432908], [127.09619739527537, 37.40022575706397]]}, "properties": {"LINK_ID": "2060331100", "ROAD_NAME": "판교로", "LANES": 1, "ROAD_RANK": "107", "MAX_SPD": 40, "LENGTH": 30.267048123558}}, {"type": "Feature", "geometry": {"type": "LineString", "coordinates": [[127.09493666624363, 37.41076490726607], [127.09493339751211, 37.41087356462996]]}, "properties": {"LINK_ID": "2040403001", "ROAD_NAME": "창업로", "LANES": 2, "ROAD_RANK": "107", "MAX_SPD": 50, "LENGTH": 12.06285847033}}, {"type": "Feature", "geometry": {"type": "LineString", "coordinates": [[127.09563659021887, 37.41216189103481], [127.09543511564324, 37.41206595129064], [127.09519975721585, 37.41186546332754], [127.09507165048285, 37.4117117362904], [127.09487698219765, 37.41147813582201], [127.09483653303433, 37.41132532566077], [127.09479784848521, 37.41114478970049], [127.0947978509446, 37.410880878338446]]}, "properties": {"LINK_ID": "2040390302", "ROAD_NAME": "창업로", "LANES": 2, "ROAD_RANK": "107", "MAX_SPD": 50, "LENGTH": 169.826725875719}}, {"type": "Feature", "geometry": {"type": "LineString", "coordinates": [[127.09939977996025, 37.398536027153646], [127.09940722162894, 37.39847037969552], [127.09943623672018, 37.39831089885735], [127.09946024136791, 37.39822883617276], [127.09948902320686, 37.39814167418717], [127.09954521267669, 37.39799243307974], [127.09960881912788, 37.397859083315275], [127.0996971311041, 37.39770948258779], [127.09978620966662, 37.39757784931291], [127.09994194072664, 37.39741013501261], [127.10014186143428, 37.39722799557637], [127.10048986591876, 37.39698767452434], [127.10099244242932, 37.396700224140524], [127.10118044480033, 37.396597513653404], [127.10161257780538, 37.3963783264061], [127.10287300077968, 37.39566639177442]]}, "properties": {"LINK_ID": "2060273500", "ROAD_NAME": "경부고속도로", "LANES": 3, "ROAD_RANK": "101", "MAX_SPD": 40, "LENGTH": 460.453071271504}}, {"type": "Feature", "geometry": {"type": "LineString", "coordinates": [[127.09557066194238, 37.40867628718548], [127.09555242590775, 37.40856658926153]]}, "properties": {"LINK_ID": "2040390001", "ROAD_NAME": "창업로57번길", "LANES": 1, "ROAD_RANK": "107", "MAX_SPD": 30, "LENGTH": 12.281450987664}}, {"type": "Feature", "geometry": {"type": "LineString", "coordinates": [[127.09877261382253, 37.3994266450159], [127.09890813999569, 37.399426645828676]]}, "properties": {"LINK_ID": "2060331501", "ROAD_NAME": "서판교로132번길", "LANES": 1, "ROAD_RANK": "107", "MAX_SPD": 30, "LENGTH": 12.0000280592}}, {"type": "Feature", "geometry": {"type": "LineString", "coordinates": [[127.08508444647524, 37.40687930745788], [127.08548248629008, 37.407012476429294], [127.08569973424359, 37.407060560677394], [127.08578460419949, 37.40707607127783]]}, "properties": {"LINK_ID": "2040423901", "ROAD_NAME": "금토로", "LANES": 1, "ROAD_RANK": "107", "MAX_SPD": 60, "LENGTH": 65.883644000604}}, {"type": "Feature", "geometry": {"type": "LineString", "coordinates": [[127.1003263393634, 37.405200376139184], [127.10026896373094, 37.40523893457299], [127.09911504851468, 37.40589907676271], [127.09908650532394, 37.40591272050706], [127.09905563726089, 37.405922635067824], [127.09902320414488, 37.40592857382832], [127.09899000659289, 37.4059303928548], [127.09895686116093, 37.40592804370913], [127.09892458454712, 37.4059215860764], [127.09889397212166, 37.40591118057465], [127.09886577871544, 37.40589708156267], [127.09785600922552, 37.40477342489789], [127.09784377212257, 37.4047504563034], [127.09783599935234, 37.404726281151426], [127.09783286556362, 37.404701449821786], [127.09783444263893, 37.40467652449206], [127.0978406929077, 37.40465207103403], [127.09785147816254, 37.40462864368881], [127.09786654948172, 37.404606775164304], [127.09896927113522, 37.40372465462674]]}, "properties": {"LINK_ID": "2060204000", "ROAD_NAME": "판교로255번길", "LANES": 1, "ROAD_RANK": "107", "MAX_SPD": 30, "LENGTH": 467.028636957623}}, {"type": "Feature", "geometry": {"type": "LineString", "coordinates": [[127.08887488760853, 37.40755601992197], [127.08894073633635, 37.40748600152541]]}, "properties": {"LINK_ID": "2040425503", "ROAD_NAME": "-", "LANES": 1, "ROAD_RANK": "107", "MAX_SPD": 50, "LENGTH": 9.71474331025}}, {"type": "Feature", "geometry": {"type": "LineString", "coordinates": [[127.09571830997385, 37.40030602109721], [127.095626289351, 37.400421591546156]]}, "properties": {"LINK_ID": "2060347801", "ROAD_NAME": "-", "LANES": 1, "ROAD_RANK": "107", "MAX_SPD": 40, "LENGTH": 15.195665756059}}, {"type": "Feature", "geometry": {"type": "LineString", "coordinates": [[127.09557066194238, 37.40867628718548], [127.09461047650043, 37.40860035285849]]}, "properties": {"LINK_ID": "2040389602", "ROAD_NAME": "달래내로", "LANES": 2, "ROAD_RANK": "107", "MAX_SPD": 50, "LENGTH": 85.424965720899}}, {"type": "Feature", "geometry": {"type": "LineString", "coordinates": [[127.11892141421049, 37.38923248561859], [127.11907045897307, 37.38932422768084], [127.119118158211, 37.38938899990411], [127.1194459411053, 37.38983410254831], [127.11996611315259, 37.39061760781972], [127.12014873601011, 37.39095825571647], [127.12031511329936, 37.39130772701461]]}, "properties": {"LINK_ID": "2060124900", "ROAD_NAME": "분당수서로", "LANES": 2, "ROAD_RANK": "102", "MAX_SPD": 60, "LENGTH": 263.319549947677}}, {"type": "Feature", "geometry": {"type": "LineString", "coordinates": [[127.12019496764276, 37.42165050626481], [127.12006342389265, 37.421350774997805], [127.11967561079229, 37.42064514969102], [127.11963889196701, 37.4205783061114], [127.11933401729064, 37.42005061872886], [127.11903399384283, 37.41960114845267]]}, "properties": {"LINK_ID": "2050008201", "ROAD_NAME": "분당수서로", "LANES": 3, "ROAD_RANK": "102", "MAX_SPD": 80, "LENGTH": 249.850702351748}}, {"type": "Feature", "geometry": {"type": "LineString", "coordinates": [[127.09638354054492, 37.40019305192201], [127.09631277349088, 37.400282481645945]]}, "properties": {"LINK_ID": "2060349201", "ROAD_NAME": "서판교로", "LANES": 1, "ROAD_RANK": "107", "MAX_SPD": 40, "LENGTH": 11.737762131795}}, {"type": "Feature", "geometry": {"type": "LineString", "coordinates": [[127.0970236778508, 37.39779364993124], [127.09645011373225, 37.398243589509796]]}, "properties": {"LINK_ID": "2060283206", "ROAD_NAME": "서판교로", "LANES": 2, "ROAD_RANK": "107", "MAX_SPD": 30, "LENGTH": 71.224625539903}}, {"type": "Feature", "geometry": {"type": "LineString", "coordinates": [[127.10860204198734, 37.396187672811735], [127.1095854063255, 37.39618831253517]]}, "properties": {"LINK_ID": "2060197803", "ROAD_NAME": "대왕판교로606번길", "LANES": 3, "ROAD_RANK": "107", "MAX_SPD": 50, "LENGTH": 87.074795334164}}, {"type": "Feature", "geometry": {"type": "LineString", "coordinates": [[127.09622333052513, 37.40872789789839], [127.09570921291655, 37.408687243592134]]}, "properties": {"LINK_ID": "2040389608", "ROAD_NAME": "달래내로", "LANES": 2, "ROAD_RANK": "107", "MAX_SPD": 50, "LENGTH": 45.739499389766}}, {"type": "Feature", "geometry": {"type": "LineString", "coordinates": [[127.11283016055852, 37.39988413165285], [127.11283059414919, 37.399817779800706]]}, "properties": {"LINK_ID": "2060181901", "ROAD_NAME": "분당내곡로", "LANES": 3, "ROAD_RANK": "107", "MAX_SPD": 50, "LENGTH": 7.364179474206}}, {"type": "Feature", "geometry": {"type": "LineString", "coordinates": [[127.09967262011874, 37.39191659232309], [127.099685109094, 37.39112619783008], [127.09968462758238, 37.3911104638255], [127.09967432774712, 37.39077390195706]]}, "properties": {"LINK_ID": "2060330303", "ROAD_NAME": "서판교로44번길", "LANES": 1, "ROAD_RANK": "107", "MAX_SPD": 30, "LENGTH": 126.840227700714}}, {"type": "Feature", "geometry": {"type": "LineString", "coordinates": [[127.09395520996236, 37.406372702185365], [127.09820243625248, 37.402153748260446]]}, "properties": {"LINK_ID": "2040389101", "ROAD_NAME": "경부고속도로", "LANES": 5, "ROAD_RANK": "101", "MAX_SPD": 110, "LENGTH": 600.548326107925}}, {"type": "Feature", "geometry": {"type": "LineString", "coordinates": [[127.10959683814036, 37.39379156232936], [127.10959450613376, 37.39371554580126]]}, "properties": {"LINK_ID": "2060194301", "ROAD_NAME": "판교역로", "LANES": 4, "ROAD_RANK": "107", "MAX_SPD": 50, "LENGTH": 8.439233762162}}, {"type": "Feature", "geometry": {"type": "LineString", "coordinates": [[127.11496376196263, 37.39618057005817], [127.11677275974898, 37.39617457680116]]}, "properties": {"LINK_ID": "2060199402", "ROAD_NAME": "대왕판교로606번길", "LANES": 2, "ROAD_RANK": "107", "MAX_SPD": 30, "LENGTH": 160.184233437178}}, {"type": "Feature", "geometry": {"type": "LineString", "coordinates": [[127.09890681278745, 37.3995576080433], [127.0987713619825, 37.39955401517707]]}, "properties": {"LINK_ID": "2060331401", "ROAD_NAME": "서판교로132번길", "LANES": 1, "ROAD_RANK": "107", "MAX_SPD": 30, "LENGTH": 11.999961162958}}, {"type": "Feature", "geometry": {"type": "LineString", "coordinates": [[127.10132254246112, 37.39339583536628], [127.10139292395634, 37.3927715253082], [127.10150394308786, 37.39208167867377]]}, "properties": {"LINK_ID": "2060007400", "ROAD_NAME": "경부고속도로", "LANES": 5, "ROAD_RANK": "101", "MAX_SPD": 110, "LENGTH": 146.760168329611}}, {"type": "Feature", "geometry": {"type": "LineString", "coordinates": [[127.08605368431189, 37.40501382432935], [127.08615399185169, 37.4050027825813]]}, "properties": {"LINK_ID": "2040423302", "ROAD_NAME": "-", "LANES": 1, "ROAD_RANK": "107", "MAX_SPD": 50, "LENGTH": 8.965120850296}}, {"type": "Feature", "geometry": {"type": "LineString", "coordinates": [[127.11186668869823, 37.401024715662324], [127.11173126084844, 37.401020544072374]]}, "properties": {"LINK_ID": "2060351002", "ROAD_NAME": "판교역로226번길", "LANES": 1, "ROAD_RANK": "107", "MAX_SPD": 50, "LENGTH": 12.000005771828}}, {"type": "Feature", "geometry": {"type": "LineString", "coordinates": [[127.08250185900607, 37.41788053523597], [127.079761497042, 37.42055009876329], [127.07607054294449, 37.424253517548166]]}, "properties": {"LINK_ID": "2040412000", "ROAD_NAME": "경부고속도로", "LANES": 5, "ROAD_RANK": "101", "MAX_SPD": 110, "LENGTH": 907.975968633781}}, {"type": "Feature", "geometry": {"type": "LineString", "coordinates": [[127.09480057951833, 37.410772445186275], [127.09493666624363, 37.41076490726607]]}, "properties": {"LINK_ID": "2040402801", "ROAD_NAME": "창업로40번길", "LANES": 1, "ROAD_RANK": "107", "MAX_SPD": 30, "LENGTH": 12.076856213618}}, {"type": "Feature", "geometry": {"type": "LineString", "coordinates": [[127.09686635263745, 37.40878829957837], [127.09677618048534, 37.408771612455425], [127.09622333052513, 37.40872789789839]]}, "properties": {"LINK_ID": "2040389606", "ROAD_NAME": "달래내로", "LANES": 2, "ROAD_RANK": "107", "MAX_SPD": 50, "LENGTH": 57.380566116167}}, {"type": "Feature", "geometry": {"type": "LineString", "coordinates": [[127.11288036562318, 37.399386574359376], [127.11288438952522, 37.39914499293803], [127.11287182627211, 37.39823527000928], [127.1128582149607, 37.39612624874885], [127.11285452780207, 37.393667007173526], [127.11285891503488, 37.39246087064586]]}, "properties": {"LINK_ID": "2060112207", "ROAD_NAME": "분당내곡간도시고속화도로", "LANES": 3, "ROAD_RANK": "102", "MAX_SPD": 80, "LENGTH": 768.663065114828}}, {"type": "Feature", "geometry": {"type": "LineString", "coordinates": [[127.10976273630972, 37.40237855424811], [127.1097639221241, 37.40248667224651]]}, "properties": {"LINK_ID": "2060207007", "ROAD_NAME": "판교역로", "LANES": 3, "ROAD_RANK": "107", "MAX_SPD": 60, "LENGTH": 11.999970939836}}, {"type": "Feature", "geometry": {"type": "LineString", "coordinates": [[127.08595066549519, 37.40598860301615], [127.08603303702158, 37.40526911839728], [127.08605647601027, 37.40509351478993]]}, "properties": {"LINK_ID": "2040423603", "ROAD_NAME": "-", "LANES": 1, "ROAD_RANK": "107", "MAX_SPD": 50, "LENGTH": 99.784180329335}}, {"type": "Feature", "geometry": {"type": "LineString", "coordinates": [[127.09427526332709, 37.40054485060387], [127.09469229332359, 37.400780545559876]]}, "properties": {"LINK_ID": "2060347900", "ROAD_NAME": "-", "LANES": 1, "ROAD_RANK": "107", "MAX_SPD": 40, "LENGTH": 45.25177729321}}, {"type": "Feature", "geometry": {"type": "LineString", "coordinates": [[127.08593170693159, 37.39171816419712], [127.08601534919717, 37.391958008549885], [127.08612013326879, 37.39223454704584], [127.08623258935872, 37.392509160663685], [127.08635266205233, 37.392781714268885], [127.0864802914171, 37.39305207453101], [127.08660762114953, 37.393300702207505], [127.08674204546305, 37.39354694403152], [127.08688349311791, 37.393790669383264], [127.08703188948519, 37.394031749446604], [127.08718715654881, 37.39427005901113], [127.08734921290343, 37.39450547467019], [127.08737693372382, 37.39454364766155]]}, "properties": {"LINK_ID": "2060180302", "ROAD_NAME": "판교로", "LANES": 2, "ROAD_RANK": "107", "MAX_SPD": 50, "LENGTH": 339.6351351212}}, {"type": "Feature", "geometry": {"type": "LineString", "coordinates": [[127.09819552187989, 37.3926940068212], [127.09833026881562, 37.392683147859096]]}, "properties": {"LINK_ID": "2060283603", "ROAD_NAME": "서판교로66번길", "LANES": 1, "ROAD_RANK": "107", "MAX_SPD": 30, "LENGTH": 11.992808637527}}, {"type": "Feature", "geometry": {"type": "LineString", "coordinates": [[127.08615399185169, 37.4050027825813], [127.08623087351737, 37.40499376482], [127.08648086158382, 37.404994640036264], [127.0869494627011, 37.40505148682988], [127.08740103006662, 37.40512404643965], [127.08838581214424, 37.405319021407145], [127.08894575912134, 37.40546068249272], [127.08933636496587, 37.40557583843796], [127.0896648759222, 37.40568176419255], [127.09019429168474, 37.405900586116424]]}, "properties": {"LINK_ID": "2040423701", "ROAD_NAME": "-", "LANES": 1, "ROAD_RANK": "107", "MAX_SPD": 50, "LENGTH": 374.638198456896}}, {"type": "Feature", "geometry": {"type": "LineString", "coordinates": [[127.10016248070431, 37.401656339737926], [127.10024541422413, 37.401697677025744]]}, "properties": {"LINK_ID": "2060204802", "ROAD_NAME": "판교로", "LANES": 1, "ROAD_RANK": "107", "MAX_SPD": 40, "LENGTH": 8.658435658903}}, {"type": "Feature", "geometry": {"type": "LineString", "coordinates": [[127.10974465603609, 37.40404978110271], [127.10962245702488, 37.40404518237402]]}, "properties": {"LINK_ID": "2060332601", "ROAD_NAME": "-", "LANES": 1, "ROAD_RANK": "107", "MAX_SPD": 50, "LENGTH": 10.831357898091}}, {"type": "Feature", "geometry": {"type": "LineString", "coordinates": [[127.0865459170059, 37.410171191574655], [127.08652551658012, 37.410160149505664], [127.08645182960993, 37.41010408790908], [127.08641492338012, 37.41007105648044], [127.08640670499236, 37.41002399412386], [127.08640361091487, 37.40999721177514], [127.08640354885848, 37.40994121255036], [127.08637548614197, 37.40970277550494], [127.0863727361268, 37.40963721301627], [127.0863762976429, 37.40960974373084], [127.08646886021482, 37.40935761851655], [127.08649448645109, 37.40927261829565], [127.08649370446503, 37.409162275486516], [127.08649220387021, 37.409135243289015], [127.08646186169698, 37.40901171224722], [127.08643511100529, 37.40890936875264], [127.08640101635316, 37.408812055604535], [127.08638973569518, 37.408793274881816], [127.08634304858742, 37.40872786881854], [127.08620982939246, 37.408589931596715], [127.08612423546145, 37.40849915045383], [127.08609329815862, 37.408461837426024], [127.08607351665768, 37.408428056376], [127.08605258025017, 37.4083898377392], [127.08602439264381, 37.408318274926174], [127.08599801753937, 37.40817618165353], [127.08597436182623, 37.40804149367886], [127.08595823553733, 37.40799283771431], [127.0859507675541, 37.40797040053923], [127.08589698586151, 37.4078556190498], [127.08588995435241, 37.40783852460149], [127.08588276730909, 37.40781974445739], [127.08586664238565, 37.40777021178507], [127.08586411014939, 37.407762399979], [127.08585570439374, 37.40773571246586], [127.08584911093895, 37.40772139914532], [127.08583870534312, 37.40770505589103], [127.08582601673358, 37.40768846290845], [127.08581495442422, 37.407676650457084], [127.08579745459943, 37.40766146204933], [127.08577567299692, 37.40764246272777], [127.08575773567375, 37.40762990020363], [127.08573645455604, 37.40761693103846], [127.08571579808255, 37.40760596258195], [127.08568398549701, 37.4075920252371], [127.08554870517884, 37.40754283740356], [127.08552329822666, 37.407531024490574], [127.0854864235426, 37.407510368243656], [127.08543945499203, 37.407483180577564], [127.085267767353, 37.407401743286954], [127.08520104895673, 37.40736999438736], [127.08514479915578, 37.40733952456817], [127.08511395447677, 37.40731833766606], [127.08508936050362, 37.40729418100063], [127.08507145502563, 37.407269650099494], [127.08505786111002, 37.40724733710829], [127.08504651772981, 37.40722252486907], [127.0850310478643, 37.40718633751521], [127.08502020532606, 37.40715593138054], [127.08498726747456, 37.40708646208675], [127.08497495404484, 37.40706177487801], [127.08496629807514, 37.40704021248027], [127.08496064219659, 37.407014775341786], [127.08495661138959, 37.40697108687348], [127.0849548409249, 37.40695087226452]]}, "properties": {"LINK_ID": "2040006400", "ROAD_NAME": "금토로62번길", "LANES": 1, "ROAD_RANK": "107", "MAX_SPD": 30, "LENGTH": 415.02809243312}}, {"type": "Feature", "geometry": {"type": "LineString", "coordinates": [[127.11235694582224, 37.39714528788528], [127.11235694489265, 37.39725342545049]]}, "properties": {"LINK_ID": "2060357601", "ROAD_NAME": "대왕판교로606번길", "LANES": 1, "ROAD_RANK": "107", "MAX_SPD": 30, "LENGTH": 12.001673268292}}, {"type": "Feature", "geometry": {"type": "LineString", "coordinates": [[127.11540502766118, 37.405878619689496], [127.11540522818684, 37.40577049376192]]}, "properties": {"LINK_ID": "2060360401", "ROAD_NAME": "동판교로", "LANES": 2, "ROAD_RANK": "107", "MAX_SPD": 30, "LENGTH": 12.000413144957}}, {"type": "Feature", "geometry": {"type": "LineString", "coordinates": [[127.10625716625901, 37.410397772095756], [127.10659629509385, 37.410130744957584], [127.1067907662995, 37.40997954598864], [127.10863009297566, 37.40852221916638], [127.11008308630606, 37.40740299536932], [127.11028568982843, 37.40724822489186], [127.11048340951793, 37.407089485129795], [127.11067612240531, 37.4069268753346], [127.11086371117634, 37.406760497455664], [127.11104605964596, 37.406590450738435], [127.11122305390616, 37.40641684433734], [127.11139458569072, 37.40623978109444], [127.11157124972806, 37.40604774301308]]}, "properties": {"LINK_ID": "2040410300", "ROAD_NAME": "분당내곡간도시고속화도로", "LANES": 3, "ROAD_RANK": "102", "MAX_SPD": 80, "LENGTH": 674.855053123311}}, {"type": "Feature", "geometry": {"type": "LineString", "coordinates": [[127.098062872335, 37.406990779844534], [127.09731073640343, 37.40674389969399], [127.094354953923, 37.40576868138664], [127.09264139198568, 37.40520327486103], [127.09043901749082, 37.4044765248124], [127.0896178247773, 37.40418493472997]]}, "properties": {"LINK_ID": "2060010900", "ROAD_NAME": "수도권제1순환고속도로", "LANES": 4, "ROAD_RANK": "101", "MAX_SPD": 100, "LENGTH": 809.97969531271}}, {"type": "Feature", "geometry": {"type": "LineString", "coordinates": [[127.1007342242111, 37.40086590889133], [127.10076833270926, 37.40080893307281]]}, "properties": {"LINK_ID": "2060204401", "ROAD_NAME": "판교로228번길", "LANES": 2, "ROAD_RANK": "107", "MAX_SPD": 50, "LENGTH": 7.007641572324}}, {"type": "Feature", "geometry": {"type": "LineString", "coordinates": [[127.08850547680372, 37.407996449158084], [127.08870559988216, 37.408109851292934]]}, "properties": {"LINK_ID": "2040426900", "ROAD_NAME": "외동로2길", "LANES": 1, "ROAD_RANK": "107", "MAX_SPD": 30, "LENGTH": 21.732979882791}}, {"type": "Feature", "geometry": {"type": "LineString", "coordinates": [[127.09254735667183, 37.40272617146683], [127.09192661925678, 37.403549009602564], [127.09191320485598, 37.4035758362049], [127.09192628044, 37.40360634450701], [127.09195274180223, 37.403632806727295], [127.09204657340331, 37.403645317371335]]}, "properties": {"LINK_ID": "2060349800", "ROAD_NAME": "판교로209번길", "LANES": 1, "ROAD_RANK": "107", "MAX_SPD": 30, "LENGTH": 125.549327315887}}, {"type": "Feature", "geometry": {"type": "LineString", "coordinates": [[127.09427526332709, 37.40054485060387], [127.09420304157635, 37.400636538084164]]}, "properties": {"LINK_ID": "2060203203", "ROAD_NAME": "서판교로", "LANES": 1, "ROAD_RANK": "107", "MAX_SPD": 40, "LENGTH": 12.018417486793}}, {"type": "Feature", "geometry": {"type": "LineString", "coordinates": [[127.08918640259041, 37.40779519841296], [127.08894571204249, 37.407600689144076]]}, "properties": {"LINK_ID": "2040426001", "ROAD_NAME": "금토로", "LANES": 1, "ROAD_RANK": "107", "MAX_SPD": 30, "LENGTH": 30.333427081129}}, {"type": "Feature", "geometry": {"type": "LineString", "coordinates": [[127.0987713619825, 37.39955401517707], [127.09877261382253, 37.3994266450159]]}, "properties": {"LINK_ID": "2060331301", "ROAD_NAME": "판교로210번길", "LANES": 1, "ROAD_RANK": "107", "MAX_SPD": 30, "LENGTH": 14.136643615265}}, {"type": "Feature", "geometry": {"type": "LineString", "coordinates": [[127.08587165861823, 37.40719992554665], [127.08575118992148, 37.40718199233098]]}, "properties": {"LINK_ID": "2040424602", "ROAD_NAME": "금토로", "LANES": 1, "ROAD_RANK": "107", "MAX_SPD": 60, "LENGTH": 10.849794297464}}, {"type": "Feature", "geometry": {"type": "LineString", "coordinates": [[127.08390554621462, 37.41395773529193], [127.08434853666814, 37.41414473790532], [127.08487898850234, 37.41473139373231], [127.08542893355325, 37.415281333635626], [127.08581639584199, 37.41552297476666], [127.08607887210763, 37.41558130241725], [127.08644133898596, 37.41557297203287], [127.08676175913185, 37.41543559505669], [127.08696629482588, 37.4152230160822], [127.0870162917313, 37.41508136616625], [127.08702879198363, 37.41493971590229], [127.08697879751233, 37.414814730019465], [127.0867235944716, 37.41461623382118], [127.08645384802267, 37.41457308786803], [127.08624136649628, 37.414598084146796], [127.0859538914116, 37.414706403152564], [127.08464831102114, 37.4160308876953], [127.08354623678852, 37.417179532416036], [127.08296048733177, 37.41768521985654], [127.08280077052235, 37.417777338424614], [127.08250185900607, 37.41788053523597]]}, "properties": {"LINK_ID": "2040376300", "ROAD_NAME": "경부고속도로", "LANES": 1, "ROAD_RANK": "101", "MAX_SPD": 40, "LENGTH": 984.362631076607}}, {"type": "Feature", "geometry": {"type": "LineString", "coordinates": [[127.09493339751211, 37.41087356462996], [127.09493339524771, 37.41113561668555], [127.09496969965917, 37.41130504134075], [127.09500424151685, 37.41143553164778], [127.09518453485727, 37.411651881754295], [127.09530640266216, 37.41179812172478], [127.09552099977358, 37.41198092482919], [127.0957060705749, 37.41206905363779]]}, "properties": {"LINK_ID": "2040390200", "ROAD_NAME": "창업로", "LANES": 2, "ROAD_RANK": "107", "MAX_SPD": 50, "LENGTH": 158.160614280125}}, {"type": "Feature", "geometry": {"type": "LineString", "coordinates": [[127.09302948466717, 37.40500407269578], [127.09303286124819, 37.40487686840953], [127.09329957941047, 37.40428355616615], [127.09363848599618, 37.40392855649834], [127.09423176702053, 37.4036408055858], [127.09455004922876, 37.40359030608845], [127.09589217407631, 37.40360843138923], [127.09642804840215, 37.403485806381966], [127.0975504545671, 37.40263724335765], [127.09820243625248, 37.402153748260446]]}, "properties": {"LINK_ID": "2060010701", "ROAD_NAME": "경부고속도로", "LANES": 2, "ROAD_RANK": "101", "MAX_SPD": 60, "LENGTH": 607.744218949381}}, {"type": "Feature", "geometry": {"type": "LineString", "coordinates": [[127.0987713619825, 37.39955401517707], [127.09830562027554, 37.39931856192403]]}, "properties": {"LINK_ID": "2060331400", "ROAD_NAME": "서판교로132번길", "LANES": 1, "ROAD_RANK": "107", "MAX_SPD": 30, "LENGTH": 48.821071147277}}, {"type": "Feature", "geometry": {"type": "LineString", "coordinates": [[127.09805189664448, 37.39906228862159], [127.09837816172707, 37.39922723193435]]}, "properties": {"LINK_ID": "2060331506", "ROAD_NAME": "서판교로132번길", "LANES": 1, "ROAD_RANK": "107", "MAX_SPD": 30, "LENGTH": 34.200721326264}}, {"type": "Feature", "geometry": {"type": "LineString", "coordinates": [[127.10959450613376, 37.39371554580126], [127.1095920548008, 37.39332614888508]]}, "properties": {"LINK_ID": "2060195700", "ROAD_NAME": "판교역로", "LANES": 2, "ROAD_RANK": "107", "MAX_SPD": 30, "LENGTH": 43.217824529734}}, {"type": "Feature", "geometry": {"type": "LineString", "coordinates": [[127.08887488760853, 37.40755601992197], [127.08870464110046, 37.40745413551978], [127.08847104392731, 37.40729558235579], [127.08828247286783, 37.407168733545056], [127.08812456741431, 37.407116354311675], [127.08796793267314, 37.40708989446611], [127.08774192335694, 37.40709361332335], [127.08747332019455, 37.40713774518467], [127.08707616953899, 37.40718480758777], [127.08668049296082, 37.40722060662768], [127.08645867706154, 37.40723222550754], [127.08617052189399, 37.4072357236909], [127.08587165861823, 37.40719992554665]]}, "properties": {"LINK_ID": "2040424601", "ROAD_NAME": "금토로", "LANES": 1, "ROAD_RANK": "107", "MAX_SPD": 60, "LENGTH": 284.200982130319}}, {"type": "Feature", "geometry": {"type": "LineString", "coordinates": [[127.09526880238123, 37.399258804369005], [127.0951967004449, 37.39922144872954]]}, "properties": {"LINK_ID": "2060334201", "ROAD_NAME": "서판교로", "LANES": 1, "ROAD_RANK": "107", "MAX_SPD": 40, "LENGTH": 7.612280075193}}, {"type": "Feature", "geometry": {"type": "LineString", "coordinates": [[127.10941761533284, 37.390327427877146], [127.10957541587005, 37.39056879900921], [127.10962203664995, 37.39067794439842], [127.1096612670201, 37.39078892569628], [127.10969299243004, 37.390901423153345], [127.10971712316818, 37.39101511519389], [127.10973358871061, 37.391129674816824], [127.10974234337449, 37.39124477409563], [127.1097433595391, 37.3913600814814], [127.10974368068415, 37.39268966106202], [127.10974437912903, 37.39280057618991]]}, "properties": {"LINK_ID": "2060195804", "ROAD_NAME": "판교역로", "LANES": 2, "ROAD_RANK": "107", "MAX_SPD": 50, "LENGTH": 279.672205555696}}, {"type": "Feature", "geometry": {"type": "LineString", "coordinates": [[127.08875456696707, 37.409220599836374], [127.08827026698407, 37.40968677504838], [127.08810842416975, 37.409994962485825], [127.08753867354153, 37.41086786814875], [127.08688138285913, 37.41146041275053]]}, "properties": {"LINK_ID": "2040007300", "ROAD_NAME": "달래내로", "LANES": 1, "ROAD_RANK": "107", "MAX_SPD": 50, "LENGTH": 301.316158771758}}, {"type": "Feature", "geometry": {"type": "LineString", "coordinates": [[127.10656648160034, 37.40393704168857], [127.1065664783417, 37.40404516325468]]}, "properties": {"LINK_ID": "2060332501", "ROAD_NAME": "판교로289번길", "LANES": 1, "ROAD_RANK": "107", "MAX_SPD": 50, "LENGTH": 11.999909956245}}, {"type": "Feature", "geometry": {"type": "LineString", "coordinates": [[127.11540522818684, 37.40577049376192], [127.11551127844218, 37.40577061886023]]}, "properties": {"LINK_ID": "2060351801", "ROAD_NAME": "동판교로266번길", "LANES": 1, "ROAD_RANK": "107", "MAX_SPD": 30, "LENGTH": 9.389334612656}}, {"type": "Feature", "geometry": {"type": "LineString", "coordinates": [[127.11222256566788, 37.39725431579822], [127.11222142400433, 37.39714619332148]]}, "properties": {"LINK_ID": "2060353001", "ROAD_NAME": "대왕판교로606번길", "LANES": 1, "ROAD_RANK": "107", "MAX_SPD": 30, "LENGTH": 12.000424433312}}, {"type": "Feature", "geometry": {"type": "LineString", "coordinates": [[127.09871141090863, 37.399002516483726], [127.09871041011112, 37.39899717877769], [127.09869762688503, 37.39881818986941], [127.09869762878888, 37.3986732371737], [127.09873397355207, 37.398229088227474]]}, "properties": {"LINK_ID": "2060331711", "ROAD_NAME": "판교로210번길", "LANES": 1, "ROAD_RANK": "107", "MAX_SPD": 30, "LENGTH": 85.982863023232}}, {"type": "Feature", "geometry": {"type": "LineString", "coordinates": [[127.10975791819172, 37.403942177127796], [127.10974465603609, 37.40404978110271]]}, "properties": {"LINK_ID": "2060348101", "ROAD_NAME": "판교로319번길", "LANES": 2, "ROAD_RANK": "107", "MAX_SPD": 50, "LENGTH": 12.000052659739}}, {"type": "Feature", "geometry": {"type": "LineString", "coordinates": [[127.08922781398822, 37.40853947555338], [127.0887379268419, 37.40826091542894]]}, "properties": {"LINK_ID": "2040427800", "ROAD_NAME": "외동로", "LANES": 1, "ROAD_RANK": "107", "MAX_SPD": 30, "LENGTH": 53.262391958381}}, {"type": "Feature", "geometry": {"type": "LineString", "coordinates": [[127.12002252477274, 37.413574463369294], [127.11997770479468, 37.413515837306946], [127.11979389266084, 37.413266118011805], [127.1193152666378, 37.41265546250452], [127.11889161082522, 37.412084650453096], [127.11859964172888, 37.41169668105957], [127.11838651672481, 37.41141421251993], [127.11832204811071, 37.41132877484276], [127.11825117410349, 37.41123483791468], [127.11808132915579, 37.41100971232088], [127.1179843613849, 37.4109075245226], [127.11744354890476, 37.410337588017356], [127.11725964258571, 37.41015546190531], [127.11701189184083, 37.409939024814236], [127.11653645458323, 37.409575056360566], [127.11625423671917, 37.4093797742253], [127.11607323660817, 37.40925058818446], [127.11591339237658, 37.409155336946114], [127.11553420456316, 37.40894977466579], [127.11514014185495, 37.408750837329286], [127.11480404638284, 37.408602159630234]]}, "properties": {"LINK_ID": "2040410500", "ROAD_NAME": "수도권제1순환고속도로", "LANES": 4, "ROAD_RANK": "101", "MAX_SPD": 100, "LENGTH": 731.040870961954}}, {"type": "Feature", "geometry": {"type": "LineString", "coordinates": [[127.10370022462963, 37.40555459304314], [127.10333776457199, 37.40526903245653]]}, "properties": {"LINK_ID": "2060350800", "ROAD_NAME": "대왕판교로712번길", "LANES": 1, "ROAD_RANK": "107", "MAX_SPD": 50, "LENGTH": 45.103088661645}}, {"type": "Feature", "geometry": {"type": "LineString", "coordinates": [[127.09613246643423, 37.4005159037853], [127.0966969203292, 37.400801948507166]]}, "properties": {"LINK_ID": "2060207804", "ROAD_NAME": "판교로", "LANES": 3, "ROAD_RANK": "107", "MAX_SPD": 60, "LENGTH": 59.208736682074}}, {"type": "Feature", "geometry": {"type": "LineString", "coordinates": [[127.09833427612261, 37.39279122481866], [127.09830231183699, 37.39341885270703], [127.0982369844773, 37.39470154202565]]}, "properties": {"LINK_ID": "2060283201", "ROAD_NAME": "서판교로", "LANES": 2, "ROAD_RANK": "107", "MAX_SPD": 30, "LENGTH": 212.191789258133}}, {"type": "Feature", "geometry": {"type": "LineString", "coordinates": [[127.09955503900846, 37.410947333968146], [127.09986532944825, 37.412211431603346]]}, "properties": {"LINK_ID": "2040411000", "ROAD_NAME": "대왕판교로", "LANES": 4, "ROAD_RANK": "105", "MAX_SPD": 60, "LENGTH": 142.960480165123}}, {"type": "Feature", "geometry": {"type": "LineString", "coordinates": [[127.10270617882203, 37.39209583635571], [127.10285682132312, 37.392246754547465], [127.10306506297984, 37.39245540765062], [127.10326786144708, 37.39261543336331], [127.10345271770476, 37.39276403053957], [127.10378108639371, 37.392979729519425], [127.10421349158699, 37.39323538636727], [127.10479845341804, 37.39361248862268], [127.10567595735091, 37.39421389577946], [127.10588223917543, 37.394424817972045], [127.10602659192728, 37.394583658614074], [127.10614777068692, 37.394726495207216], [127.10622036918191, 37.39481855497779]]}, "properties": {"LINK_ID": "2060201304", "ROAD_NAME": "대왕판교로", "LANES": 5, "ROAD_RANK": "105", "MAX_SPD": 60, "LENGTH": 436.542781593062}}, {"type": "Feature", "geometry": {"type": "LineString", "coordinates": [[127.10259389308317, 37.40310400212793], [127.10382954444891, 37.403141910830385], [127.10483696172523, 37.40316521430989]]}, "properties": {"LINK_ID": "2060208000", "ROAD_NAME": "판교로", "LANES": 3, "ROAD_RANK": "107", "MAX_SPD": 50, "LENGTH": 198.718832677033}}, {"type": "Feature", "geometry": {"type": "LineString", "coordinates": [[127.11222256566788, 37.39725431579822], [127.1117195028137, 37.39725431218965]]}, "properties": {"LINK_ID": "2060352300", "ROAD_NAME": "대왕판교로606번길", "LANES": 1, "ROAD_RANK": "107", "MAX_SPD": 30, "LENGTH": 44.544489690437}}, {"type": "Feature", "geometry": {"type": "LineString", "coordinates": [[127.1166898276998, 37.40588878473119], [127.11670647268703, 37.40625644209286], [127.11652706741836, 37.406386912833646], [127.11575081529608, 37.406378283989994], [127.11551015219236, 37.406378311798996]]}, "properties": {"LINK_ID": "2060351700", "ROAD_NAME": "동판교로266번길", "LANES": 1, "ROAD_RANK": "107", "MAX_SPD": 30, "LENGTH": 152.36494619164}}, {"type": "Feature", "geometry": {"type": "LineString", "coordinates": [[127.11277199490188, 37.4032938513858], [127.10976874688386, 37.40327309611751]]}, "properties": {"LINK_ID": "2060181802", "ROAD_NAME": "판교로", "LANES": 3, "ROAD_RANK": "107", "MAX_SPD": 50, "LENGTH": 265.91597755702}}, {"type": "Feature", "geometry": {"type": "LineString", "coordinates": [[127.09411060726336, 37.40647237022843], [127.0898110788603, 37.41066129648413]]}, "properties": {"LINK_ID": "2040389501", "ROAD_NAME": "경부고속도로", "LANES": 5, "ROAD_RANK": "101", "MAX_SPD": 110, "LENGTH": 600.862945021616}}, {"type": "Feature", "geometry": {"type": "LineString", "coordinates": [[127.08894571204249, 37.407600689144076], [127.08887488760853, 37.40755601992197]]}, "properties": {"LINK_ID": "2040426002", "ROAD_NAME": "금토로", "LANES": 1, "ROAD_RANK": "107", "MAX_SPD": 30, "LENGTH": 7.993496516468}}, {"type": "Feature", "geometry": {"type": "LineString", "coordinates": [[127.095844146678, 37.39939597235549], [127.09577653279868, 37.39948967763159]]}, "properties": {"LINK_ID": "2060348602", "ROAD_NAME": "판교로", "LANES": 1, "ROAD_RANK": "107", "MAX_SPD": 40, "LENGTH": 11.999990134882}}, {"type": "Feature", "geometry": {"type": "LineString", "coordinates": [[127.11616233395414, 37.404384850704545], [127.11604549920018, 37.40449591643665], [127.11596110630397, 37.40458622830135], [127.11588326973711, 37.40468021254446], [127.11586957840515, 37.40469897749738], [127.1158055371647, 37.4047880808645], [127.11574824188435, 37.40487797727888], [127.11569148450101, 37.40498112124858], [127.11564215125412, 37.40508666635524], [127.11560039977533, 37.40519427367028], [127.11556636396774, 37.405303596178], [127.11554015401263, 37.40541428328047], [127.1155218541044, 37.405525977195545], [127.11551152359056, 37.40563832016386], [127.11551127844218, 37.40577061886023]]}, "properties": {"LINK_ID": "2060359900", "ROAD_NAME": "동판교로", "LANES": 2, "ROAD_RANK": "107", "MAX_SPD": 30, "LENGTH": 168.293761329322}}, {"type": "Feature", "geometry": {"type": "LineString", "coordinates": [[127.08592717988844, 37.40619373852244], [127.08595066549519, 37.40598860301615]]}, "properties": {"LINK_ID": "2040423601", "ROAD_NAME": "-", "LANES": 1, "ROAD_RANK": "107", "MAX_SPD": 50, "LENGTH": 22.86179121692}}, {"type": "Feature", "geometry": {"type": "LineString", "coordinates": [[127.11401755092335, 37.39836488052985], [127.11308142010554, 37.398364815140525]]}, "properties": {"LINK_ID": "2060193100", "ROAD_NAME": "동판교로177번길", "LANES": 2, "ROAD_RANK": "107", "MAX_SPD": 50, "LENGTH": 82.88995208606}}, {"type": "Feature", "geometry": {"type": "LineString", "coordinates": [[127.0924528952711, 37.40267857398448], [127.09261238963984, 37.40248615282461], [127.09276748253723, 37.40229904064284], [127.09333574425956, 37.40161345025966], [127.09333677076579, 37.40161214713332], [127.09413295064684, 37.400601398523975]]}, "properties": {"LINK_ID": "2060203101", "ROAD_NAME": "서판교로", "LANES": 1, "ROAD_RANK": "107", "MAX_SPD": 30, "LENGTH": 274.380708862267}}, {"type": "Feature", "geometry": {"type": "LineString", "coordinates": [[127.09980997494802, 37.39277449777731], [127.09967446145899, 37.39277603449994]]}, "properties": {"LINK_ID": "2060283504", "ROAD_NAME": "서판교로66번길", "LANES": 1, "ROAD_RANK": "107", "MAX_SPD": 30, "LENGTH": 12.0011774926}}, {"type": "Feature", "geometry": {"type": "LineString", "coordinates": [[127.09917895003055, 37.39710233616205], [127.09939178873532, 37.39673510110645], [127.09939229046988, 37.396734302089854]]}, "properties": {"LINK_ID": "2060331706", "ROAD_NAME": "판교로210번길", "LANES": 1, "ROAD_RANK": "107", "MAX_SPD": 30, "LENGTH": 45.003154562378}}, {"type": "Feature", "geometry": {"type": "LineString", "coordinates": [[127.11463752244671, 37.415338843355016], [127.11462307887444, 37.4153298693493], [127.11429282925845, 37.41513861810187], [127.1138992743993, 37.414945211325076], [127.11381693187141, 37.414897003325166]]}, "properties": {"LINK_ID": "2040008204", "ROAD_NAME": "사송로", "LANES": 2, "ROAD_RANK": "107", "MAX_SPD": 50, "LENGTH": 87.712903202769}}, {"type": "Feature", "geometry": {"type": "LineString", "coordinates": [[127.10150394308786, 37.39208167867377], [127.10157771356073, 37.391623279354384]]}, "properties": {"LINK_ID": "2060007401", "ROAD_NAME": "경부고속도로", "LANES": 5, "ROAD_RANK": "101", "MAX_SPD": 110, "LENGTH": 51.293188386407}}, {"type": "Feature", "geometry": {"type": "LineString", "coordinates": [[127.10180173431858, 37.39164626443296], [127.10172784341482, 37.392104651595176]]}, "properties": {"LINK_ID": "2060007302", "ROAD_NAME": "경부고속도로", "LANES": 5, "ROAD_RANK": "101", "MAX_SPD": 110, "LENGTH": 51.293209613452}}, {"type": "Feature", "geometry": {"type": "LineString", "coordinates": [[127.10166238481273, 37.388467233079], [127.10163128443682, 37.388654641007925], [127.10159915746365, 37.38883659501929], [127.10157570686228, 37.389021562693266], [127.10155662258238, 37.38923979777066], [127.10155867128954, 37.389430035233254], [127.10156971860621, 37.38964601258335], [127.10160056887413, 37.38992347941619], [127.101645672724, 37.39013656672901], [127.10171232293432, 37.3903739522816], [127.10176992064034, 37.39054554751083], [127.10185452557151, 37.39080294273662], [127.1019893652619, 37.391088901134964], [127.10224271658016, 37.39151636523186], [127.10240438297916, 37.391753667244984], [127.10251572190053, 37.39189374731524], [127.10269704995787, 37.392086690759065], [127.10270617882203, 37.39209583635571]]}, "properties": {"LINK_ID": "2060201300", "ROAD_NAME": "대왕판교로", "LANES": 5, "ROAD_RANK": "105", "MAX_SPD": 60, "LENGTH": 425.377872251832}}, {"type": "Feature", "geometry": {"type": "LineString", "coordinates": [[127.09854804009198, 37.400375973213514], [127.09860407126935, 37.40030126850086], [127.09866335911977, 37.40017479498372], [127.09869997314648, 37.40006902780601], [127.09872313113407, 37.399999556975615]]}, "properties": {"LINK_ID": "2060331303", "ROAD_NAME": "판교로210번길", "LANES": 1, "ROAD_RANK": "107", "MAX_SPD": 30, "LENGTH": 44.804569216191}}, {"type": "Feature", "geometry": {"type": "LineString", "coordinates": [[127.1128105945262, 37.3937160916883], [127.11306374506532, 37.39371667768954]]}, "properties": {"LINK_ID": "2060195502", "ROAD_NAME": "판교역로146번길", "LANES": 2, "ROAD_RANK": "107", "MAX_SPD": 30, "LENGTH": 22.416760098829}}, {"type": "Feature", "geometry": {"type": "LineString", "coordinates": [[127.09645011373225, 37.398243589509796], [127.0963493126187, 37.39831894684524]]}, "properties": {"LINK_ID": "2060283204", "ROAD_NAME": "서판교로", "LANES": 2, "ROAD_RANK": "107", "MAX_SPD": 30, "LENGTH": 12.23163766019}}, {"type": "Feature", "geometry": {"type": "LineString", "coordinates": [[127.09823147607007, 37.39480969658123], [127.0981951529802, 37.39552287342858], [127.09810405919879, 37.39616128326526], [127.09803524181702, 37.39639559689175]]}, "properties": {"LINK_ID": "2060283202", "ROAD_NAME": "서판교로", "LANES": 2, "ROAD_RANK": "107", "MAX_SPD": 30, "LENGTH": 177.238798784726}}, {"type": "Feature", "geometry": {"type": "LineString", "coordinates": [[127.08449106245467, 37.40666251019703], [127.08451133001792, 37.40666930565867], [127.08473689235052, 37.40675408698892], [127.0849439071557, 37.40682603368133]]}, "properties": {"LINK_ID": "2040005902", "ROAD_NAME": "금토로", "LANES": 1, "ROAD_RANK": "107", "MAX_SPD": 30, "LENGTH": 44.014456254193}}, {"type": "Feature", "geometry": {"type": "LineString", "coordinates": [[127.11306364242078, 37.393792956441935], [127.11281049593552, 37.39379319821563]]}, "properties": {"LINK_ID": "2060195402", "ROAD_NAME": "판교역로146번길", "LANES": 2, "ROAD_RANK": "107", "MAX_SPD": 30, "LENGTH": 22.416299999692}}, {"type": "Feature", "geometry": {"type": "LineString", "coordinates": [[127.11480404638284, 37.408602159630234], [127.11455614225665, 37.408492493920384], [127.11432979838052, 37.40840577452383], [127.11394648568206, 37.408282931022036], [127.11337848612642, 37.40810524365431], [127.11296351730894, 37.408001868611876], [127.11231542378403, 37.4078534006112], [127.1118956105092, 37.40780127461849], [127.11150167344272, 37.40777183744276], [127.11106961061964, 37.407742712289895], [127.11001507973519, 37.4077240875226], [127.10904642336341, 37.40772639947626], [127.1089458602627, 37.40772661832489], [127.10859354897231, 37.40772746322388], [127.10709995447668, 37.407705524326765], [127.10673391932934, 37.40770159576708]]}, "properties": {"LINK_ID": "2040410501", "ROAD_NAME": "수도권제1순환고속도로", "LANES": 4, "ROAD_RANK": "101", "MAX_SPD": 100, "LENGTH": 731.040870961939}}, {"type": "Feature", "geometry": {"type": "LineString", "coordinates": [[127.09890813999569, 37.399426645828676], [127.09890681278745, 37.3995576080433]]}, "properties": {"LINK_ID": "2060331601", "ROAD_NAME": "판교로210번길", "LANES": 1, "ROAD_RANK": "107", "MAX_SPD": 30, "LENGTH": 14.535349106532}}, {"type": "Feature", "geometry": {"type": "LineString", "coordinates": [[127.0978921199884, 37.42444410765349], [127.09871024573614, 37.42422959318227], [127.1000081428098, 37.42360048868513], [127.10098460671524, 37.42294083730748], [127.10166290270945, 37.42251326371863], [127.10198150331415, 37.42225251051878], [127.10211629271922, 37.421985169448746], [127.10224950989321, 37.42173124122199], [127.10267895817478, 37.421069934635995], [127.10307157650797, 37.42043424564333], [127.10342487485389, 37.41954047866069], [127.10358090529135, 37.418870004761594]]}, "properties": {"LINK_ID": "2040412700", "ROAD_NAME": "분당내곡간도시고속화도로", "LANES": 3, "ROAD_RANK": "102", "MAX_SPD": 80, "LENGTH": 844.402616320766}}, {"type": "Feature", "geometry": {"type": "LineString", "coordinates": [[127.0963493126187, 37.39831894684524], [127.09600520808348, 37.39856501388596], [127.09558153375852, 37.398930303168314], [127.09535127559714, 37.399171846141165]]}, "properties": {"LINK_ID": "2060180801", "ROAD_NAME": "서판교로", "LANES": 2, "ROAD_RANK": "107", "MAX_SPD": 30, "LENGTH": 129.831751829219}}, {"type": "Feature", "geometry": {"type": "LineString", "coordinates": [[127.10028426876207, 37.39428485381602], [127.10028567040672, 37.394276444693276], [127.10036071818432, 37.39385954664402]]}, "properties": {"LINK_ID": "2060332101", "ROAD_NAME": "판교로210번길", "LANES": 1, "ROAD_RANK": "107", "MAX_SPD": 30, "LENGTH": 47.685794690374}}, {"type": "Feature", "geometry": {"type": "LineString", "coordinates": [[127.11485556352258, 37.408528062632485], [127.11514020486494, 37.40865399387941], [127.11553426701694, 37.40885289968421], [127.1159134543902, 37.409058493504126], [127.11607333004115, 37.40915374381225], [127.11625429829344, 37.4092829307876], [127.11653651687436, 37.40947818138978], [127.11701198606937, 37.409842743589785], [127.11725936056382, 37.41005858728582], [127.11744326644073, 37.41024130627261], [127.11799601678399, 37.41082296214602], [127.11808139284247, 37.41091283737287], [127.11826082944184, 37.41115068117388], [127.1183331420022, 37.411246493480725], [127.1183962047907, 37.411330118809296], [127.11859970479603, 37.41159983765932], [127.11889170509355, 37.411987775492285], [127.11931536153887, 37.412558619088124], [127.1197939541863, 37.413169274639344], [127.11997779860812, 37.413419556141655], [127.1200763527435, 37.41354826118781]]}, "properties": {"LINK_ID": "2040410401", "ROAD_NAME": "수도권제1순환고속도로", "LANES": 4, "ROAD_RANK": "101", "MAX_SPD": 100, "LENGTH": 735.000140756659}}, {"type": "Feature", "geometry": {"type": "LineString", "coordinates": [[127.08988801178856, 37.40660904068571], [127.08960377431774, 37.40706418948948]]}, "properties": {"LINK_ID": "2040425201", "ROAD_NAME": "-", "LANES": 1, "ROAD_RANK": "107", "MAX_SPD": 50, "LENGTH": 56.436069827347}}, {"type": "Feature", "geometry": {"type": "LineString", "coordinates": [[127.09967254015714, 37.392668178956754], [127.09980805413727, 37.39266666691081]]}, "properties": {"LINK_ID": "2060283604", "ROAD_NAME": "서판교로66번길", "LANES": 1, "ROAD_RANK": "107", "MAX_SPD": 30, "LENGTH": 12.001199557628}}, {"type": "Feature", "geometry": {"type": "LineString", "coordinates": [[127.11173479443057, 37.40091242159132], [127.11187031148607, 37.40091381359778]]}, "properties": {"LINK_ID": "2060351101", "ROAD_NAME": "판교역로226번길", "LANES": 1, "ROAD_RANK": "107", "MAX_SPD": 50, "LENGTH": 11.999981442641}}, {"type": "Feature", "geometry": {"type": "LineString", "coordinates": [[127.11306722466003, 37.396177793942236], [127.11306750086723, 37.39625158888605]]}, "properties": {"LINK_ID": "2060193701", "ROAD_NAME": "분당내곡로", "LANES": 3, "ROAD_RANK": "107", "MAX_SPD": 50, "LENGTH": 8.190184583833}}, {"type": "Feature", "geometry": {"type": "LineString", "coordinates": [[127.08489855612476, 37.4022609915353], [127.08496612698013, 37.40229356036869], [127.08518743678164, 37.4024032427728], [127.08540707207617, 37.40251473161547], [127.08562550806582, 37.40262776616676], [127.0859746696993, 37.402811924711294], [127.0861907079, 37.402927408028546], [127.08629378152054, 37.402982751026464], [127.08661189871366, 37.403153653790014], [127.086818850529, 37.40326251289756], [127.08703663536924, 37.403374255942964], [127.08725608225687, 37.403484041242535], [127.08749631656626, 37.40360102882751], [127.08771903752518, 37.403706596766895], [127.08794592238694, 37.40381130972307], [127.0881686979997, 37.40391136432678], [127.08838589902521, 37.40400643552744], [127.08862430351263, 37.404107957961465], [127.08887431710035, 37.40421132728941], [127.08913591900975, 37.40431610916129], [127.0894094218497, 37.404422039264716], [127.08967443409608, 37.40452126166974], [127.08996169051161, 37.404625098702155], [127.09024035678782, 37.404722142490975], [127.09054459164764, 37.40482404056393], [127.09061600252653, 37.40484714655177]]}, "properties": {"LINK_ID": "2040340201", "ROAD_NAME": "제2경인고속도로", "LANES": 2, "ROAD_RANK": "101", "MAX_SPD": 100, "LENGTH": 583.142554293895}}, {"type": "Feature", "geometry": {"type": "LineString", "coordinates": [[127.09570921291655, 37.408687243592134], [127.09557066194238, 37.40867628718548]]}, "properties": {"LINK_ID": "2040389605", "ROAD_NAME": "달래내로", "LANES": 2, "ROAD_RANK": "107", "MAX_SPD": 50, "LENGTH": 12.326472120121}}, {"type": "Feature", "geometry": {"type": "LineString", "coordinates": [[127.08189783334899, 37.392947248911746], [127.08234401669279, 37.3928926278327], [127.08246626583943, 37.3928731748944], [127.08292058945665, 37.392800879293596], [127.08321203525799, 37.39270260784715]]}, "properties": {"LINK_ID": "2060346400", "ROAD_NAME": "산운로", "LANES": 1, "ROAD_RANK": "107", "MAX_SPD": 30, "LENGTH": 120.052683947206}}, {"type": "Feature", "geometry": {"type": "LineString", "coordinates": [[127.10638434733968, 37.40316529769188], [127.10651987999687, 37.403164995840804]]}, "properties": {"LINK_ID": "2060181306", "ROAD_NAME": "판교로", "LANES": 3, "ROAD_RANK": "107", "MAX_SPD": 60, "LENGTH": 12.000054604318}}, {"type": "Feature", "geometry": {"type": "LineString", "coordinates": [[127.11308074027987, 37.398302126636395], [127.11308142010554, 37.398364815140525]]}, "properties": {"LINK_ID": "2060194403", "ROAD_NAME": "분당내곡로", "LANES": 3, "ROAD_RANK": "107", "MAX_SPD": 50, "LENGTH": 6.957760310834}}, {"type": "Feature", "geometry": {"type": "LineString", "coordinates": [[127.10408880769565, 37.394980199532235], [127.1081792612667, 37.39274845958208]]}, "properties": {"LINK_ID": "2060201600", "ROAD_NAME": "서현로", "LANES": 2, "ROAD_RANK": "105", "MAX_SPD": 60, "LENGTH": 438.802690906933}}, {"type": "Feature", "geometry": {"type": "LineString", "coordinates": [[127.0892638869352, 37.40788458110269], [127.08912824275728, 37.40794430401436], [127.08899751553436, 37.408023529384224], [127.0889024866798, 37.40809479815191], [127.08881660214489, 37.40817287192039]]}, "properties": {"LINK_ID": "2040427600", "ROAD_NAME": "외동로2길", "LANES": 1, "ROAD_RANK": "107", "MAX_SPD": 30, "LENGTH": 51.327776994993}}, {"type": "Feature", "geometry": {"type": "LineString", "coordinates": [[127.08901971269185, 37.40754241911971], [127.08894571204249, 37.407600689144076]]}, "properties": {"LINK_ID": "2040425602", "ROAD_NAME": "-", "LANES": 1, "ROAD_RANK": "107", "MAX_SPD": 50, "LENGTH": 9.205821315391}}, {"type": "Feature", "geometry": {"type": "LineString", "coordinates": [[127.10257661882115, 37.39988839827202], [127.10258811788925, 37.400870873904104]]}, "properties": {"LINK_ID": "2060199900", "ROAD_NAME": "판교로256번길", "LANES": 2, "ROAD_RANK": "107", "MAX_SPD": 50, "LENGTH": 109.045080645776}}, {"type": "Feature", "geometry": {"type": "LineString", "coordinates": [[127.08593170693159, 37.39171816419712], [127.08581113729939, 37.391744931793234]]}, "properties": {"LINK_ID": "2060346501", "ROAD_NAME": "산운로", "LANES": 1, "ROAD_RANK": "107", "MAX_SPD": 30, "LENGTH": 11.082411520424}}, {"type": "Feature", "geometry": {"type": "LineString", "coordinates": [[127.09014280885766, 37.40597985148947], [127.09019429168474, 37.405900586116424]]}, "properties": {"LINK_ID": "2040424702", "ROAD_NAME": "-", "LANES": 1, "ROAD_RANK": "107", "MAX_SPD": 50, "LENGTH": 9.908010835002}}, {"type": "Feature", "geometry": {"type": "LineString", "coordinates": [[127.10344922674312, 37.42070760051071], [127.10346530210408, 37.42060024113635]]}, "properties": {"LINK_ID": "2040403601", "ROAD_NAME": "설개로2번길", "LANES": 1, "ROAD_RANK": "107", "MAX_SPD": 50, "LENGTH": 12.000018401695}}, {"type": "Feature", "geometry": {"type": "LineString", "coordinates": [[127.11687395972338, 37.39981599917421], [127.11687381816829, 37.399879778512776]]}, "properties": {"LINK_ID": "2060199501", "ROAD_NAME": "동판교로", "LANES": 3, "ROAD_RANK": "107", "MAX_SPD": 50, "LENGTH": 7.078579967683}}, {"type": "Feature", "geometry": {"type": "LineString", "coordinates": [[127.10177359198414, 37.39113316581718], [127.10173641965734, 37.3910614738535], [127.10165556450639, 37.39088644139558], [127.10158615063537, 37.39071676463746], [127.10152322088835, 37.39054013628467], [127.10146990538803, 37.3903656828211], [127.1014238663529, 37.39018489250319], [127.10138697431687, 37.39000488271445], [127.10135896971416, 37.38982582127621], [127.10133950491276, 37.38964620648812], [127.10132849712491, 37.38945994751226], [127.10132645894522, 37.38927877883046], [127.10133305510261, 37.38909779646445], [127.10134865113908, 37.38891428712012], [127.10137326596151, 37.3887306015459], [127.10139818190738, 37.38859371512489], [127.10140546237058, 37.388553716686964], [127.10149836374536, 37.388449903224966]]}, "properties": {"LINK_ID": "2060179701", "ROAD_NAME": "대왕판교로", "LANES": 2, "ROAD_RANK": "105", "MAX_SPD": 40, "LENGTH": 305.996375065054}}, {"type": "Feature", "geometry": {"type": "LineString", "coordinates": [[127.11302679563296, 37.4032920532559], [127.11293039414498, 37.403746088830445], [127.1128732104663, 37.40395482155019], [127.11280805525737, 37.404161607527755], [127.11273487345976, 37.40436667746394], [127.11265373700402, 37.40456983485308], [127.11256472120785, 37.404770880481855], [127.11246791495628, 37.4049696223309], [127.11236341165292, 37.40516586657321], [127.11225108955536, 37.40535980792465], [127.11200502241344, 37.40573737498401], [127.11187030584941, 37.40592245761569], [127.11185490800395, 37.405941566667146], [127.11165179259588, 37.40609370043772]]}, "properties": {"LINK_ID": "2060359300", "ROAD_NAME": "분당내곡로", "LANES": 2, "ROAD_RANK": "102", "MAX_SPD": 50, "LENGTH": 338.688908166436}}, {"type": "Feature", "geometry": {"type": "LineString", "coordinates": [[127.07876995837202, 37.40043047135382], [127.07886258989348, 37.40044228744934], [127.07906426322113, 37.40047032049174], [127.07928744041097, 37.40050367101537], [127.07951000929195, 37.4005393867069], [127.07970996618252, 37.400573581884714], [127.07990939333612, 37.40060968814783], [127.08013008035375, 37.40065199401119], [127.08032475511887, 37.40069101759671], [127.08051638634156, 37.400731092623445], [127.08071897302712, 37.40077542529455], [127.08091814036725, 37.40082314239117], [127.08113440812026, 37.40087595440643], [127.08135816184078, 37.40093291277978], [127.08143379372574, 37.40095285076824], [127.08164141383571, 37.40101039726932], [127.08171648801184, 37.40103143560836], [127.0819244422472, 37.40109360722238], [127.08216849104383, 37.40117388553877], [127.08225275192825, 37.40119989078801], [127.08246803716341, 37.40127256765445], [127.08268354598033, 37.40134893995943], [127.08288644524193, 37.4014231726764], [127.08296864646671, 37.40145212699839], [127.08315838465751, 37.40152073890267], [127.08335362040155, 37.401593739103085], [127.08356773210004, 37.40167658371047], [127.08364896730106, 37.401708782816996], [127.08383078271267, 37.40178242063271], [127.08401167438547, 37.401857876183165], [127.08421140893867, 37.40194377798838], [127.08450818565184, 37.402076514578745], [127.08474303236808, 37.40218602956387], [127.08489855612476, 37.4022609915353]]}, "properties": {"LINK_ID": "2040340200", "ROAD_NAME": "제2경인고속도로", "LANES": 2, "ROAD_RANK": "101", "MAX_SPD": 100, "LENGTH": 583.142554293847}}, {"type": "Feature", "geometry": {"type": "LineString", "coordinates": [[127.08870559988216, 37.408109851292934], [127.08880490198482, 37.408019580334624], [127.08890985653423, 37.40794086766745], [127.08905410610441, 37.40785344732571], [127.08918640259041, 37.40779519841296]]}, "properties": {"LINK_ID": "2040427500", "ROAD_NAME": "외동로2길", "LANES": 1, "ROAD_RANK": "107", "MAX_SPD": 30, "LENGTH": 55.499920105651}}, {"type": "Feature", "geometry": {"type": "LineString", "coordinates": [[127.10024541422413, 37.401697677025744], [127.10037496635455, 37.40176116586275], [127.10055031332647, 37.40184172491423], [127.1007284528916, 37.401918282595304], [127.10092257998342, 37.401989941027495], [127.10111988130487, 37.402055852418165], [127.10132009015288, 37.40211592597711], [127.10152293418882, 37.40217008173277], [127.10172813995129, 37.40221824692433], [127.10193542833655, 37.402260354203726], [127.10214451799301, 37.402296346137916], [127.10235512645471, 37.40232617791097], [127.10251088077122, 37.40234369438071]]}, "properties": {"LINK_ID": "2060204800", "ROAD_NAME": "판교로", "LANES": 1, "ROAD_RANK": "107", "MAX_SPD": 40, "LENGTH": 214.732926973044}}, {"type": "Feature", "geometry": {"type": "LineString", "coordinates": [[127.085095031936, 37.406998425238136], [127.0849548409249, 37.40695087226452]]}, "properties": {"LINK_ID": "2040424002", "ROAD_NAME": "금토로", "LANES": 1, "ROAD_RANK": "107", "MAX_SPD": 60, "LENGTH": 13.487301701864}}, {"type": "Feature", "geometry": {"type": "LineString", "coordinates": [[127.11025957517887, 37.39626010360629], [127.10973869603784, 37.396261874937984]]}, "properties": {"LINK_ID": "2060193802", "ROAD_NAME": "대왕판교로606번길", "LANES": 3, "ROAD_RANK": "107", "MAX_SPD": 60, "LENGTH": 46.123086474512}}, {"type": "Feature", "geometry": {"type": "LineString", "coordinates": [[127.10853230624852, 37.399879149404036], [127.10839677951756, 37.39987908519151]]}, "properties": {"LINK_ID": "2060182108", "ROAD_NAME": "대왕판교로644번길", "LANES": 2, "ROAD_RANK": "107", "MAX_SPD": 60, "LENGTH": 12.000009729918}}, {"type": "Feature", "geometry": {"type": "LineString", "coordinates": [[127.1130732241101, 37.397138108398444], [127.1130739222359, 37.397246235898244]]}, "properties": {"LINK_ID": "2060194404", "ROAD_NAME": "분당내곡로", "LANES": 3, "ROAD_RANK": "107", "MAX_SPD": 60, "LENGTH": 12.000715541917}}, {"type": "Feature", "geometry": {"type": "LineString", "coordinates": [[127.11351475680323, 37.414526607469924], [127.11337422896919, 37.41460340310826]]}, "properties": {"LINK_ID": "2040008207", "ROAD_NAME": "사송로", "LANES": 1, "ROAD_RANK": "107", "MAX_SPD": 30, "LENGTH": 15.080069769994}}, {"type": "Feature", "geometry": {"type": "LineString", "coordinates": [[127.10085908241066, 37.40083983506036], [127.1008207934333, 37.40090256256166]]}, "properties": {"LINK_ID": "2060204601", "ROAD_NAME": "판교로228번길", "LANES": 2, "ROAD_RANK": "107", "MAX_SPD": 50, "LENGTH": 7.743415339759}}, {"type": "Feature", "geometry": {"type": "LineString", "coordinates": [[127.11158398090208, 37.39725388338864], [127.11158398206227, 37.39714575746767]]}, "properties": {"LINK_ID": "2060333001", "ROAD_NAME": "대왕판교로606번길", "LANES": 1, "ROAD_RANK": "107", "MAX_SPD": 30, "LENGTH": 12.000380732106}}, {"type": "Feature", "geometry": {"type": "LineString", "coordinates": [[127.08870559988216, 37.408109851292934], [127.08881660214489, 37.40817287192039]]}, "properties": {"LINK_ID": "2040426901", "ROAD_NAME": "외동로2길", "LANES": 1, "ROAD_RANK": "107", "MAX_SPD": 30, "LENGTH": 12.062331349208}}, {"type": "Feature", "geometry": {"type": "LineString", "coordinates": [[127.10539855238645, 37.39419568831243], [127.10558987538141, 37.39409108860369]]}, "properties": {"LINK_ID": "2060206701", "ROAD_NAME": "서현로", "LANES": 2, "ROAD_RANK": "105", "MAX_SPD": 40, "LENGTH": 20.537531405092}}, {"type": "Feature", "geometry": {"type": "LineString", "coordinates": [[127.11677808030068, 37.39830661987182], [127.11687802997696, 37.398306459919155]]}, "properties": {"LINK_ID": "2060193001", "ROAD_NAME": "동판교로177번길", "LANES": 3, "ROAD_RANK": "107", "MAX_SPD": 50, "LENGTH": 8.850095926198}}, {"type": "Feature", "geometry": {"type": "LineString", "coordinates": [[127.11281758802825, 37.3917937265748], [127.11281774852083, 37.391641236222405]]}, "properties": {"LINK_ID": "2060195201", "ROAD_NAME": "분당내곡로", "LANES": 3, "ROAD_RANK": "107", "MAX_SPD": 50, "LENGTH": 16.924168262955}}, {"type": "Feature", "geometry": {"type": "LineString", "coordinates": [[127.0961149551316, 37.41112577529047], [127.09610992405955, 37.41126014929917], [127.09611851736231, 37.41132349388476], [127.09612476661907, 37.41133893137461], [127.09617167291933, 37.411370837968676], [127.09626854789781, 37.411408181164106], [127.09636970488374, 37.411423275523546], [127.09660770472897, 37.41145568106962], [127.09791995530789, 37.41147618183874], [127.09839351680552, 37.41164274394985], [127.09970978900017, 37.412140391675074]]}, "properties": {"LINK_ID": "2040007800", "ROAD_NAME": "-", "LANES": 1, "ROAD_RANK": "107", "MAX_SPD": 40, "LENGTH": 360.230215523194}}, {"type": "Feature", "geometry": {"type": "LineString", "coordinates": [[127.11677043620972, 37.391965261669775], [127.11307070497469, 37.391801776533676]]}, "properties": {"LINK_ID": "2060183100", "ROAD_NAME": "서현로", "LANES": 4, "ROAD_RANK": "105", "MAX_SPD": 60, "LENGTH": 328.123957493297}}, {"type": "Feature", "geometry": {"type": "LineString", "coordinates": [[127.11508918702596, 37.415615154854656], [127.11482748570205, 37.41545686868834], [127.11475081585279, 37.415409233453346]]}, "properties": {"LINK_ID": "2040008203", "ROAD_NAME": "사송로", "LANES": 2, "ROAD_RANK": "107", "MAX_SPD": 60, "LENGTH": 37.677896861255}}, {"type": "Feature", "geometry": {"type": "LineString", "coordinates": [[127.1097639221241, 37.40248667224651], [127.10977129233534, 37.40315865517018]]}, "properties": {"LINK_ID": "2060207002", "ROAD_NAME": "판교역로", "LANES": 3, "ROAD_RANK": "107", "MAX_SPD": 60, "LENGTH": 74.583105587226}}, {"type": "Feature", "geometry": {"type": "LineString", "coordinates": [[127.11687381816829, 37.399879778512776], [127.1168910053229, 37.40141629845026]]}, "properties": {"LINK_ID": "2060358900", "ROAD_NAME": "동판교로", "LANES": 2, "ROAD_RANK": "107", "MAX_SPD": 30, "LENGTH": 170.537935697903}}, {"type": "Feature", "geometry": {"type": "LineString", "coordinates": [[127.09803524181702, 37.39639559689175], [127.09798411352176, 37.39656968066294], [127.09774550288424, 37.39703381954779], [127.09749661551115, 37.39736538739013], [127.09725778682711, 37.39760999785093], [127.0970236778508, 37.39779364993124]]}, "properties": {"LINK_ID": "2060283205", "ROAD_NAME": "서판교로", "LANES": 2, "ROAD_RANK": "107", "MAX_SPD": 30, "LENGTH": 181.899108541446}}, {"type": "Feature", "geometry": {"type": "LineString", "coordinates": [[127.08993366650498, 37.40798910544876], [127.08991952571627, 37.40792377298369]]}, "properties": {"LINK_ID": "2040426103", "ROAD_NAME": "-", "LANES": 2, "ROAD_RANK": "107", "MAX_SPD": 50, "LENGTH": 7.358234611781}}, {"type": "Feature", "geometry": {"type": "LineString", "coordinates": [[127.10381921044417, 37.3998842952301], [127.10379518737993, 37.400700432524], [127.10379518654084, 37.40077352243956], [127.10376546388, 37.40086268562294], [127.1037277523516, 37.400912965943036], [127.10364564505608, 37.400956754575226], [127.10353884864556, 37.40098726570387], [127.10258883380871, 37.4009790095173]]}, "properties": {"LINK_ID": "2060333900", "ROAD_NAME": "대왕판교로645번길", "LANES": 1, "ROAD_RANK": "107", "MAX_SPD": 50, "LENGTH": 218.369098122579}}, {"type": "Feature", "geometry": {"type": "LineString", "coordinates": [[127.10643076461156, 37.403937039280414], [127.10638796936729, 37.40327927521263]]}, "properties": {"LINK_ID": "2060332400", "ROAD_NAME": "판교로289번길", "LANES": 1, "ROAD_RANK": "107", "MAX_SPD": 50, "LENGTH": 73.100436840748}}, {"type": "Feature", "geometry": {"type": "LineString", "coordinates": [[127.0865459170059, 37.410171191574655], [127.08662600607967, 37.41008388945056]]}, "properties": {"LINK_ID": "2040007501", "ROAD_NAME": "둔토로", "LANES": 1, "ROAD_RANK": "107", "MAX_SPD": 30, "LENGTH": 12.006479149091}}, {"type": "Feature", "geometry": {"type": "LineString", "coordinates": [[127.0812905009153, 37.416915957845546], [127.08116898552326, 37.41708524350878], [127.08108389305384, 37.41724187100725], [127.08066636149778, 37.418010400116124], [127.08008658003823, 37.41874080568396], [127.07943492267935, 37.41953449370144], [127.07913229893099, 37.419657587424304], [127.07886876797997, 37.419726618435426], [127.0781244768587, 37.419797348306155], [127.07799996561359, 37.419809180120104]]}, "properties": {"LINK_ID": "2040008020", "ROAD_NAME": "달래내로", "LANES": 1, "ROAD_RANK": "107", "MAX_SPD": 50, "LENGTH": 466.869844681106}}, {"type": "Feature", "geometry": {"type": "LineString", "coordinates": [[127.08985505270634, 37.40650910356045], [127.09014280885766, 37.40597985148947]]}, "properties": {"LINK_ID": "2040424701", "ROAD_NAME": "-", "LANES": 1, "ROAD_RANK": "107", "MAX_SPD": 50, "LENGTH": 64.026266467413}}, {"type": "Feature", "geometry": {"type": "LineString", "coordinates": [[127.10564049676044, 37.39438925928449], [127.10447815688572, 37.39503821108949], [127.10421169226365, 37.39512094286659]]}, "properties": {"LINK_ID": "2060200900", "ROAD_NAME": "서현로", "LANES": 2, "ROAD_RANK": "105", "MAX_SPD": 60, "LENGTH": 150.941066876856}}, {"type": "Feature", "geometry": {"type": "LineString", "coordinates": [[127.10962245589245, 37.403937059949854], [127.10963321301756, 37.40327247568964]]}, "properties": {"LINK_ID": "2060348000", "ROAD_NAME": "판교로319번길", "LANES": 2, "ROAD_RANK": "107", "MAX_SPD": 50, "LENGTH": 73.765266107654}}, {"type": "Feature", "geometry": {"type": "LineString", "coordinates": [[127.11676921764072, 37.391813912264205], [127.11687039466393, 37.391818765359126]]}, "properties": {"LINK_ID": "2060183901", "ROAD_NAME": "서현로", "LANES": 4, "ROAD_RANK": "105", "MAX_SPD": 60, "LENGTH": 8.975702059386}}, {"type": "Feature", "geometry": {"type": "LineString", "coordinates": [[127.0923973044091, 37.40952346735716], [127.09233176979431, 37.40947977769138], [127.09231059063977, 37.40942329939559], [127.09231059162305, 37.4093504555589], [127.09237192306658, 37.40926868337131], [127.09285446728016, 37.40874955769975], [127.09287230321183, 37.40872849994233]]}, "properties": {"LINK_ID": "2040390403", "ROAD_NAME": "달래내로54번길", "LANES": 1, "ROAD_RANK": "107", "MAX_SPD": 40, "LENGTH": 107.310986474228}}, {"type": "Feature", "geometry": {"type": "LineString", "coordinates": [[127.1081792612667, 37.39274845958208], [127.10919063151667, 37.39219885647593], [127.10933384246387, 37.39211861787412], [127.10948149885847, 37.392043683805056], [127.10963329039627, 37.391974210416784], [127.10978890337249, 37.39191034214839], [127.10994800939126, 37.3918522135426], [127.11011027778233, 37.39179994563032], [127.11027536882625, 37.391753646838154], [127.11044293940178, 37.39171341388425], [127.1106126384685, 37.391679331782605], [127.11078411157943, 37.39165147113596], [127.11095700088202, 37.391629889036814], [127.11113094512307, 37.39161463267165], [127.11130558189605, 37.39160573211069], [127.1114805453928, 37.39160320751822], [127.11165547091095, 37.39160706284121], [127.11281774852083, 37.391641236222405]]}, "properties": {"LINK_ID": "2060183802", "ROAD_NAME": "서현로", "LANES": 5, "ROAD_RANK": "105", "MAX_SPD": 60, "LENGTH": 443.793566293509}}, {"type": "Feature", "geometry": {"type": "LineString", "coordinates": [[127.10129322917577, 37.3967366728972], [127.10124242407278, 37.39642115951456], [127.10124603902291, 37.396283425357524], [127.10127531627137, 37.396143519383294], [127.10132044262348, 37.396005421685025], [127.10136422730662, 37.39590851892597], [127.10178363040251, 37.39524406871912], [127.10183773812379, 37.39517710144427], [127.10185135571102, 37.395114697561986], [127.10184825085054, 37.39506852286995], [127.10183350559568, 37.39504449360491], [127.10176145246935, 37.3949823490893], [127.10122587171932, 37.39454639543833], [127.10089802009682, 37.394279526066384], [127.10079237163363, 37.394155790524714], [127.10068573082022, 37.39399318654467], [127.10063650750973, 37.39386191440589], [127.10061927310007, 37.393751108773714], [127.1006245789851, 37.393645840561156], [127.10069110739742, 37.39338024102408], [127.10071716600535, 37.393241119947085], [127.10071024024512, 37.393123076635625], [127.10067385078833, 37.39303157819304], [127.10058939214287, 37.392932388065574], [127.10056836729761, 37.3929174043919]]}, "properties": {"LINK_ID": "2060283501", "ROAD_NAME": "서판교로66번길", "LANES": 1, "ROAD_RANK": "107", "MAX_SPD": 30, "LENGTH": 480.294455126201}}, {"type": "Feature", "geometry": {"type": "LineString", "coordinates": [[127.11838492578892, 37.394458045678306], [127.11839588386474, 37.39391775201711], [127.11838359993683, 37.393606486494186], [127.11836199271004, 37.393512851404196], [127.11830358298016, 37.39344146242259], [127.11822108589755, 37.393404797650945], [127.11783795431289, 37.39340479533207], [127.117836618657, 37.393404771202775], [127.11687130266792, 37.3933873283302]]}, "properties": {"LINK_ID": "2060353602", "ROAD_NAME": "-", "LANES": 1, "ROAD_RANK": "107", "MAX_SPD": 40, "LENGTH": 242.472991401847}}, {"type": "Feature", "geometry": {"type": "LineString", "coordinates": [[127.09926635955694, 37.3927806617363], [127.09864151905225, 37.392787743718834]]}, "properties": {"LINK_ID": "2060283507", "ROAD_NAME": "서판교로66번길", "LANES": 1, "ROAD_RANK": "107", "MAX_SPD": 30, "LENGTH": 55.336336329324}}, {"type": "Feature", "geometry": {"type": "LineString", "coordinates": [[127.09022125432185, 37.406010404490836], [127.09014280885766, 37.40597985148947]]}, "properties": {"LINK_ID": "2040425002", "ROAD_NAME": "-", "LANES": 2, "ROAD_RANK": "107", "MAX_SPD": 50, "LENGTH": 7.728853632704}}, {"type": "Feature", "geometry": {"type": "LineString", "coordinates": [[127.11687130266792, 37.3933873283302], [127.1167712204292, 37.39338736355442]]}, "properties": {"LINK_ID": "2060353601", "ROAD_NAME": "-", "LANES": 1, "ROAD_RANK": "107", "MAX_SPD": 40, "LENGTH": 8.86239594512}}, {"type": "Feature", "geometry": {"type": "LineString", "coordinates": [[127.09569098630142, 37.40857760355739], [127.09570921291655, 37.408687243592134]]}, "properties": {"LINK_ID": "2040390102", "ROAD_NAME": "창업로57번길", "LANES": 1, "ROAD_RANK": "107", "MAX_SPD": 30, "LENGTH": 12.274972281337}}, {"type": "Feature", "geometry": {"type": "LineString", "coordinates": [[127.09833026881562, 37.392683147859096], [127.09863960905736, 37.392679699473085]]}, "properties": {"LINK_ID": "2060283601", "ROAD_NAME": "서판교로66번길", "LANES": 1, "ROAD_RANK": "107", "MAX_SPD": 30, "LENGTH": 27.395347098189}}, {"type": "Feature", "geometry": {"type": "LineString", "coordinates": [[127.11188205922953, 37.3998826317756], [127.11174653261224, 37.39988241673296]]}, "properties": {"LINK_ID": "2060182109", "ROAD_NAME": "대왕판교로644번길", "LANES": 3, "ROAD_RANK": "107", "MAX_SPD": 60, "LENGTH": 12.000021597245}}, {"type": "Feature", "geometry": {"type": "LineString", "coordinates": [[127.08581113729939, 37.391744931793234], [127.08507885865222, 37.39192619877511], [127.08461467087024, 37.392101622726926], [127.08458973658121, 37.39211104571686], [127.0839293511457, 37.39242801928788], [127.08336572746319, 37.392722753129306], [127.08324437841414, 37.39276367062422], [127.08293338423994, 37.392868533488034], [127.08248301946675, 37.39294019912004]]}, "properties": {"LINK_ID": "2060346500", "ROAD_NAME": "산운로", "LANES": 1, "ROAD_RANK": "107", "MAX_SPD": 30, "LENGTH": 325.968600320107}}, {"type": "Feature", "geometry": {"type": "LineString", "coordinates": [[127.10962553392646, 37.403158036734936], [127.10961817129717, 37.40248659965138]]}, "properties": {"LINK_ID": "2060207101", "ROAD_NAME": "판교역로", "LANES": 3, "ROAD_RANK": "107", "MAX_SPD": 60, "LENGTH": 74.522521549444}}, {"type": "Feature", "geometry": {"type": "LineString", "coordinates": [[127.0906617875881, 37.39059972157306], [127.09091928045696, 37.39139561129934]]}, "properties": {"LINK_ID": "2060347100", "ROAD_NAME": "운중로243번길", "LANES": 1, "ROAD_RANK": "107", "MAX_SPD": 30, "LENGTH": 91.227473566919}}, {"type": "Feature", "geometry": {"type": "LineString", "coordinates": [[127.08156683418723, 37.3910053893907], [127.08160978499039, 37.39130583147073]]}, "properties": {"LINK_ID": "2060345400", "ROAD_NAME": "운중로166번길", "LANES": 1, "ROAD_RANK": "107", "MAX_SPD": 40, "LENGTH": 33.560801494031}}, {"type": "Feature", "geometry": {"type": "LineString", "coordinates": [[127.10016248070431, 37.401656339737926], [127.10030306135278, 37.40147683498423], [127.10046109963223, 37.40126406620629], [127.10061282652701, 37.40104839318414], [127.1007342242111, 37.40086590889133]]}, "properties": {"LINK_ID": "2060204400", "ROAD_NAME": "판교로228번길", "LANES": 2, "ROAD_RANK": "107", "MAX_SPD": 50, "LENGTH": 101.317361299141}}, {"type": "Feature", "geometry": {"type": "LineString", "coordinates": [[127.0960405553368, 37.40063140568293], [127.09592612586877, 37.40057345059486]]}, "properties": {"LINK_ID": "2060207907", "ROAD_NAME": "판교로", "LANES": 3, "ROAD_RANK": "107", "MAX_SPD": 60, "LENGTH": 12.001155806991}}, {"type": "Feature", "geometry": {"type": "LineString", "coordinates": [[127.10045100909919, 37.39802815563915], [127.10068071812823, 37.39682012490528], [127.10132254246112, 37.39339583536628]]}, "properties": {"LINK_ID": "2060010201", "ROAD_NAME": "경부고속도로", "LANES": 5, "ROAD_RANK": "101", "MAX_SPD": 110, "LENGTH": 519.87896291478}}, {"type": "Feature", "geometry": {"type": "LineString", "coordinates": [[127.09631277349088, 37.400282481645945], [127.09613246643423, 37.4005159037853]]}, "properties": {"LINK_ID": "2060331000", "ROAD_NAME": "판교로", "LANES": 1, "ROAD_RANK": "107", "MAX_SPD": 40, "LENGTH": 30.430584025552}}, {"type": "Feature", "geometry": {"type": "LineString", "coordinates": [[127.10974324565521, 37.39981286630581], [127.11120174491815, 37.39981519726811], [127.11174669810131, 37.39981606359134], [127.11188222465883, 37.39981627868963]]}, "properties": {"LINK_ID": "2060182203", "ROAD_NAME": "대왕판교로644번길", "LANES": 2, "ROAD_RANK": "107", "MAX_SPD": 60, "LENGTH": 189.393182878883}}, {"type": "Feature", "geometry": {"type": "LineString", "coordinates": [[127.10358833976522, 37.42057721803817], [127.10362210481165, 37.42068193282548]]}, "properties": {"LINK_ID": "2040403701", "ROAD_NAME": "설개로2번길", "LANES": 1, "ROAD_RANK": "107", "MAX_SPD": 50, "LENGTH": 12.000015662144}}, {"type": "Feature", "geometry": {"type": "LineString", "coordinates": [[127.10974647990982, 37.40089632843531], [127.1097476658388, 37.40100446287153]]}, "properties": {"LINK_ID": "2060207005", "ROAD_NAME": "판교역로", "LANES": 3, "ROAD_RANK": "107", "MAX_SPD": 50, "LENGTH": 12.001792313435}}, {"type": "Feature", "geometry": {"type": "LineString", "coordinates": [[127.08943491874119, 37.397186652260544], [127.08938966784491, 37.39715214374616], [127.08919335361824, 37.396993378815964], [127.08900296504994, 37.39683008506559], [127.08876735120371, 37.39662806571522], [127.08853841072073, 37.39642122042526], [127.08831629621614, 37.39620969058043], [127.0881011569144, 37.39599362027096], [127.08789314203716, 37.3957731562901], [127.08769239063737, 37.39554844633939], [127.08749903725123, 37.39531964352956], [127.08731321641251, 37.395086903673885], [127.08713505022686, 37.394850382594235], [127.08702899093271, 37.394700906002285]]}, "properties": {"LINK_ID": "2060180408", "ROAD_NAME": "판교로", "LANES": 2, "ROAD_RANK": "107", "MAX_SPD": 50, "LENGTH": 349.746887668719}}, {"type": "Feature", "geometry": {"type": "LineString", "coordinates": [[127.11773544420899, 37.41857434015414], [127.11760826641954, 37.41853690579338]]}, "properties": {"LINK_ID": "2040411501", "ROAD_NAME": "사송로", "LANES": 2, "ROAD_RANK": "107", "MAX_SPD": 50, "LENGTH": 12.000134977842}}, {"type": "Feature", "geometry": {"type": "LineString", "coordinates": [[127.10132256474786, 37.3944707814141], [127.10186458946293, 37.394912212149116], [127.10196093644616, 37.39500770139557], [127.10198374468585, 37.395066465289254], [127.1019834666132, 37.395138789646275], [127.10195134050305, 37.39523605471722], [127.10190463518333, 37.39529274942246], [127.10149161351926, 37.395945411014324], [127.1014515305945, 37.39603284901569], [127.10140889693207, 37.39616174519474], [127.1013815144435, 37.39628618264015], [127.1013768498563, 37.39640744342237], [127.10142672487702, 37.39671858607076]]}, "properties": {"LINK_ID": "2060283608", "ROAD_NAME": "서판교로66번길", "LANES": 1, "ROAD_RANK": "107", "MAX_SPD": 30, "LENGTH": 284.310631579876}}, {"type": "Feature", "geometry": {"type": "LineString", "coordinates": [[127.11677275974898, 37.39617457680116], [127.1168728366143, 37.39615968269742]]}, "properties": {"LINK_ID": "2060199401", "ROAD_NAME": "대왕판교로606번길", "LANES": 2, "ROAD_RANK": "107", "MAX_SPD": 30, "LENGTH": 9.014449849505}}, {"type": "Feature", "geometry": {"type": "LineString", "coordinates": [[127.09004777564466, 37.40790349794094], [127.09005831571143, 37.40798326149]]}, "properties": {"LINK_ID": "2040425802", "ROAD_NAME": "-", "LANES": 2, "ROAD_RANK": "107", "MAX_SPD": 50, "LENGTH": 8.90163477096}}, {"type": "Feature", "geometry": {"type": "LineString", "coordinates": [[127.11281049593552, 37.39379319821563], [127.11141419707907, 37.393792674007926], [127.10975015991374, 37.39379202775117]]}, "properties": {"LINK_ID": "2060195400", "ROAD_NAME": "판교역로146번길", "LANES": 2, "ROAD_RANK": "107", "MAX_SPD": 30, "LENGTH": 270.994744376729}}, {"type": "Feature", "geometry": {"type": "LineString", "coordinates": [[127.11551015219236, 37.406378311798996], [127.11550943397725, 37.406765839736494]]}, "properties": {"LINK_ID": "2060360500", "ROAD_NAME": "동판교로", "LANES": 2, "ROAD_RANK": "107", "MAX_SPD": 30, "LENGTH": 43.009998185397}}, {"type": "Feature", "geometry": {"type": "LineString", "coordinates": [[127.11677275974898, 37.39617457680116], [127.1167712204292, 37.39338736355442]]}, "properties": {"LINK_ID": "2060196700", "ROAD_NAME": "동판교로", "LANES": 2, "ROAD_RANK": "107", "MAX_SPD": 30, "LENGTH": 309.339455301277}}, {"type": "Feature", "geometry": {"type": "LineString", "coordinates": [[127.08182534674496, 37.39272908456851], [127.08185769646713, 37.39292714480309]]}, "properties": {"LINK_ID": "2060198703", "ROAD_NAME": "운중로165번길", "LANES": 1, "ROAD_RANK": "107", "MAX_SPD": 30, "LENGTH": 22.16760386981}}, {"type": "Feature", "geometry": {"type": "LineString", "coordinates": [[127.08881660214489, 37.40817287192039], [127.08919625551532, 37.40838875103776]]}, "properties": {"LINK_ID": "2040427700", "ROAD_NAME": "외동로", "LANES": 1, "ROAD_RANK": "107", "MAX_SPD": 30, "LENGTH": 41.277415234286}}, {"type": "Feature", "geometry": {"type": "LineString", "coordinates": [[127.0966969203292, 37.400801948507166], [127.09777908424742, 37.40135033618914]]}, "properties": {"LINK_ID": "2060207808", "ROAD_NAME": "판교로", "LANES": 3, "ROAD_RANK": "107", "MAX_SPD": 60, "LENGTH": 113.512988747472}}, {"type": "Feature", "geometry": {"type": "LineString", "coordinates": [[127.08143231232812, 37.391018448862674], [127.08122698982645, 37.39103555766142], [127.08119879025256, 37.39103790740384], [127.08077727784956, 37.391070018929916], [127.08076077933728, 37.391071275783304], [127.08032636546838, 37.39110175825815], [127.08003583087412, 37.391122143934695], [127.07993228168557, 37.39109913247937], [127.079828798091, 37.39101864556184], [127.07976240169666, 37.39068665302124]]}, "properties": {"LINK_ID": "2060345200", "ROAD_NAME": "운중로166번길", "LANES": 1, "ROAD_RANK": "107", "MAX_SPD": 30, "LENGTH": 183.828762264206}}, {"type": "Feature", "geometry": {"type": "LineString", "coordinates": [[127.08615664425083, 37.41427097323065], [127.08250185900607, 37.41788053523597]]}, "properties": {"LINK_ID": "2040388701", "ROAD_NAME": "경부고속도로", "LANES": 5, "ROAD_RANK": "101", "MAX_SPD": 110, "LENGTH": 514.941032479168}}, {"type": "Feature", "geometry": {"type": "LineString", "coordinates": [[127.11408827923616, 37.39765843577522], [127.1140918971603, 37.398302408220495]]}, "properties": {"LINK_ID": "2060193403", "ROAD_NAME": "-", "LANES": 2, "ROAD_RANK": "107", "MAX_SPD": 50, "LENGTH": 71.472164365517}}, {"type": "Feature", "geometry": {"type": "LineString", "coordinates": [[127.09622039163361, 37.399693522788915], [127.09577653279868, 37.39948967763159]]}, "properties": {"LINK_ID": "2060348800", "ROAD_NAME": "서판교로", "LANES": 1, "ROAD_RANK": "107", "MAX_SPD": 40, "LENGTH": 45.347554793402}}, {"type": "Feature", "geometry": {"type": "LineString", "coordinates": [[127.10333776457199, 37.40526903245653], [127.10314506746839, 37.405079041103605]]}, "properties": {"LINK_ID": "2060350801", "ROAD_NAME": "대왕판교로712번길", "LANES": 1, "ROAD_RANK": "107", "MAX_SPD": 50, "LENGTH": 27.123856523474}}, {"type": "Feature", "geometry": {"type": "LineString", "coordinates": [[127.0928524990935, 37.40234313616148], [127.09270178822582, 37.40253231917419]]}, "properties": {"LINK_ID": "2060203206", "ROAD_NAME": "서판교로", "LANES": 1, "ROAD_RANK": "107", "MAX_SPD": 30, "LENGTH": 24.878039550846}}, {"type": "Feature", "geometry": {"type": "LineString", "coordinates": [[127.10258702380303, 37.402432143138], [127.10259389308317, 37.40310400212793]]}, "properties": {"LINK_ID": "2060197100", "ROAD_NAME": "판교로256번길", "LANES": 2, "ROAD_RANK": "107", "MAX_SPD": 50, "LENGTH": 74.568964689661}}, {"type": "Feature", "geometry": {"type": "LineString", "coordinates": [[127.11899740857457, 37.405365138667456], [127.11925125739218, 37.405398725212144]]}, "properties": {"LINK_ID": "2060359701", "ROAD_NAME": "판교로", "LANES": 3, "ROAD_RANK": "107", "MAX_SPD": 50, "LENGTH": 22.782044581428}}, {"type": "Feature", "geometry": {"type": "LineString", "coordinates": [[127.09019429168474, 37.405900586116424], [127.09027260134454, 37.40593474090089]]}, "properties": {"LINK_ID": "2040423702", "ROAD_NAME": "-", "LANES": 1, "ROAD_RANK": "107", "MAX_SPD": 50, "LENGTH": 7.901849396364}}, {"type": "Feature", "geometry": {"type": "LineString", "coordinates": [[127.11677329311445, 37.39988049413949], [127.11677350597475, 37.39981492304323]]}, "properties": {"LINK_ID": "2060359001", "ROAD_NAME": "동판교로", "LANES": 2, "ROAD_RANK": "107", "MAX_SPD": 30, "LENGTH": 7.277452020549}}, {"type": "Feature", "geometry": {"type": "LineString", "coordinates": [[127.11039469990061, 37.39618548233465], [127.1120762475617, 37.39617974579923], [127.11228875449301, 37.39617901913797], [127.11281406893345, 37.39617722120164]]}, "properties": {"LINK_ID": "2060194002", "ROAD_NAME": "대왕판교로606번길", "LANES": 3, "ROAD_RANK": "107", "MAX_SPD": 50, "LENGTH": 214.231841017372}}, {"type": "Feature", "geometry": {"type": "LineString", "coordinates": [[127.09027260134454, 37.40593474090089], [127.09022125432185, 37.406010404490836]]}, "properties": {"LINK_ID": "2040424802", "ROAD_NAME": "-", "LANES": 1, "ROAD_RANK": "107", "MAX_SPD": 50, "LENGTH": 9.549117252193}}, {"type": "Feature", "geometry": {"type": "LineString", "coordinates": [[127.09535127559714, 37.399171846141165], [127.09526880238123, 37.399258804369005]]}, "properties": {"LINK_ID": "2060180803", "ROAD_NAME": "서판교로", "LANES": 2, "ROAD_RANK": "107", "MAX_SPD": 30, "LENGTH": 12.102489193506}}, {"type": "Feature", "geometry": {"type": "LineString", "coordinates": [[127.10976874688386, 37.40327309611751], [127.10975791819172, 37.403942177127796]]}, "properties": {"LINK_ID": "2060348100", "ROAD_NAME": "판교로319번길", "LANES": 2, "ROAD_RANK": "107", "MAX_SPD": 50, "LENGTH": 74.264379951112}}, {"type": "Feature", "geometry": {"type": "LineString", "coordinates": [[127.10663557111026, 37.399811042011386], [127.10839682964917, 37.39981189148128], [127.10853235621195, 37.399811955729604]]}, "properties": {"LINK_ID": "2060182205", "ROAD_NAME": "대왕판교로644번길", "LANES": 2, "ROAD_RANK": "107", "MAX_SPD": 50, "LENGTH": 167.948121276282}}, {"type": "Feature", "geometry": {"type": "LineString", "coordinates": [[127.11851890358304, 37.395592145888656], [127.11851890037747, 37.39596880371728], [127.1185049235286, 37.39614581709218], [127.11839862621777, 37.396252110757175], [127.11814057608191, 37.396271223632475], [127.11785017919334, 37.39626280413847]]}, "properties": {"LINK_ID": "2060333200", "ROAD_NAME": "-", "LANES": 1, "ROAD_RANK": "107", "MAX_SPD": 30, "LENGTH": 125.259060587859}}, {"type": "Feature", "geometry": {"type": "LineString", "coordinates": [[127.11155338338865, 37.404388396380675], [127.11154656866219, 37.404370216241254], [127.11154647204626, 37.404345157676], [127.11155902964991, 37.404320230821774], [127.11159648838876, 37.40428691283564], [127.11159818514881, 37.4042863436729]]}, "properties": {"LINK_ID": "2060332602", "ROAD_NAME": "-", "LANES": 1, "ROAD_RANK": "107", "MAX_SPD": 30, "LENGTH": 12.998908821233}}, {"type": "Feature", "geometry": {"type": "LineString", "coordinates": [[127.09420304157635, 37.400636538084164], [127.09340977985002, 37.40164358770658], [127.09340674940289, 37.401647391836256]]}, "properties": {"LINK_ID": "2060203202", "ROAD_NAME": "서판교로", "LANES": 1, "ROAD_RANK": "107", "MAX_SPD": 30, "LENGTH": 132.50495652216}}, {"type": "Feature", "geometry": {"type": "LineString", "coordinates": [[127.0894592007286, 37.39085299475965], [127.08845803385381, 37.391075464322036], [127.08833951554863, 37.390759413853395], [127.08833348008604, 37.39074600173154], [127.08818976056938, 37.39042662392382], [127.08803324728665, 37.39003753616769]]}, "properties": {"LINK_ID": "2060329802", "ROAD_NAME": "운중로225번길", "LANES": 1, "ROAD_RANK": "107", "MAX_SPD": 30, "LENGTH": 213.240583889425}}, {"type": "Feature", "geometry": {"type": "LineString", "coordinates": [[127.10368364600967, 37.39988430058111], [127.10257661882115, 37.39988839827202]]}, "properties": {"LINK_ID": "2060194702", "ROAD_NAME": "대왕판교로645번길", "LANES": 2, "ROAD_RANK": "107", "MAX_SPD": 50, "LENGTH": 98.021068305855}}, {"type": "Feature", "geometry": {"type": "LineString", "coordinates": [[127.08953518236481, 37.406985018192756], [127.08978263898892, 37.40662016573111], [127.08981298324323, 37.40657613589167]]}, "properties": {"LINK_ID": "2040425101", "ROAD_NAME": "-", "LANES": 1, "ROAD_RANK": "107", "MAX_SPD": 50, "LENGTH": 51.616616506093}}, {"type": "Feature", "geometry": {"type": "LineString", "coordinates": [[127.10958958484633, 37.399879644852255], [127.10853230624852, 37.399879149404036]]}, "properties": {"LINK_ID": "2060182105", "ROAD_NAME": "대왕판교로644번길", "LANES": 2, "ROAD_RANK": "107", "MAX_SPD": 60, "LENGTH": 93.615137296248}}, {"type": "Feature", "geometry": {"type": "LineString", "coordinates": [[127.10707938325596, 37.396260764651956], [127.10684210813027, 37.3962911044676]]}, "properties": {"LINK_ID": "2060197701", "ROAD_NAME": "대왕판교로606번길", "LANES": 3, "ROAD_RANK": "107", "MAX_SPD": 50, "LENGTH": 21.278292216739}}, {"type": "Feature", "geometry": {"type": "LineString", "coordinates": [[127.09027260134454, 37.40593474090089], [127.09086265651206, 37.40618955768289], [127.09128032669943, 37.40639381169428], [127.09150068030354, 37.406520766300005], [127.09179013870016, 37.40669637212618]]}, "properties": {"LINK_ID": "2040424901", "ROAD_NAME": "-", "LANES": 2, "ROAD_RANK": "107", "MAX_SPD": 50, "LENGTH": 159.040966599856}}, {"type": "Feature", "geometry": {"type": "LineString", "coordinates": [[127.09715054536025, 37.40207361474496], [127.0974366639959, 37.401768434382205]]}, "properties": {"LINK_ID": "2060349804", "ROAD_NAME": "판교로209번길", "LANES": 1, "ROAD_RANK": "107", "MAX_SPD": 30, "LENGTH": 42.296409001578}}, {"type": "Feature", "geometry": {"type": "LineString", "coordinates": [[127.11302503841195, 37.392461255199926], [127.11302013092923, 37.393811250384026], [127.11302382416841, 37.3962709252759], [127.11303744321414, 37.39838047805747], [127.11304999457914, 37.39928920532794], [127.11304834336785, 37.39938835507631]]}, "properties": {"LINK_ID": "2060112306", "ROAD_NAME": "분당내곡간도시고속화도로", "LANES": 3, "ROAD_RANK": "102", "MAX_SPD": 80, "LENGTH": 768.816690359664}}, {"type": "Feature", "geometry": {"type": "LineString", "coordinates": [[127.09967254015714, 37.392668178956754], [127.09967261193161, 37.391917110459744], [127.09967262011874, 37.39191659232309]]}, "properties": {"LINK_ID": "2060330300", "ROAD_NAME": "서판교로44번길", "LANES": 1, "ROAD_RANK": "107", "MAX_SPD": 30, "LENGTH": 83.414934193377}}, {"type": "Feature", "geometry": {"type": "LineString", "coordinates": [[127.11186668869823, 37.401024715662324], [127.11185693854254, 37.40122617799465], [127.11184443957552, 37.4020006792874], [127.11183037518684, 37.402478709810296]]}, "properties": {"LINK_ID": "2060350500", "ROAD_NAME": "판교역로226번길", "LANES": 1, "ROAD_RANK": "107", "MAX_SPD": 50, "LENGTH": 161.410403168593}}, {"type": "Feature", "geometry": {"type": "LineString", "coordinates": [[127.10381925793924, 37.3998155868999], [127.10545403023967, 37.39981629484902], [127.10635075258651, 37.39981156155937]]}, "properties": {"LINK_ID": "2060194802", "ROAD_NAME": "대왕판교로645번길", "LANES": 2, "ROAD_RANK": "107", "MAX_SPD": 50, "LENGTH": 224.149264997619}}, {"type": "Feature", "geometry": {"type": "LineString", "coordinates": [[127.10076833270926, 37.40080893307281], [127.10085908241066, 37.40083983506036]]}, "properties": {"LINK_ID": "2060205001", "ROAD_NAME": "판교로", "LANES": 1, "ROAD_RANK": "107", "MAX_SPD": 40, "LENGTH": 8.736527464845}}, {"type": "Feature", "geometry": {"type": "LineString", "coordinates": [[127.10368312272668, 37.399815619789976], [127.10381925793924, 37.3998155868999]]}, "properties": {"LINK_ID": "2060194803", "ROAD_NAME": "대왕판교로645번길", "LANES": 2, "ROAD_RANK": "107", "MAX_SPD": 50, "LENGTH": 12.053894252244}}, {"type": "Feature", "geometry": {"type": "LineString", "coordinates": [[127.10203833030559, 37.39104881526595], [127.10207013347045, 37.39111245445219], [127.10216065421476, 37.391275132460876], [127.10225753068204, 37.39143270421223], [127.10236281143816, 37.39158853503807], [127.10247670416567, 37.39174251661346], [127.10259489453136, 37.391889260939564], [127.10272168452194, 37.392034173103596], [127.10285459711893, 37.39217436295125], [127.1029948988843, 37.39231111962285], [127.1031412317557, 37.39244311436809], [127.1032938976524, 37.39257063703033], [127.10345318926102, 37.39269383149282], [127.10362104205143, 37.39281014433837], [127.10379097167737, 37.39292368177416], [127.10396571733096, 37.393031666235125], [127.10405408071195, 37.39308230013271]]}, "properties": {"LINK_ID": "2060179602", "ROAD_NAME": "대왕판교로", "LANES": 2, "ROAD_RANK": "105", "MAX_SPD": 60, "LENGTH": 291.720553574472}}, {"type": "Feature", "geometry": {"type": "LineString", "coordinates": [[127.09420517268019, 37.40050971119954], [127.09466034148834, 37.39993185907787]]}, "properties": {"LINK_ID": "2060203102", "ROAD_NAME": "서판교로", "LANES": 1, "ROAD_RANK": "107", "MAX_SPD": 40, "LENGTH": 75.74499231517}}, {"type": "Feature", "geometry": {"type": "LineString", "coordinates": [[127.09078807018051, 37.39142263646074], [127.09053008587412, 37.39062522343372]]}, "properties": {"LINK_ID": "2060347000", "ROAD_NAME": "운중로243번길", "LANES": 1, "ROAD_RANK": "107", "MAX_SPD": 30, "LENGTH": 91.40204659952}}, {"type": "Feature", "geometry": {"type": "LineString", "coordinates": [[127.1097387391479, 37.39618771405928], [127.10973869603784, 37.396261874937984]]}, "properties": {"LINK_ID": "2060195601", "ROAD_NAME": "판교역로", "LANES": 4, "ROAD_RANK": "107", "MAX_SPD": 50, "LENGTH": 8.230761737733}}, {"type": "Feature", "geometry": {"type": "LineString", "coordinates": [[127.09472994730775, 37.39996761068681], [127.09427526332709, 37.40054485060387]]}, "properties": {"LINK_ID": "2060203201", "ROAD_NAME": "서판교로", "LANES": 1, "ROAD_RANK": "107", "MAX_SPD": 40, "LENGTH": 75.664612256806}}, {"type": "Feature", "geometry": {"type": "LineString", "coordinates": [[127.09605402058367, 37.40671865507535], [127.09113948377069, 37.40513280558084], [127.09100336024174, 37.40508892171585], [127.09081491653718, 37.40502817024441], [127.09056506409031, 37.40494734247199]]}, "properties": {"LINK_ID": "2040340301", "ROAD_NAME": "제2경인고속도로", "LANES": 2, "ROAD_RANK": "101", "MAX_SPD": 100, "LENGTH": 524.229905257433}}, {"type": "Feature", "geometry": {"type": "LineString", "coordinates": [[127.0898110788603, 37.41066129648413], [127.08615664425083, 37.41427097323065]]}, "properties": {"LINK_ID": "2040388700", "ROAD_NAME": "경부고속도로", "LANES": 5, "ROAD_RANK": "101", "MAX_SPD": 110, "LENGTH": 514.941032479259}}, {"type": "Feature", "geometry": {"type": "LineString", "coordinates": [[127.10323889485302, 37.40501522484074], [127.10344038039896, 37.40519791515434]]}, "properties": {"LINK_ID": "2060350901", "ROAD_NAME": "대왕판교로712번길", "LANES": 1, "ROAD_RANK": "107", "MAX_SPD": 50, "LENGTH": 27.006364525246}}, {"type": "Feature", "geometry": {"type": "LineString", "coordinates": [[127.11551107806599, 37.40587874481554], [127.11551035257995, 37.406270189412375]]}, "properties": {"LINK_ID": "2060360300", "ROAD_NAME": "동판교로", "LANES": 2, "ROAD_RANK": "107", "MAX_SPD": 30, "LENGTH": 43.444687082888}}, {"type": "Feature", "geometry": {"type": "LineString", "coordinates": [[127.09934898178761, 37.39706657936506], [127.09930177607475, 37.39714802839592], [127.09930167105169, 37.39714820661026], [127.09916505900358, 37.39738002370899], [127.09910503122936, 37.397500074865185], [127.09910481988868, 37.39750049753033], [127.098980872654, 37.39787231781556], [127.09898047729925, 37.39787350380541], [127.09891862380003, 37.39803019092195], [127.09887021845194, 37.39822379962245], [127.09886920933735, 37.39823613187933], [127.09883315347575, 37.39867676319932], [127.09883315219615, 37.39881511230962], [127.09884536278322, 37.39898608259307], [127.09884544497234, 37.39898652094961], [127.09889534122699, 37.399252642160675], [127.09890814002422, 37.399423298377535], [127.09890813999569, 37.399426645828676]]}, "properties": {"LINK_ID": "2060331612", "ROAD_NAME": "판교로210번길", "LANES": 1, "ROAD_RANK": "107", "MAX_SPD": 30, "LENGTH": 269.785922297075}}, {"type": "Feature", "geometry": {"type": "LineString", "coordinates": [[127.11401755741306, 37.39830219207867], [127.11401394283101, 37.39765870157791]]}, "properties": {"LINK_ID": "2060193500", "ROAD_NAME": "-", "LANES": 2, "ROAD_RANK": "107", "MAX_SPD": 50, "LENGTH": 71.418674725397}}, {"type": "Feature", "geometry": {"type": "LineString", "coordinates": [[127.11282823230754, 37.39836236899225], [127.11237076695521, 37.39835044183408], [127.11229686880658, 37.39835023272173], [127.11222333715546, 37.39834435489098], [127.11215085649387, 37.39833286175452], [127.11208009670763, 37.39831585809878], [127.11201171647039, 37.39829350458561], [127.11073933913998, 37.39787739505399], [127.11065032757053, 37.39784668147428], [127.11055848322913, 37.3978218370257], [127.11046441506102, 37.397803025118726], [127.11038002227204, 37.39779186178623], [127.11025761625693, 37.397783935618776]]}, "properties": {"LINK_ID": "2060205101", "ROAD_NAME": "판교역로192번길", "LANES": 2, "ROAD_RANK": "107", "MAX_SPD": 50, "LENGTH": 239.216573368475}}, {"type": "Feature", "geometry": {"type": "LineString", "coordinates": [[127.08970591516378, 37.410593082569775], [127.08983333885254, 37.41026249806916], [127.09033722779655, 37.40955215934606], [127.09071544626804, 37.40909264164716], [127.09094864788493, 37.40880613553571], [127.0910866156958, 37.408629717776016], [127.09119015182284, 37.40855120599547], [127.09143063781951, 37.40848330773106], [127.09166528451273, 37.40845031630886], [127.09186736554885, 37.408431859752056], [127.09199874612428, 37.40842780662441], [127.09214565021473, 37.40842605957747], [127.09238431962645, 37.40843251654764], [127.09262144277969, 37.40846375499509], [127.09271081166202, 37.40848412548688]]}, "properties": {"LINK_ID": "2040421501", "ROAD_NAME": "경부고속도로", "LANES": 1, "ROAD_RANK": "101", "MAX_SPD": 30, "LENGTH": 400.59947746113}}, {"type": "Feature", "geometry": {"type": "LineString", "coordinates": [[127.10128841000837, 37.39980565783592], [127.10127326415744, 37.39987277492148]]}, "properties": {"LINK_ID": "2060283801", "ROAD_NAME": "판교로228번길", "LANES": 1, "ROAD_RANK": "107", "MAX_SPD": 40, "LENGTH": 7.568762726174}}, {"type": "Feature", "geometry": {"type": "LineString", "coordinates": [[127.09819552187989, 37.3926940068212], [127.098164634749, 37.392450012869276], [127.09806114802969, 37.39201159913657], [127.09768834453071, 37.39083117194158], [127.09768599165035, 37.39082183889781]]}, "properties": {"LINK_ID": "2060283303", "ROAD_NAME": "서판교로", "LANES": 2, "ROAD_RANK": "107", "MAX_SPD": 30, "LENGTH": 212.892158012012}}, {"type": "Feature", "geometry": {"type": "LineString", "coordinates": [[127.11677116074763, 37.39327921190922], [127.1168712428684, 37.39327917673314]]}, "properties": {"LINK_ID": "2060353701", "ROAD_NAME": "-", "LANES": 1, "ROAD_RANK": "107", "MAX_SPD": 40, "LENGTH": 8.862398230311}}, {"type": "Feature", "geometry": {"type": "LineString", "coordinates": [[127.08455666346839, 37.39200390682529], [127.08502517144844, 37.39182685016219]]}, "properties": {"LINK_ID": "2060346404", "ROAD_NAME": "산운로", "LANES": 1, "ROAD_RANK": "107", "MAX_SPD": 30, "LENGTH": 45.906174019995}}, {"type": "Feature", "geometry": {"type": "LineString", "coordinates": [[127.09299767567563, 37.40349286739964], [127.09340282266082, 37.40332662561835]]}, "properties": {"LINK_ID": "2060349807", "ROAD_NAME": "판교로209번길", "LANES": 1, "ROAD_RANK": "107", "MAX_SPD": 30, "LENGTH": 40.338275303784}}, {"type": "Feature", "geometry": {"type": "LineString", "coordinates": [[127.08589210049553, 37.40709132664138], [127.08587165861823, 37.40719992554665]]}, "properties": {"LINK_ID": "2040424202", "ROAD_NAME": "-", "LANES": 1, "ROAD_RANK": "107", "MAX_SPD": 50, "LENGTH": 12.18801006198}}, {"type": "Feature", "geometry": {"type": "LineString", "coordinates": [[127.10853230624852, 37.399879149404036], [127.10853226034594, 37.40088787602581], [127.10960072208321, 37.4008953359723]]}, "properties": {"LINK_ID": "2060351500", "ROAD_NAME": "판교역로", "LANES": 1, "ROAD_RANK": "107", "MAX_SPD": 50, "LENGTH": 206.561479871336}}, {"type": "Feature", "geometry": {"type": "LineString", "coordinates": [[127.08392666495897, 37.41324612869924], [127.08395951764686, 37.413168775066026], [127.08402617347343, 37.41301093132634], [127.08411167336618, 37.4128576810513], [127.08419039278297, 37.41278483708694], [127.0843134862353, 37.412688525022105], [127.0844044859374, 37.41262561850632], [127.08455295466379, 37.41253918126271], [127.08470873531994, 37.412448181237565], [127.08474095478896, 37.41243258673389], [127.08485542327895, 37.41238190068855], [127.08488782974511, 37.41236190002632], [127.08490157956587, 37.412352431253034], [127.08495879804559, 37.41230321251852], [127.08508726717405, 37.412161556487625], [127.08518142337859, 37.41205830666101], [127.08532857936262, 37.41187390064983], [127.08542420431836, 37.411749650408225], [127.08548401690939, 37.411660930653866], [127.08564082925477, 37.41143296288369], [127.08569707958686, 37.41133708789915], [127.08572526664605, 37.41126074301113], [127.08576179863175, 37.411202056548454], [127.08580764212286, 37.41112211817892], [127.08584714194205, 37.41106793192878], [127.08592695415737, 37.41096799324018], [127.08596732951698, 37.410918024885405], [127.08596889293877, 37.41091615052911], [127.08603554856981, 37.41081393184007], [127.08617323597954, 37.410607244012034], [127.08626039283888, 37.410509368478465], [127.08645876781391, 37.410282463088144], [127.0865459170059, 37.410171191574655]]}, "properties": {"LINK_ID": "2040007500", "ROAD_NAME": "둔토로", "LANES": 1, "ROAD_RANK": "107", "MAX_SPD": 30, "LENGTH": 419.717606101879}}, {"type": "Feature", "geometry": {"type": "LineString", "coordinates": [[127.09901077775754, 37.40376997206948], [127.09896927113522, 37.40372465462674]]}, "properties": {"LINK_ID": "2060197401", "ROAD_NAME": "판교로227번길", "LANES": 2, "ROAD_RANK": "107", "MAX_SPD": 50, "LENGTH": 6.229113267}}, {"type": "Feature", "geometry": {"type": "LineString", "coordinates": [[127.11401755741306, 37.39830219207867], [127.1140918971603, 37.398302408220495]]}, "properties": {"LINK_ID": "2060193201", "ROAD_NAME": "동판교로177번길", "LANES": 2, "ROAD_RANK": "107", "MAX_SPD": 50, "LENGTH": 6.582481907269}}, {"type": "Feature", "geometry": {"type": "LineString", "coordinates": [[127.09902949841886, 37.40367643593841], [127.09960740723741, 37.403213407006916], [127.09963790888726, 37.4032006156484], [127.0996706671403, 37.40319208330602], [127.09970475505025, 37.40318805043103], [127.09973920710411, 37.403188631365346], [127.09977304970991, 37.4031938098108], [127.09980532604484, 37.403203439709195], [127.10219373047265, 37.403955235964226]]}, "properties": {"LINK_ID": "2060203800", "ROAD_NAME": "판교로255번길", "LANES": 1, "ROAD_RANK": "107", "MAX_SPD": 30, "LENGTH": 318.158394918473}}, {"type": "Feature", "geometry": {"type": "LineString", "coordinates": [[127.08556202263483, 37.39062264342138], [127.0858963043435, 37.391614463623846]]}, "properties": {"LINK_ID": "2060180301", "ROAD_NAME": "판교로", "LANES": 2, "ROAD_RANK": "107", "MAX_SPD": 50, "LENGTH": 113.988020945627}}, {"type": "Feature", "geometry": {"type": "LineString", "coordinates": [[127.1130739222359, 37.397246235898244], [127.11282077436533, 37.39724727607647]]}, "properties": {"LINK_ID": "2060332901", "ROAD_NAME": "대왕판교로606번길", "LANES": 1, "ROAD_RANK": "107", "MAX_SPD": 30, "LENGTH": 22.415675374796}}, {"type": "Feature", "geometry": {"type": "LineString", "coordinates": [[127.08666087466293, 37.41022847917107], [127.08657192312957, 37.41034205661479], [127.086371235776, 37.4105715876507], [127.08628882947185, 37.41066418072459], [127.08615554902369, 37.41086427451633], [127.0860855175219, 37.410971650462535], [127.0860803916832, 37.41097764957813], [127.08604107890923, 37.411026306214396], [127.08596295420925, 37.411124149782886], [127.0859281427058, 37.41117193092078], [127.08588414243292, 37.41124861892135], [127.08585195480339, 37.411300368922376], [127.08582420477198, 37.41137552507819], [127.08576173590608, 37.41148193124302], [127.08560314213344, 37.411712556666444], [127.08554173618992, 37.411803587846656], [127.08544351718061, 37.41193121257215], [127.08529351665729, 37.4121192122396], [127.08519698571322, 37.4122250560981], [127.08506379865833, 37.412371900106024], [127.08499589124932, 37.41243033769541], [127.084973672801, 37.41244564936911], [127.0849302041428, 37.412472462499004], [127.08480901678674, 37.412526118690145], [127.08478408022913, 37.41253818049935], [127.08463295481135, 37.41262646161817], [127.08448898560803, 37.41271030621643], [127.0844053924127, 37.41276805548119], [127.08428936056254, 37.412858837556485], [127.0842273925422, 37.41291621266911], [127.08415261143801, 37.41305024386681], [127.08413706717161, 37.41308705767931]]}, "properties": {"LINK_ID": "2040007600", "ROAD_NAME": "둔토로", "LANES": 1, "ROAD_RANK": "107", "MAX_SPD": 30, "LENGTH": 394.214268409396}}, {"type": "Feature", "geometry": {"type": "LineString", "coordinates": [[127.0947978509446, 37.410880878338446], [127.09433774055832, 37.41090227532855], [127.09420809037906, 37.41092584665883], [127.09407920538496, 37.41095708941835], [127.09395180589038, 37.41101113565804], [127.09385939746517, 37.411065037755456], [127.09361300042313, 37.41125393449666], [127.09360916069447, 37.41125695132179]]}, "properties": {"LINK_ID": "2040402900", "ROAD_NAME": "창업로40번길", "LANES": 1, "ROAD_RANK": "107", "MAX_SPD": 30, "LENGTH": 118.142243239671}}, {"type": "Feature", "geometry": {"type": "LineString", "coordinates": [[127.08262544422126, 37.400279180724255], [127.0821803289335, 37.399949837474], [127.08203054827388, 37.39983818061348], [127.08188123541483, 37.39972736839484], [127.0817312046724, 37.39961652494583], [127.08157973640654, 37.39950440014272], [127.08143026680716, 37.399392587322225], [127.08128086020761, 37.39928118152877], [127.08113120438975, 37.39916971264371], [127.08098120469009, 37.39905836904438], [127.08083092401857, 37.398946838032096], [127.08068036121344, 37.398835087169765], [127.08052954783508, 37.398723056066416], [127.08037957997034, 37.39861024390907], [127.08027457978955, 37.39852840068106], [127.08026226733625, 37.3985188059531], [127.07932273653606, 37.39778636889593], [127.07805082919832, 37.39687889992729], [127.07720182877944, 37.39640130578384], [127.07619445792491, 37.39597388457669]]}, "properties": {"LINK_ID": "2040410101", "ROAD_NAME": "수도권제1순환고속도로", "LANES": 4, "ROAD_RANK": "101", "MAX_SPD": 100, "LENGTH": 746.698195120624}}, {"type": "Feature", "geometry": {"type": "LineString", "coordinates": [[127.10024541422413, 37.401697677025744], [127.10020029109504, 37.40174967215783]]}, "properties": {"LINK_ID": "2060204301", "ROAD_NAME": "판교로228번길", "LANES": 2, "ROAD_RANK": "107", "MAX_SPD": 50, "LENGTH": 7.018762270868}}, {"type": "Feature", "geometry": {"type": "LineString", "coordinates": [[127.10228738890157, 37.40398471546514], [127.10224405944217, 37.40403513945576]]}, "properties": {"LINK_ID": "2060203301", "ROAD_NAME": "판교로255번길", "LANES": 2, "ROAD_RANK": "107", "MAX_SPD": 50, "LENGTH": 6.785003070269}}, {"type": "Feature", "geometry": {"type": "LineString", "coordinates": [[127.08161649304631, 37.39145035825998], [127.08167564754146, 37.391812541691216]]}, "properties": {"LINK_ID": "2060198700", "ROAD_NAME": "운중로165번길", "LANES": 1, "ROAD_RANK": "107", "MAX_SPD": 30, "LENGTH": 40.536834680689}}, {"type": "Feature", "geometry": {"type": "LineString", "coordinates": [[127.08960377431774, 37.40706418948948], [127.08953116081354, 37.40714966347632]]}, "properties": {"LINK_ID": "2040425202", "ROAD_NAME": "-", "LANES": 1, "ROAD_RANK": "107", "MAX_SPD": 50, "LENGTH": 11.459535470269}}, {"type": "Feature", "geometry": {"type": "LineString", "coordinates": [[127.09366877127903, 37.408225271498694], [127.09450579726301, 37.40846403556401]]}, "properties": {"LINK_ID": "2040389200", "ROAD_NAME": "달래내로", "LANES": 2, "ROAD_RANK": "107", "MAX_SPD": 50, "LENGTH": 78.700318919791}}, {"type": "Feature", "geometry": {"type": "LineString", "coordinates": [[127.09404041444269, 37.408728841118254], [127.09412342448782, 37.408716579824514], [127.09419837568834, 37.40869993686468], [127.0942719861076, 37.408669767916685], [127.09438381028636, 37.40862508272862], [127.09446013112901, 37.40856590698938]]}, "properties": {"LINK_ID": "2040422101", "ROAD_NAME": "경부고속도로", "LANES": 2, "ROAD_RANK": "101", "MAX_SPD": 30, "LENGTH": 42.184526558454}}, {"type": "Feature", "geometry": {"type": "LineString", "coordinates": [[127.10321728484524, 37.420565367662256], [127.10340032713745, 37.42059405232034], [127.10346530210408, 37.42060024113635]]}, "properties": {"LINK_ID": "2040390700", "ROAD_NAME": "설개로2번길", "LANES": 1, "ROAD_RANK": "107", "MAX_SPD": 50, "LENGTH": 22.304934185856}}, {"type": "Feature", "geometry": {"type": "LineString", "coordinates": [[127.09004777564466, 37.40790349794094], [127.09020931258611, 37.40789427429459], [127.09035343980436, 37.407883506077056], [127.0904877664165, 37.40785693048349], [127.0906094249751, 37.4078224237576], [127.09072562844669, 37.407751842452676], [127.09081376885179, 37.40764736279429], [127.09088504445494, 37.40752705069642], [127.09092381669466, 37.40741000632414], [127.09092875869551, 37.40728045026576], [127.09089699564042, 37.40714738772674], [127.09080866438325, 37.407027649671456], [127.09061295977396, 37.4069131738494], [127.08988801178856, 37.40660904068571]]}, "properties": {"LINK_ID": "2040425301", "ROAD_NAME": "-", "LANES": 1, "ROAD_RANK": "107", "MAX_SPD": 50, "LENGTH": 244.793332519419}}, {"type": "Feature", "geometry": {"type": "LineString", "coordinates": [[127.10388855895809, 37.40554068649353], [127.10380876358998, 37.40561934996164]]}, "properties": {"LINK_ID": "2060350201", "ROAD_NAME": "판교로289번길", "LANES": 1, "ROAD_RANK": "107", "MAX_SPD": 50, "LENGTH": 11.230906504011}}, {"type": "Feature", "geometry": {"type": "LineString", "coordinates": [[127.10328297029032, 37.40999978738946], [127.10307786677895, 37.409805854943706], [127.10285346616234, 37.40960199016661], [127.10262083805668, 37.409405532171135], [127.10251437139739, 37.40931743453577], [127.10228189131202, 37.40914297863397], [127.10202481816744, 37.408968640803586], [127.10192887070096, 37.40890369696983], [127.10164257303337, 37.40873371108876], [127.10145582114663, 37.40863250954621]]}, "properties": {"LINK_ID": "2040340500", "ROAD_NAME": "제2경인고속도로", "LANES": 2, "ROAD_RANK": "101", "MAX_SPD": 100, "LENGTH": 222.700160363906}}, {"type": "Feature", "geometry": {"type": "LineString", "coordinates": [[127.11898066119136, 37.40547116282646], [127.11793313175677, 37.40517758966137], [127.11774279624915, 37.405118612967556], [127.11761854826942, 37.405075077123385]]}, "properties": {"LINK_ID": "2060359800", "ROAD_NAME": "판교로", "LANES": 3, "ROAD_RANK": "107", "MAX_SPD": 50, "LENGTH": 128.395326831276}}, {"type": "Feature", "geometry": {"type": "LineString", "coordinates": [[127.09959035407815, 37.40237049767058], [127.09872444854719, 37.40318750796127], [127.09871244168109, 37.403203159702905], [127.0987038057059, 37.40322016646738], [127.09869877155921, 37.40323807124519], [127.09869747640269, 37.40325639187631], [127.0986999546041, 37.40327463457293], [127.09870613775443, 37.40329230743464], [127.09871586259632, 37.403308937561434], [127.09902949841886, 37.40367643593841]]}, "properties": {"LINK_ID": "2060204100", "ROAD_NAME": "판교로227번길", "LANES": 2, "ROAD_RANK": "107", "MAX_SPD": 50, "LENGTH": 182.341974713567}}, {"type": "Feature", "geometry": {"type": "LineString", "coordinates": [[127.11306750086723, 37.39625158888605], [127.1130732241101, 37.397138108398444]]}, "properties": {"LINK_ID": "2060194401", "ROAD_NAME": "분당내곡로", "LANES": 3, "ROAD_RANK": "107", "MAX_SPD": 60, "LENGTH": 98.391876129835}}, {"type": "Feature", "geometry": {"type": "LineString", "coordinates": [[127.08154968598134, 37.39089812929969], [127.08156683418723, 37.3910053893907]]}, "properties": {"LINK_ID": "2060329401", "ROAD_NAME": "운중로166번길", "LANES": 1, "ROAD_RANK": "107", "MAX_SPD": 30, "LENGTH": 12.000730918981}}, {"type": "Feature", "geometry": {"type": "LineString", "coordinates": [[127.08172749568881, 37.392971032046034], [127.08172943352403, 37.392967139550706], [127.08176689968174, 37.39293383099615], [127.08178312505291, 37.39292663167785]]}, "properties": {"LINK_ID": "2060202202", "ROAD_NAME": "산운로", "LANES": 1, "ROAD_RANK": "107", "MAX_SPD": 30, "LENGTH": 7.076048491273}}, {"type": "Feature", "geometry": {"type": "LineString", "coordinates": [[127.10381925793924, 37.3998155868999], [127.10381921044417, 37.3998842952301]]}, "properties": {"LINK_ID": "2060333901", "ROAD_NAME": "대왕판교로645번길", "LANES": 1, "ROAD_RANK": "107", "MAX_SPD": 50, "LENGTH": 7.6256135171}}, {"type": "Feature", "geometry": {"type": "LineString", "coordinates": [[127.1039783036206, 37.39328403870432], [127.10381454361216, 37.393195809394626], [127.10363133063167, 37.39308471549884], [127.10345277885418, 37.39296958516509], [127.1032790764039, 37.39284842699103], [127.1031120895733, 37.39272257648718], [127.10295149061785, 37.3925918501585], [127.10279997184419, 37.3924588090983], [127.1026527663276, 37.392319154197565], [127.10251258088044, 37.39217532039048], [127.10237761024062, 37.39202515492049], [127.10225156531591, 37.39187290742135], [127.10213036103907, 37.39171324109053], [127.10202153848006, 37.39155686799805], [127.10191931746589, 37.39139589930362], [127.10182286054447, 37.391228186806714], [127.10177359198414, 37.39113316581718]]}, "properties": {"LINK_ID": "2060179700", "ROAD_NAME": "대왕판교로", "LANES": 2, "ROAD_RANK": "105", "MAX_SPD": 40, "LENGTH": 312.965305705734}}, {"type": "Feature", "geometry": {"type": "LineString", "coordinates": [[127.09872313113407, 37.399999556975615], [127.09872403278146, 37.39999685215268], [127.09876029306223, 37.399819594632234], [127.0987713619825, 37.39955401517707]]}, "properties": {"LINK_ID": "2060331305", "ROAD_NAME": "판교로210번길", "LANES": 1, "ROAD_RANK": "107", "MAX_SPD": 30, "LENGTH": 49.735556643989}}, {"type": "Feature", "geometry": {"type": "LineString", "coordinates": [[127.10974437912903, 37.39280057618991], [127.10974768482423, 37.39332552510617], [127.10975013696066, 37.3937149220178]]}, "properties": {"LINK_ID": "2060195802", "ROAD_NAME": "판교역로", "LANES": 2, "ROAD_RANK": "107", "MAX_SPD": 50, "LENGTH": 101.480095490072}}, {"type": "Feature", "geometry": {"type": "LineString", "coordinates": [[127.09305756800087, 37.4098208014183], [127.09240218723741, 37.40952672256677], [127.0923973044091, 37.40952346735716]]}, "properties": {"LINK_ID": "2040390400", "ROAD_NAME": "달래내로54번길", "LANES": 1, "ROAD_RANK": "107", "MAX_SPD": 40, "LENGTH": 67.135413828683}}, {"type": "Feature", "geometry": {"type": "LineString", "coordinates": [[127.08688138285913, 37.41146041275053], [127.086796017209, 37.41153736854494], [127.08667130381042, 37.41162168377738], [127.08605570491281, 37.41203786822424], [127.08459289172369, 37.41289143138202], [127.0842303153272, 37.41316553654641]]}, "properties": {"LINK_ID": "2040007303", "ROAD_NAME": "달래내로", "LANES": 1, "ROAD_RANK": "107", "MAX_SPD": 50, "LENGTH": 301.993388517346}}, {"type": "Feature", "geometry": {"type": "LineString", "coordinates": [[127.08969636767637, 37.39696866191248], [127.08983237447566, 37.397076177398446], [127.09008328324236, 37.3972653046571], [127.09033975746092, 37.397449616570924], [127.09060165357228, 37.39762901139871], [127.09086882462319, 37.39780338650138], [127.09114111688598, 37.39797264465178], [127.09141837775519, 37.39813668682065], [127.09170045124561, 37.398295424794306], [127.09198717571168, 37.39844876315632], [127.0921707484589, 37.39854158037774], [127.09235861537837, 37.39862875446606], [127.09255050298421, 37.39871016307625], [127.092744283926, 37.3988101610196]]}, "properties": {"LINK_ID": "2060180308", "ROAD_NAME": "판교로", "LANES": 2, "ROAD_RANK": "107", "MAX_SPD": 50, "LENGTH": 339.635135121164}}, {"type": "Feature", "geometry": {"type": "LineString", "coordinates": [[127.11281406893345, 37.39617722120164], [127.11281049593552, 37.39379319821563]]}, "properties": {"LINK_ID": "2060195300", "ROAD_NAME": "분당내곡로", "LANES": 4, "ROAD_RANK": "107", "MAX_SPD": 50, "LENGTH": 264.591447826242}}, {"type": "Feature", "geometry": {"type": "LineString", "coordinates": [[127.092744283926, 37.3988101610196], [127.09298430771037, 37.39853688161011]]}, "properties": {"LINK_ID": "2060349500", "ROAD_NAME": "판교로156번길", "LANES": 1, "ROAD_RANK": "107", "MAX_SPD": 50, "LENGTH": 37.035011494849}}, {"type": "Feature", "geometry": {"type": "LineString", "coordinates": [[127.08156683418723, 37.3910053893907], [127.08143231232812, 37.391018448862674]]}, "properties": {"LINK_ID": "2060345601", "ROAD_NAME": "운중로166번길", "LANES": 1, "ROAD_RANK": "107", "MAX_SPD": 10, "LENGTH": 12.000282079727}}, {"type": "Feature", "geometry": {"type": "LineString", "coordinates": [[127.11551107806599, 37.40587874481554], [127.11540502766118, 37.405878619689496]]}, "properties": {"LINK_ID": "2060351901", "ROAD_NAME": "동판교로266번길", "LANES": 1, "ROAD_RANK": "107", "MAX_SPD": 30, "LENGTH": 9.389334356772}}, {"type": "Feature", "geometry": {"type": "LineString", "coordinates": [[127.11677043620972, 37.391965261669775], [127.11676921764072, 37.391813912264205]]}, "properties": {"LINK_ID": "2060207301", "ROAD_NAME": "동판교로", "LANES": 2, "ROAD_RANK": "107", "MAX_SPD": 50, "LENGTH": 16.797882716899}}, {"type": "Feature", "geometry": {"type": "LineString", "coordinates": [[127.08502517144844, 37.39182685016219], [127.08502953097563, 37.391825202614456], [127.0857804021042, 37.39163933245052]]}, "properties": {"LINK_ID": "2060346406", "ROAD_NAME": "산운로", "LANES": 1, "ROAD_RANK": "107", "MAX_SPD": 30, "LENGTH": 70.045563505976}}, {"type": "Feature", "geometry": {"type": "LineString", "coordinates": [[127.11760826641954, 37.41853690579338], [127.11765775822514, 37.418429897879015]]}, "properties": {"LINK_ID": "2040412301", "ROAD_NAME": "탄천로", "LANES": 3, "ROAD_RANK": "107", "MAX_SPD": 50, "LENGTH": 12.65865333877}}, {"type": "Feature", "geometry": {"type": "LineString", "coordinates": [[127.10362210481165, 37.42068193282548], [127.10344922674312, 37.42070760051071]]}, "properties": {"LINK_ID": "2040390801", "ROAD_NAME": "설개로14번길", "LANES": 1, "ROAD_RANK": "107", "MAX_SPD": 50, "LENGTH": 15.56588589141}}, {"type": "Feature", "geometry": {"type": "LineString", "coordinates": [[127.08248301946675, 37.39294019912004], [127.08235681097375, 37.392960282089064], [127.08194190025534, 37.393011074993005]]}, "properties": {"LINK_ID": "2060346503", "ROAD_NAME": "산운로", "LANES": 1, "ROAD_RANK": "107", "MAX_SPD": 30, "LENGTH": 48.566995580859}}, {"type": "Feature", "geometry": {"type": "LineString", "coordinates": [[127.09781881085385, 37.39080052184204], [127.09782115981182, 37.39080971692647], [127.09819255060187, 37.39198517393901], [127.09829780129148, 37.39242997794356], [127.09833026881562, 37.392683147859096]]}, "properties": {"LINK_ID": "2060283404", "ROAD_NAME": "서판교로", "LANES": 2, "ROAD_RANK": "107", "MAX_SPD": 30, "LENGTH": 214.064837550397}}, {"type": "Feature", "geometry": {"type": "LineString", "coordinates": [[127.11171950386986, 37.397146190427826], [127.11222142400433, 37.39714619332148]]}, "properties": {"LINK_ID": "2060352200", "ROAD_NAME": "대왕판교로606번길", "LANES": 1, "ROAD_RANK": "107", "MAX_SPD": 30, "LENGTH": 44.443369623072}}, {"type": "Feature", "geometry": {"type": "LineString", "coordinates": [[127.09955503900846, 37.410947333968146], [127.09942200674121, 37.41096811124072]]}, "properties": {"LINK_ID": "2040389604", "ROAD_NAME": "달래내로", "LANES": 2, "ROAD_RANK": "107", "MAX_SPD": 50, "LENGTH": 12.001030753907}}, {"type": "Feature", "geometry": {"type": "LineString", "coordinates": [[127.08600190471245, 37.40476649331501], [127.0861518131375, 37.40498785499469], [127.08615399185169, 37.4050027825813]]}, "properties": {"LINK_ID": "2040423201", "ROAD_NAME": "-", "LANES": 1, "ROAD_RANK": "107", "MAX_SPD": 50, "LENGTH": 29.591787718501}}, {"type": "Feature", "geometry": {"type": "LineString", "coordinates": [[127.0858963043435, 37.391614463623846], [127.08593170693159, 37.39171816419712]]}, "properties": {"LINK_ID": "2060180305", "ROAD_NAME": "판교로", "LANES": 2, "ROAD_RANK": "107", "MAX_SPD": 50, "LENGTH": 11.928551237692}}, {"type": "Feature", "geometry": {"type": "LineString", "coordinates": [[127.08936985262105, 37.407839191692425], [127.0892638869352, 37.40788458110269]]}, "properties": {"LINK_ID": "2040427601", "ROAD_NAME": "외동로2길", "LANES": 1, "ROAD_RANK": "107", "MAX_SPD": 30, "LENGTH": 10.648516453079}}, {"type": "Feature", "geometry": {"type": "LineString", "coordinates": [[127.09840965710806, 37.40228328532088], [127.09722357976287, 37.40341308769417], [127.0969909547953, 37.40378689951645], [127.09675854791779, 37.40456399299626], [127.09686554849172, 37.40535718078604], [127.09669679937463, 37.40594836924738], [127.09633007936692, 37.406359305814874], [127.09593326760958, 37.40659636876777], [127.09548492408142, 37.40672880591614], [127.09536266090718, 37.40676492150424]]}, "properties": {"LINK_ID": "2060011200", "ROAD_NAME": "수도권제1순환고속도로", "LANES": 2, "ROAD_RANK": "101", "MAX_SPD": 40, "LENGTH": 608.124349304632}}, {"type": "Feature", "geometry": {"type": "LineString", "coordinates": [[127.10338777996317, 37.409931253387214], [127.10379279693089, 37.41016121237614], [127.10423443122862, 37.41056039082856], [127.10432667090181, 37.41063741240521], [127.10440894889167, 37.41069708907308], [127.10449280692218, 37.41074839291559], [127.10455173270175, 37.4107787574339], [127.10461278538548, 37.41080580609155], [127.10467596160518, 37.410829557809656], [127.10474096412416, 37.41084989931977], [127.10480794884973, 37.410866856610255], [127.10488120180936, 37.41087998167323], [127.10494373501666, 37.41088965088591], [127.10501355893591, 37.41089566716475], [127.10508333021443, 37.41089795322904], [127.10515314601494, 37.41089653151797], [127.1052226798962, 37.41089140953013], [127.10529164835796, 37.41088260734091], [127.10535970468057, 37.41087017031123], [127.10542659702875, 37.410854144619215], [127.10549212551592, 37.410834568287996], [127.10556724736175, 37.41080700933368], [127.10565381919878, 37.41076802418482], [127.10573689419131, 37.41072365490496], [127.10625716625901, 37.410397772095756]]}, "properties": {"LINK_ID": "2040341000", "ROAD_NAME": "제2경인고속도로", "LANES": 1, "ROAD_RANK": "101", "MAX_SPD": 50, "LENGTH": 310.432800857701}}, {"type": "Feature", "geometry": {"type": "LineString", "coordinates": [[127.09901077775754, 37.40376997206948], [127.0979365914683, 37.404635121835724], [127.09792551705222, 37.40464810029513], [127.09791702160443, 37.404662263261564], [127.09791129784051, 37.40467728530764], [127.09790847746329, 37.404692823936934], [127.0979086266496, 37.404708523191864], [127.09791173816028, 37.40472402627432], [127.09791774376744, 37.40473897823858], [127.09891506513932, 37.40583899301784], [127.0989276987973, 37.405848773834066], [127.0989421858249, 37.40585675376077], [127.09895812835269, 37.40586271057826], [127.09897508566873, 37.40586648157025], [127.09899259228912, 37.40586796260769], [127.09901016474114, 37.40586711264827], [127.09902731850902, 37.405863956425286], [127.09904358157975, 37.4058585781292], [127.09905850461797, 37.40585112860719], [127.10021241959842, 37.40519098786531], [127.100269544291, 37.4051465938892]]}, "properties": {"LINK_ID": "2060203900", "ROAD_NAME": "판교로255번길", "LANES": 1, "ROAD_RANK": "107", "MAX_SPD": 30, "LENGTH": 444.824612995801}}, {"type": "Feature", "geometry": {"type": "LineString", "coordinates": [[127.1095920548008, 37.39332614888508], [127.10958875018869, 37.39280119996282], [127.10958804895456, 37.39268980539506], [127.10958773055953, 37.3913602267107], [127.1095867146307, 37.391244917521156], [127.10957796020598, 37.39112981913148], [127.10956149489897, 37.39101525858548], [127.1095373632678, 37.39090156741488], [127.10950563809024, 37.39078906991567], [127.10946640907858, 37.39067808856479], [127.10941978739349, 37.39056894221389], [127.109295202606, 37.39037837766186]]}, "properties": {"LINK_ID": "2060195702", "ROAD_NAME": "판교역로", "LANES": 2, "ROAD_RANK": "107", "MAX_SPD": 30, "LENGTH": 331.6279575414}}, {"type": "Feature", "geometry": {"type": "LineString", "coordinates": [[127.09820243625248, 37.402153748260446], [127.09892773601543, 37.40118464920752], [127.09903751691718, 37.400928962007995], [127.09917292372279, 37.40067196204243], [127.09924164205667, 37.40053143161471], [127.0993011736827, 37.40037639971828], [127.09933636175074, 37.40024421200501], [127.09940945408175, 37.39992283746481], [127.09943817303255, 37.399667025144886], [127.09944257977457, 37.399508805735515], [127.09943679868034, 37.399307244058974], [127.0994117673398, 37.39908599322783], [127.09939467106445, 37.39883305040065], [127.09939977996025, 37.398536027153646]]}, "properties": {"LINK_ID": "2060009700", "ROAD_NAME": "경부고속도로", "LANES": 5, "ROAD_RANK": "101", "MAX_SPD": 60, "LENGTH": 426.37410468321}}, {"type": "Feature", "geometry": {"type": "LineString", "coordinates": [[127.09405044946789, 37.40883465467871], [127.0939419346054, 37.40884552944444], [127.09377815240815, 37.40883369932811], [127.0935834191268, 37.40879922923657], [127.09326301079682, 37.40874872219187]]}, "properties": {"LINK_ID": "2040422001", "ROAD_NAME": "경부고속도로", "LANES": 2, "ROAD_RANK": "101", "MAX_SPD": 30, "LENGTH": 70.817019339988}}, {"type": "Feature", "geometry": {"type": "LineString", "coordinates": [[127.1008207934333, 37.40090256256166], [127.1006992190989, 37.40108531195348], [127.10054749237776, 37.40130098508489], [127.10038945426557, 37.40151375397672], [127.10024541422413, 37.401697677025744]]}, "properties": {"LINK_ID": "2060204300", "ROAD_NAME": "판교로228번길", "LANES": 2, "ROAD_RANK": "107", "MAX_SPD": 50, "LENGTH": 101.928844705932}}, {"type": "Feature", "geometry": {"type": "LineString", "coordinates": [[127.10973869603784, 37.396261874937984], [127.1097556417596, 37.39772072722038]]}, "properties": {"LINK_ID": "2060194100", "ROAD_NAME": "판교역로", "LANES": 4, "ROAD_RANK": "107", "MAX_SPD": 50, "LENGTH": 161.918003729905}}, {"type": "Feature", "geometry": {"type": "LineString", "coordinates": [[127.11335275052427, 37.414506676481956], [127.11348750217033, 37.4144685435325]]}, "properties": {"LINK_ID": "2040008106", "ROAD_NAME": "사송로", "LANES": 1, "ROAD_RANK": "107", "MAX_SPD": 30, "LENGTH": 12.657572357598}}, {"type": "Feature", "geometry": {"type": "LineString", "coordinates": [[127.1065236666276, 37.40327899268186], [127.10638796936729, 37.40327927521263]]}, "properties": {"LINK_ID": "2060181806", "ROAD_NAME": "판교로", "LANES": 3, "ROAD_RANK": "107", "MAX_SPD": 60, "LENGTH": 12.014604457238}}, {"type": "Feature", "geometry": {"type": "LineString", "coordinates": [[127.09056506409031, 37.40494734247199], [127.0904928841404, 37.404923987089916], [127.0901870071767, 37.404821539614915], [127.0899066061541, 37.40472389153557], [127.08961766920478, 37.404619446555195], [127.08935103067213, 37.404519615262885], [127.08907591056429, 37.40441305913446], [127.08881272415397, 37.40430764220142], [127.08856120629491, 37.40420365126661], [127.0883213868064, 37.40410152608038], [127.08810285215213, 37.404005871895265], [127.08787873837491, 37.403905215381045], [127.08765048482529, 37.403799870795915], [127.0874263906523, 37.40369365230668], [127.08718476841287, 37.40357598803749], [127.08696397202526, 37.40346552783448], [127.08674488740158, 37.403353117954325], [127.08653674090202, 37.40324362978001], [127.08621807651454, 37.40307243348324], [127.08611514861352, 37.403017168702874], [127.08589957362237, 37.4029019335946], [127.08555125594542, 37.40271821932484], [127.08533381428673, 37.40260569930443], [127.08511529648207, 37.402494778067194], [127.0848953211146, 37.402385755920996], [127.08482847028299, 37.40235353420984]]}, "properties": {"LINK_ID": "2040340100", "ROAD_NAME": "제2경인고속도로", "LANES": 2, "ROAD_RANK": "101", "MAX_SPD": 100, "LENGTH": 585.040179845326}}, {"type": "Feature", "geometry": {"type": "LineString", "coordinates": [[127.09833026881562, 37.392683147859096], [127.09833427612261, 37.39279122481866]]}, "properties": {"LINK_ID": "2060283407", "ROAD_NAME": "서판교로", "LANES": 2, "ROAD_RANK": "107", "MAX_SPD": 30, "LENGTH": 12.000182246597}}, {"type": "Feature", "geometry": {"type": "LineString", "coordinates": [[127.1097556417596, 37.39772072722038], [127.10975561476359, 37.39778515941028]]}, "properties": {"LINK_ID": "2060194101", "ROAD_NAME": "판교역로", "LANES": 4, "ROAD_RANK": "107", "MAX_SPD": 50, "LENGTH": 7.15102251776}}, {"type": "Feature", "geometry": {"type": "LineString", "coordinates": [[127.08970591516378, 37.410593082569775], [127.09395520996236, 37.406372702185365]]}, "properties": {"LINK_ID": "2040389100", "ROAD_NAME": "경부고속도로", "LANES": 5, "ROAD_RANK": "101", "MAX_SPD": 110, "LENGTH": 600.773445093498}}, {"type": "Feature", "geometry": {"type": "LineString", "coordinates": [[127.11408040681796, 37.396257137479424], [127.1140838787888, 37.396875159718114], [127.11408827923616, 37.39765843577522]]}, "properties": {"LINK_ID": "2060193400", "ROAD_NAME": "-", "LANES": 2, "ROAD_RANK": "107", "MAX_SPD": 50, "LENGTH": 155.524984720168}}, {"type": "Feature", "geometry": {"type": "LineString", "coordinates": [[127.11306364242078, 37.393792956441935], [127.11306722466003, 37.396177793942236]]}, "properties": {"LINK_ID": "2060193700", "ROAD_NAME": "분당내곡로", "LANES": 3, "ROAD_RANK": "107", "MAX_SPD": 50, "LENGTH": 264.681849239278}}, {"type": "Feature", "geometry": {"type": "LineString", "coordinates": [[127.12012111649219, 37.39157355125323], [127.12007578357407, 37.39159528134305], [127.11992331650191, 37.391663741652714], [127.11976698688179, 37.391726412104845], [127.11960714233922, 37.39178315717942], [127.11944413277365, 37.39183384856372], [127.11927831941222, 37.39187837775776], [127.11911006801525, 37.391916644368024], [127.11893975001503, 37.39194856241349], [127.11876774139479, 37.391974065733066], [127.11859442153755, 37.39199309447147], [127.11842017211627, 37.392005607694756], [127.11824537821417, 37.39201157798311], [127.1180704271978, 37.39201099323406], [127.11789570193372, 37.392003852164095], [127.11687051955434, 37.39197019858001]]}, "properties": {"LINK_ID": "2060206400", "ROAD_NAME": "서현로", "LANES": 4, "ROAD_RANK": "105", "MAX_SPD": 60, "LENGTH": 296.946551096665}}, {"type": "Feature", "geometry": {"type": "LineString", "coordinates": [[127.10258811788925, 37.400870873904104], [127.10258883380871, 37.4009790095173]]}, "properties": {"LINK_ID": "2060199902", "ROAD_NAME": "판교로256번길", "LANES": 2, "ROAD_RANK": "107", "MAX_SPD": 50, "LENGTH": 12.001629172547}}, {"type": "Feature", "geometry": {"type": "LineString", "coordinates": [[127.09420517268019, 37.40050971119954], [127.09427526332709, 37.40054485060387]]}, "properties": {"LINK_ID": "2060347902", "ROAD_NAME": "-", "LANES": 1, "ROAD_RANK": "107", "MAX_SPD": 40, "LENGTH": 7.329684060768}}, {"type": "Feature", "geometry": {"type": "LineString", "coordinates": [[127.11517190298537, 37.41552946847999], [127.11517229838877, 37.41552971310993], [127.1153420795835, 37.415635649733325], [127.11546889254565, 37.41571440020622], [127.11557532991664, 37.41579633754257], [127.11576476659589, 37.4159572443962], [127.11604551703414, 37.41619368112174], [127.11623967389524, 37.41635730544655], [127.11652404841784, 37.416602149361864], [127.11684389258305, 37.41688430564254], [127.1169266421527, 37.41696477486847], [127.11700295440112, 37.417056368071194], [127.11708373559998, 37.41717618119526], [127.11715089166073, 37.41728468106315], [127.11727751718357, 37.41756405678547], [127.11730148616314, 37.41762414984262], [127.11737354912324, 37.41780508747045], [127.11740117369901, 37.417882462008144], [127.11747695416325, 37.41809549374341], [127.11754804847199, 37.418302275213875], [127.11757439269002, 37.418358899629496], [127.1176132676776, 37.41840136829205], [127.11765775822514, 37.418429897879015]]}, "properties": {"LINK_ID": "2040411400", "ROAD_NAME": "사송로", "LANES": 2, "ROAD_RANK": "107", "MAX_SPD": 50, "LENGTH": 399.572537430744}}, {"type": "Feature", "geometry": {"type": "LineString", "coordinates": [[127.10258811788925, 37.400870873904104], [127.10351602907024, 37.40087893882426], [127.103584218288, 37.40085945760234], [127.10362709963947, 37.400836588159535], [127.10363938419741, 37.40082020944717], [127.1036596590541, 37.40075939078422], [127.10365965966966, 37.40069916204112], [127.10368364600967, 37.39988430058111]]}, "properties": {"LINK_ID": "2060333800", "ROAD_NAME": "대왕판교로645번길", "LANES": 1, "ROAD_RANK": "107", "MAX_SPD": 50, "LENGTH": 199.394468139649}}, {"type": "Feature", "geometry": {"type": "LineString", "coordinates": [[127.09472994730775, 37.39996761068681], [127.09466034148834, 37.39993185907787]]}, "properties": {"LINK_ID": "2060207905", "ROAD_NAME": "판교로", "LANES": 3, "ROAD_RANK": "107", "MAX_SPD": 60, "LENGTH": 7.329969737754}}, {"type": "Feature", "geometry": {"type": "LineString", "coordinates": [[127.1095854063255, 37.39618831253517], [127.1095909541813, 37.395025184672285]]}, "properties": {"LINK_ID": "2060194300", "ROAD_NAME": "판교역로", "LANES": 4, "ROAD_RANK": "107", "MAX_SPD": 50, "LENGTH": 129.090913379994}}, {"type": "Feature", "geometry": {"type": "LineString", "coordinates": [[127.09590931258221, 37.40008271501952], [127.09537325701251, 37.39980845520958], [127.09565886078981, 37.39943594640765]]}, "properties": {"LINK_ID": "2060348700", "ROAD_NAME": "판교로", "LANES": 1, "ROAD_RANK": "107", "MAX_SPD": 40, "LENGTH": 104.849750807234}}, {"type": "Feature", "geometry": {"type": "LineString", "coordinates": [[127.11039509652464, 37.39625964232639], [127.11025957517887, 37.39626010360629]]}, "properties": {"LINK_ID": "2060193804", "ROAD_NAME": "대왕판교로606번길", "LANES": 3, "ROAD_RANK": "107", "MAX_SPD": 50, "LENGTH": 12.000217510243}}, {"type": "Feature", "geometry": {"type": "LineString", "coordinates": [[127.08945512474419, 37.40707626313108], [127.08953518236481, 37.406985018192756]]}, "properties": {"LINK_ID": "2040425502", "ROAD_NAME": "-", "LANES": 1, "ROAD_RANK": "107", "MAX_SPD": 50, "LENGTH": 12.360887460373}}, {"type": "Feature", "geometry": {"type": "LineString", "coordinates": [[127.11120169534574, 37.40090408594862], [127.11120316123532, 37.40090408595667], [127.1114531390973, 37.400912420203795], [127.11173479443057, 37.40091242159132]]}, "properties": {"LINK_ID": "2060351102", "ROAD_NAME": "판교역로226번길", "LANES": 1, "ROAD_RANK": "107", "MAX_SPD": 50, "LENGTH": 47.221120580459}}, {"type": "Feature", "geometry": {"type": "LineString", "coordinates": [[127.11576383815864, 37.40464987931687], [127.11577731103071, 37.404631413474036], [127.1158551476798, 37.404537429299765], [127.11593954064882, 37.40444711750982], [127.11605995312026, 37.40433265077413]]}, "properties": {"LINK_ID": "2060360000", "ROAD_NAME": "동판교로", "LANES": 2, "ROAD_RANK": "107", "MAX_SPD": 30, "LENGTH": 43.959774386584}}, {"type": "Feature", "geometry": {"type": "LineString", "coordinates": [[127.09469229332359, 37.400780545559876], [127.09499125774428, 37.400947964134666], [127.09503609579151, 37.4009529458904], [127.09507160224491, 37.40094505593929], [127.09551184341247, 37.40036362744117]]}, "properties": {"LINK_ID": "2060347903", "ROAD_NAME": "-", "LANES": 1, "ROAD_RANK": "107", "MAX_SPD": 40, "LENGTH": 115.002711581282}}, {"type": "Feature", "geometry": {"type": "LineString", "coordinates": [[127.08991952571627, 37.40792377298369], [127.09004777564466, 37.40790349794094]]}, "properties": {"LINK_ID": "2040425302", "ROAD_NAME": "-", "LANES": 1, "ROAD_RANK": "107", "MAX_SPD": 50, "LENGTH": 11.575306329639}}, {"type": "Feature", "geometry": {"type": "LineString", "coordinates": [[127.10660486500568, 37.39987822131116], [127.10631848134172, 37.399880581409874]]}, "properties": {"LINK_ID": "2060182107", "ROAD_NAME": "대왕판교로644번길", "LANES": 2, "ROAD_RANK": "107", "MAX_SPD": 50, "LENGTH": 25.358756265837}}, {"type": "Feature", "geometry": {"type": "LineString", "coordinates": [[127.09298430771037, 37.39853688161011], [127.0931707774113, 37.39829655227364]]}, "properties": {"LINK_ID": "2060349502", "ROAD_NAME": "판교로156번길", "LANES": 1, "ROAD_RANK": "107", "MAX_SPD": 50, "LENGTH": 31.369761653347}}, {"type": "Feature", "geometry": {"type": "LineString", "coordinates": [[127.11876272604717, 37.40853264332699], [127.11869729850345, 37.40902068183243], [127.11858220459679, 37.40983640013655], [127.11846001743201, 37.41077655698612], [127.1183962047907, 37.411330118809296], [127.11838651672481, 37.41141421251993], [127.11831701779967, 37.41201727471455], [127.11813961140093, 37.4132994309189], [127.11805664180197, 37.413811868245496], [127.11795501656124, 37.414651930876445], [127.11791042303815, 37.415054837009635], [127.11783282971192, 37.4155920872224], [127.11780579896221, 37.41618208754502], [127.11782370402778, 37.41652124366536], [127.11784654839673, 37.41667964965917], [127.11792036041118, 37.41709977496582], [127.11798544996394, 37.41736856889001]]}, "properties": {"LINK_ID": "2060150100", "ROAD_NAME": "분당수서로", "LANES": 3, "ROAD_RANK": "102", "MAX_SPD": 80, "LENGTH": 986.218095304318}}, {"type": "Feature", "geometry": {"type": "LineString", "coordinates": [[127.09466034148834, 37.39993185907787], [127.09398183413734, 37.39957841415718], [127.0927795788943, 37.398967318774304]]}, "properties": {"LINK_ID": "2060180403", "ROAD_NAME": "판교로", "LANES": 2, "ROAD_RANK": "107", "MAX_SPD": 50, "LENGTH": 197.972403274431}}, {"type": "Feature", "geometry": {"type": "LineString", "coordinates": [[127.10118747925584, 37.39980439990105], [127.10128841000837, 37.39980565783592]]}, "properties": {"LINK_ID": "2060199802", "ROAD_NAME": "대왕판교로645번길", "LANES": 2, "ROAD_RANK": "107", "MAX_SPD": 50, "LENGTH": 8.937857438442}}, {"type": "Feature", "geometry": {"type": "LineString", "coordinates": [[127.11304834336785, 37.39938835507631], [127.11303973143035, 37.399905469358295], [127.113051145328, 37.402640766428235], [127.11303506831722, 37.40284557385304], [127.11297754464479, 37.40329662381806], [127.1129158060478, 37.40357512873817], [127.11280883444208, 37.40398145678055], [127.11259457612113, 37.40458432464864], [127.11246348702633, 37.404851452337354], [127.11220362035277, 37.405334211750215], [127.11211537680364, 37.40547733240333], [127.11200087795886, 37.40564908524886], [127.11183626405, 37.40588191508474], [127.11165179259588, 37.40609370043772]]}, "properties": {"LINK_ID": "2060112307", "ROAD_NAME": "분당내곡간도시고속화도로", "LANES": 3, "ROAD_RANK": "102", "MAX_SPD": 80, "LENGTH": 768.816690359727}}, {"type": "Feature", "geometry": {"type": "LineString", "coordinates": [[127.08150899576428, 37.41071991175646], [127.08267286251262, 37.41135470817188], [127.08283592154564, 37.41157011878351], [127.0830347681938, 37.411839489508715], [127.08314785643309, 37.411990998425225], [127.08321213555308, 37.4120755057558], [127.08330869675137, 37.41218638566775], [127.08343053501119, 37.412312770424194], [127.08349311381443, 37.41237204575246], [127.08356036886734, 37.412430031987554], [127.08364560611186, 37.41250151264244], [127.0837533337058, 37.41258843158678], [127.0838651719583, 37.412664081171464], [127.08389479108945, 37.41268771010991], [127.08392211502562, 37.412716489093846], [127.08396117327985, 37.412764667692336], [127.08398943109864, 37.412807309078495], [127.08401136291029, 37.412861759205285], [127.08402219236565, 37.412906370880584], [127.08402806062288, 37.41300754846018], [127.08392666495897, 37.41324612869924]]}, "properties": {"LINK_ID": "2040052500", "ROAD_NAME": "둔토로", "LANES": 1, "ROAD_RANK": "107", "MAX_SPD": 40, "LENGTH": 375.552325296438}}, {"type": "Feature", "geometry": {"type": "LineString", "coordinates": [[127.09986532944825, 37.412211431603346], [127.09990882974441, 37.4123886181139], [127.09999386089682, 37.41262227509715], [127.10000057963373, 37.412636712750924], [127.10033526735103, 37.4133562749409], [127.10033532968642, 37.413356430764296], [127.10033542365154, 37.413356587461855], [127.10033548598815, 37.41335674418625], [127.10056906036394, 37.413873144152916]]}, "properties": {"LINK_ID": "2040411200", "ROAD_NAME": "대왕판교로", "LANES": 4, "ROAD_RANK": "105", "MAX_SPD": 60, "LENGTH": 194.915716623966}}, {"type": "Feature", "geometry": {"type": "LineString", "coordinates": [[127.10214899872524, 37.404005218535175], [127.09975826999285, 37.403252689558336], [127.09974053122998, 37.4032477462071], [127.0997220185595, 37.40324517589302], [127.09970322902473, 37.4032450475752], [127.09968466409944, 37.403247364434826], [127.09966682178326, 37.403252064782805], [127.09965017740376, 37.40325902387803], [127.09963517909783, 37.403268053030075], [127.09962222637022, 37.403278913132525], [127.09906926392685, 37.4037229396248]]}, "properties": {"LINK_ID": "2060203700", "ROAD_NAME": "판교로255번길", "LANES": 1, "ROAD_RANK": "107", "MAX_SPD": 30, "LENGTH": 310.329877622942}}, {"type": "Feature", "geometry": {"type": "LineString", "coordinates": [[127.08578460419949, 37.40707607127783], [127.08589210049553, 37.40709132664138]]}, "properties": {"LINK_ID": "2040423902", "ROAD_NAME": "금토로", "LANES": 1, "ROAD_RANK": "107", "MAX_SPD": 60, "LENGTH": 9.666611715494}}, {"type": "Feature", "geometry": {"type": "LineString", "coordinates": [[127.11278904871678, 37.40317951102161], [127.11304305670262, 37.403176036903886]]}, "properties": {"LINK_ID": "2060181307", "ROAD_NAME": "판교로", "LANES": 3, "ROAD_RANK": "107", "MAX_SPD": 50, "LENGTH": 22.493070887454}}, {"type": "Feature", "geometry": {"type": "LineString", "coordinates": [[127.1140918971603, 37.398302408220495], [127.1157013555105, 37.398304939009016]]}, "properties": {"LINK_ID": "2060193000", "ROAD_NAME": "동판교로177번길", "LANES": 3, "ROAD_RANK": "107", "MAX_SPD": 50, "LENGTH": 142.510313731688}}, {"type": "Feature", "geometry": {"type": "LineString", "coordinates": [[127.11281434814427, 37.39625138093574], [127.11228915298155, 37.39625317860682]]}, "properties": {"LINK_ID": "2060193801", "ROAD_NAME": "대왕판교로606번길", "LANES": 3, "ROAD_RANK": "107", "MAX_SPD": 50, "LENGTH": 46.505277352272}}, {"type": "Feature", "geometry": {"type": "LineString", "coordinates": [[127.09820243625248, 37.402153748260446], [127.09877218221281, 37.40168266354226], [127.09932989195188, 37.40100444215815], [127.09952057068962, 37.40075073273535], [127.09988171495938, 37.400148036228266], [127.10009918559686, 37.399592904442464], [127.10025980528305, 37.398961048012346], [127.10037251565137, 37.39844094059532], [127.10045100909919, 37.39802815563915]]}, "properties": {"LINK_ID": "2060010200", "ROAD_NAME": "경부고속도로", "LANES": 5, "ROAD_RANK": "101", "MAX_SPD": 110, "LENGTH": 510.67155652797}}, {"type": "Feature", "geometry": {"type": "LineString", "coordinates": [[127.08969972369938, 37.40404573250978], [127.09019976733045, 37.40408805599952], [127.09158839206785, 37.404279056341515], [127.09169992396095, 37.40428124407072], [127.09195436138248, 37.404286212017176], [127.09215764184871, 37.40427136801769], [127.0923592361126, 37.404256650227744], [127.09276042261924, 37.40412061815986], [127.09317951690862, 37.4039075874265], [127.09356251721458, 37.403728056680585], [127.09384782912227, 37.40363111862886], [127.09423689227697, 37.403567618811074], [127.09455004922876, 37.40359030608845], [127.09549014268362, 37.40360874323996], [127.09589217407631, 37.40360843138923], [127.09642804840215, 37.403485806381966], [127.0975504545671, 37.40263724335765], [127.09820243625248, 37.402153748260446]]}, "properties": {"LINK_ID": "2060011300", "ROAD_NAME": "경부고속도로", "LANES": 2, "ROAD_RANK": "101", "MAX_SPD": 60, "LENGTH": 834.018795114065}}, {"type": "Feature", "geometry": {"type": "LineString", "coordinates": [[127.1065664783417, 37.40404516325468], [127.1064307640122, 37.404045161772]]}, "properties": {"LINK_ID": "2060348201", "ROAD_NAME": "판교로319번길", "LANES": 1, "ROAD_RANK": "107", "MAX_SPD": 50, "LENGTH": 12.015952525009}}, {"type": "Feature", "geometry": {"type": "LineString", "coordinates": [[127.10962245702488, 37.40404518237402], [127.10962245589245, 37.403937059949854]]}, "properties": {"LINK_ID": "2060348001", "ROAD_NAME": "판교로319번길", "LANES": 2, "ROAD_RANK": "107", "MAX_SPD": 50, "LENGTH": 12.000005949007}}, {"type": "Feature", "geometry": {"type": "LineString", "coordinates": [[127.10257661882115, 37.39988839827202], [127.10250049448709, 37.399888062702836]]}, "properties": {"LINK_ID": "2060194704", "ROAD_NAME": "대왕판교로645번길", "LANES": 2, "ROAD_RANK": "107", "MAX_SPD": 50, "LENGTH": 6.7404142781}}, {"type": "Feature", "geometry": {"type": "LineString", "coordinates": [[127.11773544420899, 37.41857434015414], [127.11769579815348, 37.418660025211686], [127.11768536130812, 37.418682525012265], [127.11711545486456, 37.420214931381864], [127.11710593590881, 37.42024938675699], [127.11701522321601, 37.42057773415994]]}, "properties": {"LINK_ID": "2040412200", "ROAD_NAME": "탄천로", "LANES": 3, "ROAD_RANK": "107", "MAX_SPD": 50, "LENGTH": 231.430677673988}}, {"type": "Feature", "geometry": {"type": "LineString", "coordinates": [[127.09340674940289, 37.401647391836256], [127.0928524990935, 37.40234313616148]]}, "properties": {"LINK_ID": "2060203205", "ROAD_NAME": "서판교로", "LANES": 1, "ROAD_RANK": "107", "MAX_SPD": 30, "LENGTH": 91.49189669851}}, {"type": "Feature", "geometry": {"type": "LineString", "coordinates": [[127.11569663036562, 37.404743907892374], [127.11493381248157, 37.40435832896232], [127.11526245807643, 37.40392866606651]]}, "properties": {"LINK_ID": "2060352000", "ROAD_NAME": "동판교로", "LANES": 1, "ROAD_RANK": "107", "MAX_SPD": 40, "LENGTH": 135.817416931952}}, {"type": "Feature", "geometry": {"type": "LineString", "coordinates": [[127.11223413691037, 37.39780198324122], [127.11222256566788, 37.39725431579822]]}, "properties": {"LINK_ID": "2060353000", "ROAD_NAME": "대왕판교로606번길", "LANES": 1, "ROAD_RANK": "107", "MAX_SPD": 30, "LENGTH": 60.791638901642}}, {"type": "Feature", "geometry": {"type": "LineString", "coordinates": [[127.10261052846083, 37.40562474120347], [127.10242732399729, 37.405697497718066], [127.10225212471332, 37.40577443700272], [127.10208140277447, 37.40585753423818], [127.10191549790245, 37.40594662336309], [127.10175473964561, 37.40604152841489], [127.1015994485049, 37.40614206082575], [127.10144993367392, 37.40624801852311], [127.10130649304759, 37.4063591922367], [127.10116941095458, 37.40647535919309], [127.10103896268397, 37.40659628941875], [127.10091540657264, 37.40672174124148], [127.10079898965866, 37.40685146579045], [127.10068994202769, 37.40698520249576], [127.10058848134287, 37.407122688094525], [127.10053339154508, 37.407221851648686], [127.10044898595281, 37.40741449297], [127.10029573659955, 37.40779864945445], [127.10027696050703, 37.40785131123482]]}, "properties": {"LINK_ID": "2040057700", "ROAD_NAME": "대왕판교로", "LANES": 4, "ROAD_RANK": "105", "MAX_SPD": 60, "LENGTH": 333.810374028216}}, {"type": "Feature", "geometry": {"type": "LineString", "coordinates": [[127.11677350597475, 37.39981492304323], [127.11687395972338, 37.39981599917421]]}, "properties": {"LINK_ID": "2060199701", "ROAD_NAME": "대왕판교로644번길", "LANES": 2, "ROAD_RANK": "107", "MAX_SPD": 50, "LENGTH": 8.895334889385}}, {"type": "Feature", "geometry": {"type": "LineString", "coordinates": [[127.08881660214489, 37.40817287192039], [127.0887379268419, 37.40826091542894]]}, "properties": {"LINK_ID": "2040427602", "ROAD_NAME": "외동로2길", "LANES": 1, "ROAD_RANK": "107", "MAX_SPD": 30, "LENGTH": 12.000000000046}}, {"type": "Feature", "geometry": {"type": "LineString", "coordinates": [[127.09802571282829, 37.401031864275524], [127.09827070864416, 37.4007207712668], [127.0982876867975, 37.40069967824232]]}, "properties": {"LINK_ID": "2060331302", "ROAD_NAME": "판교로210번길", "LANES": 1, "ROAD_RANK": "107", "MAX_SPD": 30, "LENGTH": 43.557854604751}}, {"type": "Feature", "geometry": {"type": "LineString", "coordinates": [[127.0867390982617, 37.41014348204455], [127.08666087466293, 37.41022847917107]]}, "properties": {"LINK_ID": "2040007201", "ROAD_NAME": "둔토로", "LANES": 1, "ROAD_RANK": "107", "MAX_SPD": 30, "LENGTH": 11.702510463854}}, {"type": "Feature", "geometry": {"type": "LineString", "coordinates": [[127.11687039466393, 37.391818765359126], [127.1178998747926, 37.391852560079805], [127.1180745985766, 37.3918597011455], [127.11824955037066, 37.391860285887894], [127.11842434392118, 37.39185431559383], [127.1185985929916, 37.39184180236466], [127.11877191249815, 37.39182277271922], [127.11894392077424, 37.39179727119559], [127.1191142384277, 37.39176535134185], [127.1192824894846, 37.39172708472526], [127.11944830138273, 37.39168255642696], [127.11961131061815, 37.3916318650362], [127.11977115596589, 37.39157511995397], [127.11992748526727, 37.391512448594234], [127.12007995203102, 37.391443989179024], [127.1200828293793, 37.39144226217358]]}, "properties": {"LINK_ID": "2060206500", "ROAD_NAME": "서현로", "LANES": 4, "ROAD_RANK": "105", "MAX_SPD": 60, "LENGTH": 292.963340999067}}, {"type": "Feature", "geometry": {"type": "LineString", "coordinates": [[127.09970978900017, 37.412140391675074], [127.09986532944825, 37.412211431603346]]}, "properties": {"LINK_ID": "2040007801", "ROAD_NAME": "-", "LANES": 1, "ROAD_RANK": "107", "MAX_SPD": 40, "LENGTH": 15.867332477367}}, {"type": "Feature", "geometry": {"type": "LineString", "coordinates": [[127.10315522637849, 37.420665831782216], [127.1029120186781, 37.42057027818423]]}, "properties": {"LINK_ID": "2040390601", "ROAD_NAME": "설개로2번길", "LANES": 1, "ROAD_RANK": "107", "MAX_SPD": 50, "LENGTH": 23.998848471273}}, {"type": "Feature", "geometry": {"type": "LineString", "coordinates": [[127.11483410717501, 37.41532394367465], [127.11491008044575, 37.41537114932611], [127.11517190298537, 37.41552946847999]]}, "properties": {"LINK_ID": "2040008104", "ROAD_NAME": "사송로", "LANES": 2, "ROAD_RANK": "107", "MAX_SPD": 50, "LENGTH": 37.610740293479}}, {"type": "Feature", "geometry": {"type": "LineString", "coordinates": [[127.0849548409249, 37.40695087226452], [127.08489701707182, 37.40692818165597], [127.08468076794996, 37.406852524902], [127.08445614212143, 37.406768087887976], [127.08443852578047, 37.40676217558885]]}, "properties": {"LINK_ID": "2040006001", "ROAD_NAME": "금토로", "LANES": 1, "ROAD_RANK": "107", "MAX_SPD": 30, "LENGTH": 50.288106003039}}, {"type": "Feature", "geometry": {"type": "LineString", "coordinates": [[127.11040570782919, 37.397246395145935], [127.11027021539427, 37.3972441342945]]}, "properties": {"LINK_ID": "2060352501", "ROAD_NAME": "대왕판교로606번길", "LANES": 1, "ROAD_RANK": "107", "MAX_SPD": 30, "LENGTH": 12.000014924123}}, {"type": "Feature", "geometry": {"type": "LineString", "coordinates": [[127.11401755092335, 37.39836488052985], [127.11401755741306, 37.39830219207867]]}, "properties": {"LINK_ID": "2060193502", "ROAD_NAME": "-", "LANES": 2, "ROAD_RANK": "107", "MAX_SPD": 50, "LENGTH": 6.957494204003}}, {"type": "Feature", "geometry": {"type": "LineString", "coordinates": [[127.1064307640122, 37.404045161772], [127.10643076461156, 37.403937039280414]]}, "properties": {"LINK_ID": "2060332401", "ROAD_NAME": "판교로289번길", "LANES": 1, "ROAD_RANK": "107", "MAX_SPD": 50, "LENGTH": 12.000012632893}}, {"type": "Feature", "geometry": {"type": "LineString", "coordinates": [[127.08578460419949, 37.40707607127783], [127.08591235842034, 37.406284016953165]]}, "properties": {"LINK_ID": "2040424101", "ROAD_NAME": "-", "LANES": 1, "ROAD_RANK": "107", "MAX_SPD": 50, "LENGTH": 88.631115711932}}, {"type": "Feature", "geometry": {"type": "LineString", "coordinates": [[127.09577653279868, 37.39948967763159], [127.09555809941763, 37.399774579852334], [127.09598247367506, 37.39999170022938]]}, "properties": {"LINK_ID": "2060348600", "ROAD_NAME": "판교로", "LANES": 1, "ROAD_RANK": "107", "MAX_SPD": 40, "LENGTH": 81.704544140823}}, {"type": "Feature", "geometry": {"type": "LineString", "coordinates": [[127.11483410717501, 37.41532394367465], [127.11475081585279, 37.415409233453346]]}, "properties": {"LINK_ID": "2040403201", "ROAD_NAME": "-", "LANES": 1, "ROAD_RANK": "107", "MAX_SPD": 20, "LENGTH": 11.998781840709}}, {"type": "Feature", "geometry": {"type": "LineString", "coordinates": [[127.09362320909497, 37.408326908514105], [127.09336986009542, 37.408431512605546], [127.09320120910746, 37.4085333086352], [127.09298461368792, 37.408789031454795], [127.09296511461454, 37.40881205287999], [127.09248479525863, 37.409328785049865], [127.09244613487186, 37.40938033108446], [127.0924461343406, 37.409407475203295], [127.09244995224616, 37.409417655542214], [127.09247952618726, 37.409437370150236], [127.0931240218531, 37.40972656551636]]}, "properties": {"LINK_ID": "2040390500", "ROAD_NAME": "달래내로54번길", "LANES": 1, "ROAD_RANK": "107", "MAX_SPD": 40, "LENGTH": 232.448405099236}}, {"type": "Feature", "geometry": {"type": "LineString", "coordinates": [[127.09570921291655, 37.408687243592134], [127.09603504124844, 37.41064717006271], [127.09598583253523, 37.410745582424624], [127.09589969484298, 37.41081449020864], [127.0957364273884, 37.41084417325994], [127.09526900255509, 37.41085259242819], [127.09493339751211, 37.41087356462996]]}, "properties": {"LINK_ID": "2040390100", "ROAD_NAME": "창업로57번길", "LANES": 1, "ROAD_RANK": "107", "MAX_SPD": 30, "LENGTH": 328.005885184554}}, {"type": "Feature", "geometry": {"type": "LineString", "coordinates": [[127.10251224957328, 37.40089250040949], [127.10250049448709, 37.399888062702836]]}, "properties": {"LINK_ID": "2060200000", "ROAD_NAME": "판교로256번길", "LANES": 2, "ROAD_RANK": "107", "MAX_SPD": 50, "LENGTH": 111.482652947901}}, {"type": "Feature", "geometry": {"type": "LineString", "coordinates": [[127.1140918971603, 37.398302408220495], [127.11409174191354, 37.398364966120006]]}, "properties": {"LINK_ID": "2060193402", "ROAD_NAME": "-", "LANES": 2, "ROAD_RANK": "107", "MAX_SPD": 50, "LENGTH": 6.943018491054}}, {"type": "Feature", "geometry": {"type": "LineString", "coordinates": [[127.11687381816829, 37.399879778512776], [127.11677329311445, 37.39988049413949]]}, "properties": {"LINK_ID": "2060192801", "ROAD_NAME": "대왕판교로644번길", "LANES": 2, "ROAD_RANK": "107", "MAX_SPD": 50, "LENGTH": 8.901193365956}}, {"type": "Feature", "geometry": {"type": "LineString", "coordinates": [[127.1039783036206, 37.39328403870432], [127.10313937930539, 37.3929694796007], [127.10270763169184, 37.39269124132747], [127.10239306915534, 37.39244798134953], [127.10189186106405, 37.39206372554981], [127.10145990552918, 37.391693481266636], [127.1013464897774, 37.39164055426092], [127.1012147658188, 37.39159255113681]]}, "properties": {"LINK_ID": "2060358000", "ROAD_NAME": "경부고속도로", "LANES": 1, "ROAD_RANK": "101", "MAX_SPD": 40, "LENGTH": 312.169620031204}}, {"type": "Feature", "geometry": {"type": "LineString", "coordinates": [[127.11778495016557, 37.41846732381934], [127.11773544420899, 37.41857434015414]]}, "properties": {"LINK_ID": "2060169301", "ROAD_NAME": "탄천로", "LANES": 2, "ROAD_RANK": "107", "MAX_SPD": 50, "LENGTH": 12.659963051516}}, {"type": "Feature", "geometry": {"type": "LineString", "coordinates": [[127.11103720864911, 37.41437578903788], [127.11089208046887, 37.414397992881256], [127.11068754843392, 37.414426617996604], [127.11051573651339, 37.41445296233269], [127.1103080175283, 37.41448233671498], [127.11011632919248, 37.41449586850698], [127.10998929864176, 37.41449714997027], [127.10989865463387, 37.41449386801951], [127.10989436128867, 37.41449371256848], [127.10981114294171, 37.41448593120696], [127.10974267390522, 37.414474274330466], [127.10962479801951, 37.414445524958815], [127.10953739292724, 37.414415681336855], [127.10946870541237, 37.41438655645289], [127.10938592314469, 37.414343743678856], [127.10927745456996, 37.41427818134121], [127.10918811139727, 37.41420708700643], [127.10912679787414, 37.41414421285858]]}, "properties": {"LINK_ID": "2040008210", "ROAD_NAME": "사송로", "LANES": 1, "ROAD_RANK": "107", "MAX_SPD": 30, "LENGTH": 182.949178730515}}, {"type": "Feature", "geometry": {"type": "LineString", "coordinates": [[127.08095952033749, 37.41719888419341], [127.08104761132358, 37.417036743857416], [127.08174646944805, 37.416063118651756]]}, "properties": {"LINK_ID": "2040007917", "ROAD_NAME": "달래내로", "LANES": 1, "ROAD_RANK": "107", "MAX_SPD": 50, "LENGTH": 144.127066934646}}, {"type": "Feature", "geometry": {"type": "LineString", "coordinates": [[127.11472081721273, 37.41525355134583], [127.11484685376783, 37.41518875539795], [127.11504844142398, 37.41503757120462], [127.11521310542578, 37.414964390499264], [127.11553924291178, 37.414894818128424], [127.11566292277703, 37.414885658175606], [127.1158184026848, 37.41489429630228]]}, "properties": {"LINK_ID": "2040403300", "ROAD_NAME": "-", "LANES": 1, "ROAD_RANK": "107", "MAX_SPD": 20, "LENGTH": 109.1359173121}}, {"type": "Feature", "geometry": {"type": "LineString", "coordinates": [[127.1157013555105, 37.398304939009016], [127.11677808030068, 37.39830661987182]]}, "properties": {"LINK_ID": "2060193002", "ROAD_NAME": "동판교로177번길", "LANES": 3, "ROAD_RANK": "107", "MAX_SPD": 50, "LENGTH": 95.339145400419}}, {"type": "Feature", "geometry": {"type": "LineString", "coordinates": [[127.10405408071195, 37.39308230013271], [127.10416583201442, 37.39278478667045], [127.10459949988841, 37.392305707912485], [127.10460717304949, 37.392249440398295], [127.10456217139483, 37.39220143949739], [127.10446427882037, 37.392111704914974], [127.1041468795173, 37.39183239587876], [127.10397075187333, 37.39157554506039], [127.10394033142845, 37.39153118205071], [127.10332328410479, 37.39011238903888], [127.10325961341805, 37.38952658265486], [127.10330133046641, 37.3890388982418]]}, "properties": {"LINK_ID": "2060330900", "ROAD_NAME": "대왕판교로560번길", "LANES": 1, "ROAD_RANK": "107", "MAX_SPD": 60, "LENGTH": 492.335462366725}}, {"type": "Feature", "geometry": {"type": "LineString", "coordinates": [[127.07810843779633, 37.419689979398], [127.07883929843437, 37.4196205242799], [127.07908014217082, 37.41955743090405], [127.07934079825536, 37.41945183803073], [127.0799725789921, 37.418682275218636], [127.08054617328378, 37.41795968084154], [127.08095952033749, 37.41719888419341]]}, "properties": {"LINK_ID": "2040007912", "ROAD_NAME": "달래내로", "LANES": 1, "ROAD_RANK": "107", "MAX_SPD": 50, "LENGTH": 402.508540619458}}, {"type": "Feature", "geometry": {"type": "LineString", "coordinates": [[127.10512671384109, 37.403168091300955], [127.10507604781404, 37.40328199867343]]}, "properties": {"LINK_ID": "2060181701", "ROAD_NAME": "대왕판교로", "LANES": 4, "ROAD_RANK": "105", "MAX_SPD": 60, "LENGTH": 13.414361099592}}, {"type": "Feature", "geometry": {"type": "LineString", "coordinates": [[127.08988801178856, 37.40660904068571], [127.08981298324323, 37.40657613589167]]}, "properties": {"LINK_ID": "2040425303", "ROAD_NAME": "-", "LANES": 1, "ROAD_RANK": "107", "MAX_SPD": 50, "LENGTH": 7.580376890012}}, {"type": "Feature", "geometry": {"type": "LineString", "coordinates": [[127.09939977996025, 37.398536027153646], [127.09939314145944, 37.39832474594448], [127.09939505950229, 37.39823010916263], [127.09940690988418, 37.39812746836639], [127.09943809125895, 37.39801009943565], [127.09949816633791, 37.39785106818534], [127.0995994994185, 37.39761653170135], [127.09972883464299, 37.39738662618454], [127.10010680782663, 37.39684440634498], [127.10032607041558, 37.39648889455625], [127.10059565954897, 37.395908515714396], [127.10069596666332, 37.39565022094976], [127.10088801358393, 37.395036363228904], [127.10132254246112, 37.39339583536628]]}, "properties": {"LINK_ID": "2060272800", "ROAD_NAME": "경부고속도로", "LANES": 2, "ROAD_RANK": "101", "MAX_SPD": 60, "LENGTH": 600.506690356786}}, {"type": "Feature", "geometry": {"type": "LineString", "coordinates": [[127.08172038549156, 37.393034793354545], [127.08171690812539, 37.393025504452865], [127.08171698047002, 37.39299215377224], [127.08172749568881, 37.392971032046034]]}, "properties": {"LINK_ID": "2060202102", "ROAD_NAME": "산운로", "LANES": 1, "ROAD_RANK": "107", "MAX_SPD": 30, "LENGTH": 7.299723776231}}, {"type": "Feature", "geometry": {"type": "LineString", "coordinates": [[127.09645011373225, 37.398243589509796], [127.09652903957561, 37.398288825337545], [127.09673832833371, 37.39839897619863]]}, "properties": {"LINK_ID": "2060331500", "ROAD_NAME": "서판교로132번길", "LANES": 1, "ROAD_RANK": "107", "MAX_SPD": 30, "LENGTH": 30.805631265038}}, {"type": "Feature", "geometry": {"type": "LineString", "coordinates": [[127.11686904814486, 37.39058428064941], [127.11687039466393, 37.391818765359126]]}, "properties": {"LINK_ID": "2060201702", "ROAD_NAME": "동판교로", "LANES": 2, "ROAD_RANK": "107", "MAX_SPD": 30, "LENGTH": 137.009503966221}}, {"type": "Feature", "geometry": {"type": "LineString", "coordinates": [[127.09974720978371, 37.41229283851598], [127.0993962792205, 37.412387540023246], [127.09915183292637, 37.412502288239686], [127.09900025935312, 37.412586492057464], [127.09885913982393, 37.412644384304635]]}, "properties": {"LINK_ID": "2040390300", "ROAD_NAME": "창업로", "LANES": 2, "ROAD_RANK": "107", "MAX_SPD": 50, "LENGTH": 88.307739167127}}, {"type": "Feature", "geometry": {"type": "LineString", "coordinates": [[127.08702899093271, 37.394700906002285], [127.08696466193128, 37.394610242418125], [127.08680216685114, 37.394366644377], [127.08664767240802, 37.3941197551134], [127.08650128714771, 37.393869741268], [127.08636310719113, 37.39361677129145], [127.08623322640128, 37.39336101813997], [127.08614222237763, 37.39308861266052], [127.08605894265149, 37.39281463910434], [127.08598342908563, 37.392539236214496], [127.08591572015489, 37.3922625445373], [127.08585585094548, 37.39198470552105], [127.08581113729939, 37.391744931793234]]}, "properties": {"LINK_ID": "2060180407", "ROAD_NAME": "판교로", "LANES": 2, "ROAD_RANK": "107", "MAX_SPD": 50, "LENGTH": 348.041073349603}}, {"type": "Feature", "geometry": {"type": "LineString", "coordinates": [[127.10631848134172, 37.399880581409874], [127.10635075258651, 37.39981156155937]]}, "properties": {"LINK_ID": "2060181101", "ROAD_NAME": "대왕판교로", "LANES": 4, "ROAD_RANK": "105", "MAX_SPD": 60, "LENGTH": 8.175772203948}}, {"type": "Feature", "geometry": {"type": "LineString", "coordinates": [[127.09897915478861, 37.3974600117491], [127.09904068777078, 37.39733695189867], [127.09917895003055, 37.39710233616205]]}, "properties": {"LINK_ID": "2060331710", "ROAD_NAME": "판교로210번길", "LANES": 1, "ROAD_RANK": "107", "MAX_SPD": 30, "LENGTH": 43.477855743309}}, {"type": "Feature", "geometry": {"type": "LineString", "coordinates": [[127.10638796936729, 37.40327927521263], [127.10507604781404, 37.40328199867343]]}, "properties": {"LINK_ID": "2060181804", "ROAD_NAME": "판교로", "LANES": 3, "ROAD_RANK": "107", "MAX_SPD": 50, "LENGTH": 116.157228541594}}, {"type": "Feature", "geometry": {"type": "LineString", "coordinates": [[127.08615547936348, 37.405078940436454], [127.08605647601027, 37.40509351478993]]}, "properties": {"LINK_ID": "2040423802", "ROAD_NAME": "-", "LANES": 1, "ROAD_RANK": "107", "MAX_SPD": 50, "LENGTH": 8.91348750698}}, {"type": "Feature", "geometry": {"type": "LineString", "coordinates": [[127.09592612586877, 37.40057345059486], [127.09601805641829, 37.40045792432908]]}, "properties": {"LINK_ID": "2060331102", "ROAD_NAME": "판교로", "LANES": 1, "ROAD_RANK": "107", "MAX_SPD": 40, "LENGTH": 15.187242377825}}, {"type": "Feature", "geometry": {"type": "LineString", "coordinates": [[127.10974647990982, 37.40089632843531], [127.11091455425662, 37.40090408402244], [127.11120169534574, 37.40090408594862]]}, "properties": {"LINK_ID": "2060351100", "ROAD_NAME": "판교역로226번길", "LANES": 1, "ROAD_RANK": "107", "MAX_SPD": 50, "LENGTH": 128.851668253608}}, {"type": "Feature", "geometry": {"type": "LineString", "coordinates": [[127.0849548409249, 37.40695087226452], [127.0849439071557, 37.40682603368133]]}, "properties": {"LINK_ID": "2040006402", "ROAD_NAME": "금토로62번길", "LANES": 1, "ROAD_RANK": "107", "MAX_SPD": 30, "LENGTH": 13.889030440347}}, {"type": "Feature", "geometry": {"type": "LineString", "coordinates": [[127.08150899576428, 37.41071991175646], [127.08390554621462, 37.41395773529193]]}, "properties": {"LINK_ID": "2040370300", "ROAD_NAME": "용인서울고속도로", "LANES": 3, "ROAD_RANK": "101", "MAX_SPD": 100, "LENGTH": 417.309000324622}}, {"type": "Feature", "geometry": {"type": "LineString", "coordinates": [[127.11183037518684, 37.402478709810296], [127.11087706497773, 37.40247870422168], [127.1097639221241, 37.40248667224651]]}, "properties": {"LINK_ID": "2060350600", "ROAD_NAME": "판교역로242번길", "LANES": 2, "ROAD_RANK": "107", "MAX_SPD": 50, "LENGTH": 182.968584389686}}, {"type": "Feature", "geometry": {"type": "LineString", "coordinates": [[127.09885913982393, 37.412644384304635], [127.09883136065442, 37.412655780277035], [127.09875226696083, 37.41268214351175], [127.09857600072644, 37.41273250350369], [127.09845911845026, 37.41276713335782], [127.09830207170867, 37.41279330619513], [127.09793268655771, 37.41283576061809], [127.09789032792453, 37.41283576032378], [127.09778271507012, 37.41283575950783], [127.09749539639688, 37.412783519635305], [127.09633918605633, 37.41242325156046], [127.09570912052575, 37.41219642894095], [127.09563659021887, 37.41216189103481]]}, "properties": {"LINK_ID": "2040390303", "ROAD_NAME": "창업로", "LANES": 2, "ROAD_RANK": "107", "MAX_SPD": 50, "LENGTH": 303.139497967199}}, {"type": "Feature", "geometry": {"type": "LineString", "coordinates": [[127.09873397355207, 37.398229088227474], [127.09873556492283, 37.398209640859505], [127.09878715450391, 37.3980032972204], [127.09885029370608, 37.397843353706726]]}, "properties": {"LINK_ID": "2060331707", "ROAD_NAME": "판교로210번길", "LANES": 1, "ROAD_RANK": "107", "MAX_SPD": 30, "LENGTH": 44.126141260963}}, {"type": "Feature", "geometry": {"type": "LineString", "coordinates": [[127.10960190782222, 37.401003470687236], [127.10839672692684, 37.400995055143184], [127.10839677951756, 37.39987908519151]]}, "properties": {"LINK_ID": "2060351400", "ROAD_NAME": "판교역로", "LANES": 1, "ROAD_RANK": "107", "MAX_SPD": 50, "LENGTH": 230.569650794961}}, {"type": "Feature", "geometry": {"type": "LineString", "coordinates": [[127.09610484267178, 37.4066184214798], [127.09985639786116, 37.40782881083954], [127.10016370872479, 37.40793551726835], [127.10048957303523, 37.408057700164086], [127.10061816589585, 37.4081084840029], [127.10095379287776, 37.40825417482344], [127.10129424189111, 37.40841912525908], [127.10141330670554, 37.4084786896211], [127.10153201493684, 37.408543087992825]]}, "properties": {"LINK_ID": "2040340401", "ROAD_NAME": "제2경인고속도로", "LANES": 2, "ROAD_RANK": "101", "MAX_SPD": 100, "LENGTH": 526.782238877311}}, {"type": "Feature", "geometry": {"type": "LineString", "coordinates": [[127.11923473035208, 37.405507136561596], [127.11898066119136, 37.40547116282646]]}, "properties": {"LINK_ID": "2060141201", "ROAD_NAME": "판교로", "LANES": 3, "ROAD_RANK": "107", "MAX_SPD": 50, "LENGTH": 22.846067751818}}, {"type": "Feature", "geometry": {"type": "LineString", "coordinates": [[127.09938675871165, 37.410824510664575], [127.09951979189832, 37.410803733862735]]}, "properties": {"LINK_ID": "2040389703", "ROAD_NAME": "달래내로", "LANES": 2, "ROAD_RANK": "107", "MAX_SPD": 50, "LENGTH": 12.001122637738}}, {"type": "Feature", "geometry": {"type": "LineString", "coordinates": [[127.09980805413727, 37.39266666691081], [127.09980997494802, 37.39277449777731]]}, "properties": {"LINK_ID": "2060330202", "ROAD_NAME": "서판교로44번길", "LANES": 1, "ROAD_RANK": "107", "MAX_SPD": 30, "LENGTH": 11.968830738817}}, {"type": "Feature", "geometry": {"type": "LineString", "coordinates": [[127.09650544993823, 37.402677170206445], [127.09681392868823, 37.402372817083375], [127.0968151284705, 37.40237175066068]]}, "properties": {"LINK_ID": "2060349810", "ROAD_NAME": "판교로209번길", "LANES": 1, "ROAD_RANK": "107", "MAX_SPD": 30, "LENGTH": 43.598558405308}}, {"type": "Feature", "geometry": {"type": "LineString", "coordinates": [[127.10035535658604, 37.394678552837256], [127.10033667359714, 37.39478697716066]]}, "properties": {"LINK_ID": "2060332001", "ROAD_NAME": "판교로210번길", "LANES": 1, "ROAD_RANK": "107", "MAX_SPD": 30, "LENGTH": 12.14668057939}}, {"type": "Feature", "geometry": {"type": "LineString", "coordinates": [[127.08194190025534, 37.393011074993005], [127.08194195064138, 37.39302548904839], [127.08192938467705, 37.393050502893026], [127.08189191853216, 37.39308381149849], [127.08185443151004, 37.393100534687576], [127.0818043843552, 37.39310053797732], [127.08175442985026, 37.39308386610551], [127.08172937605535, 37.39305880935403], [127.08172038549156, 37.393034793354545]]}, "properties": {"LINK_ID": "2060346502", "ROAD_NAME": "산운로", "LANES": 1, "ROAD_RANK": "107", "MAX_SPD": 30, "LENGTH": 28.92689942194}}, {"type": "Feature", "geometry": {"type": "LineString", "coordinates": [[127.11687290314262, 37.39626780670467], [127.11677290765536, 37.39624822721374]]}, "properties": {"LINK_ID": "2060333201", "ROAD_NAME": "-", "LANES": 1, "ROAD_RANK": "107", "MAX_SPD": 30, "LENGTH": 9.117129087124}}, {"type": "Feature", "geometry": {"type": "LineString", "coordinates": [[127.10960072208321, 37.4008953359723], [127.10974647990982, 37.40089632843531]]}, "properties": {"LINK_ID": "2060351501", "ROAD_NAME": "판교역로", "LANES": 1, "ROAD_RANK": "107", "MAX_SPD": 50, "LENGTH": 12.906200386891}}, {"type": "Feature", "geometry": {"type": "LineString", "coordinates": [[127.11409174191354, 37.398364966120006], [127.11401755092335, 37.39836488052985]]}, "properties": {"LINK_ID": "2060192902", "ROAD_NAME": "동판교로177번길", "LANES": 2, "ROAD_RANK": "107", "MAX_SPD": 50, "LENGTH": 6.569267855006}}, {"type": "Feature", "geometry": {"type": "LineString", "coordinates": [[127.09493666624363, 37.41076490726607], [127.09526217428028, 37.41074456479942], [127.09571966651576, 37.41073632489396], [127.09583137485299, 37.41071601552591], [127.09587022685903, 37.4106849357993], [127.09589601317336, 37.41063336576244], [127.09557066194238, 37.40867628718548]]}, "properties": {"LINK_ID": "2040390000", "ROAD_NAME": "창업로57번길", "LANES": 1, "ROAD_RANK": "107", "MAX_SPD": 30, "LENGTH": 309.703408246368}}, {"type": "Feature", "geometry": {"type": "LineString", "coordinates": [[127.08901971269185, 37.40754241911971], [127.08929123777656, 37.40775240466834]]}, "properties": {"LINK_ID": "2040425901", "ROAD_NAME": "금토로", "LANES": 1, "ROAD_RANK": "107", "MAX_SPD": 30, "LENGTH": 33.481717480365}}, {"type": "Feature", "geometry": {"type": "LineString", "coordinates": [[127.09636296835572, 37.398193642585845], [127.09693358428414, 37.39772282203378], [127.09715098134136, 37.39754344340261], [127.09738045850149, 37.39730968915502], [127.0976201891123, 37.39699265177866], [127.09785219362946, 37.39654491900499], [127.0979037363562, 37.39637084196374], [127.09796941311112, 37.396149028376165], [127.09805974580846, 37.395518483390184], [127.09809607018137, 37.39480530654239]]}, "properties": {"LINK_ID": "2060283101", "ROAD_NAME": "서판교로", "LANES": 2, "ROAD_RANK": "107", "MAX_SPD": 30, "LENGTH": 422.998682437968}}, {"type": "Feature", "geometry": {"type": "LineString", "coordinates": [[127.11408002523984, 37.3961834878385], [127.11408040681796, 37.396257137479424]]}, "properties": {"LINK_ID": "2060193401", "ROAD_NAME": "-", "LANES": 2, "ROAD_RANK": "107", "MAX_SPD": 50, "LENGTH": 8.174091611908}}, {"type": "Feature", "geometry": {"type": "LineString", "coordinates": [[127.10960234212844, 37.39772186058266], [127.10958539243215, 37.39626241022298]]}, "properties": {"LINK_ID": "2060194200", "ROAD_NAME": "판교역로", "LANES": 4, "ROAD_RANK": "107", "MAX_SPD": 50, "LENGTH": 161.984381381568}}, {"type": "Feature", "geometry": {"type": "LineString", "coordinates": [[127.10188341527378, 37.39113954462188], [127.10180173431858, 37.39164626443296]]}, "properties": {"LINK_ID": "2060007300", "ROAD_NAME": "경부고속도로", "LANES": 5, "ROAD_RANK": "101", "MAX_SPD": 110, "LENGTH": 56.70158944979}}, {"type": "Feature", "geometry": {"type": "LineString", "coordinates": [[127.11157124972806, 37.40604774301308], [127.11164398239816, 37.40584664206769], [127.11176883423178, 37.40568353367969], [127.11203726391896, 37.405266703789415], [127.112242378131, 37.40489124966614], [127.11235443962859, 37.40465409202105], [127.11250865705553, 37.40427467531099], [127.11257768914166, 37.40407446776399], [127.11264962050863, 37.40383375383973], [127.11273636961873, 37.403474601919655], [127.11277199490188, 37.4032938513858]]}, "properties": {"LINK_ID": "2060359400", "ROAD_NAME": "분당내곡로", "LANES": 2, "ROAD_RANK": "102", "MAX_SPD": 50, "LENGTH": 325.712887807576}}, {"type": "Feature", "geometry": {"type": "LineString", "coordinates": [[127.11173126084844, 37.401020544072374], [127.11145030742787, 37.40102054266704], [127.11120033033642, 37.401012208413604], [127.11091398966262, 37.40101220704998], [127.1097476658388, 37.40100446287153]]}, "properties": {"LINK_ID": "2060351000", "ROAD_NAME": "판교역로226번길", "LANES": 1, "ROAD_RANK": "107", "MAX_SPD": 50, "LENGTH": 175.654655197422}}, {"type": "Feature", "geometry": {"type": "LineString", "coordinates": [[127.10020029109504, 37.40174967215783], [127.10012295986029, 37.40170127081911]]}, "properties": {"LINK_ID": "2060204701", "ROAD_NAME": "판교로", "LANES": 1, "ROAD_RANK": "107", "MAX_SPD": 40, "LENGTH": 8.702766021204}}, {"type": "Feature", "geometry": {"type": "LineString", "coordinates": [[127.09480057951833, 37.410772445186275], [127.0948385572254, 37.41007720286847]]}, "properties": {"LINK_ID": "2040403100", "ROAD_NAME": "창업로", "LANES": 2, "ROAD_RANK": "107", "MAX_SPD": 50, "LENGTH": 77.234995873538}}, {"type": "Feature", "geometry": {"type": "LineString", "coordinates": [[127.09939229046988, 37.396734302089854], [127.09961724553541, 37.39637605729163]]}, "properties": {"LINK_ID": "2060331705", "ROAD_NAME": "판교로210번길", "LANES": 1, "ROAD_RANK": "107", "MAX_SPD": 30, "LENGTH": 44.470449468071}}, {"type": "Feature", "geometry": {"type": "LineString", "coordinates": [[127.09463491834836, 37.406820987390184], [127.09450083001695, 37.40683124333463], [127.094470485678, 37.40683355617471], [127.0936583293927, 37.40665446321683], [127.09304886070919, 37.406345087218504], [127.09295986227988, 37.406276931250694]]}, "properties": {"LINK_ID": "2060011203", "ROAD_NAME": "수도권제1순환고속도로", "LANES": 2, "ROAD_RANK": "101", "MAX_SPD": 40, "LENGTH": 164.106775057353}}, {"type": "Feature", "geometry": {"type": "LineString", "coordinates": [[127.11120157894693, 37.39988155039098], [127.10973532533579, 37.399879206939225]]}, "properties": {"LINK_ID": "2060182111", "ROAD_NAME": "대왕판교로644번길", "LANES": 3, "ROAD_RANK": "107", "MAX_SPD": 50, "LENGTH": 129.82745273661}}, {"type": "Feature", "geometry": {"type": "LineString", "coordinates": [[127.11400606824658, 37.396256771655295], [127.11400670782827, 37.39618298100507]]}, "properties": {"LINK_ID": "2060193501", "ROAD_NAME": "-", "LANES": 2, "ROAD_RANK": "107", "MAX_SPD": 50, "LENGTH": 8.189867530519}}, {"type": "Feature", "geometry": {"type": "LineString", "coordinates": [[127.0963493126187, 37.39831894684524], [127.09626508773934, 37.39827067371724]]}, "properties": {"LINK_ID": "2060331402", "ROAD_NAME": "서판교로132번길", "LANES": 1, "ROAD_RANK": "107", "MAX_SPD": 30, "LENGTH": 9.182673124807}}, {"type": "Feature", "geometry": {"type": "LineString", "coordinates": [[127.11540522818684, 37.40577049376192], [127.11540556377355, 37.405589520770086], [127.11541589331104, 37.40547717871195], [127.11543419449299, 37.40536548391001], [127.11546040345912, 37.405254797732006], [127.11549444052835, 37.405145475252546], [127.1155361921319, 37.4050378679738], [127.1155855254943, 37.40493232200925], [127.11564228298641, 37.40482917808939], [127.11569663036562, 37.404743907892374]]}, "properties": {"LINK_ID": "2060360200", "ROAD_NAME": "동판교로", "LANES": 2, "ROAD_RANK": "107", "MAX_SPD": 30, "LENGTH": 118.215153498657}}, {"type": "Feature", "geometry": {"type": "LineString", "coordinates": [[127.10540230862873, 37.40239825879907], [127.1049465741369, 37.403411849808705], [127.10475520775304, 37.40375959986388], [127.10456373425912, 37.404031540532074], [127.10427556771842, 37.404397970600115], [127.10394790253245, 37.40472867498319], [127.10361299933078, 37.4050136129558], [127.10333176671891, 37.40521268089916], [127.10305586806085, 37.40538027538834], [127.10261052846083, 37.40562474120347]]}, "properties": {"LINK_ID": "2060201301", "ROAD_NAME": "대왕판교로", "LANES": 5, "ROAD_RANK": "105", "MAX_SPD": 60, "LENGTH": 446.276416129866}}, {"type": "Feature", "geometry": {"type": "LineString", "coordinates": [[127.10673554862983, 37.407604759167135], [127.107100017628, 37.40760864932124], [127.10859326764133, 37.40763114987089], [127.10906907936682, 37.40763002442176], [127.1091619232965, 37.4076298062884], [127.11001479884484, 37.40762777507477], [127.11106932980825, 37.40764583760937], [127.11150176711716, 37.407674993946635], [127.1118953613895, 37.40770439991159], [127.11231551753902, 37.40775655621538], [127.11296361023075, 37.40790502512036], [127.11337857959587, 37.408008368628316], [127.11394657959704, 37.40818608753427], [127.11432989175393, 37.40830889950295], [127.11455620484149, 37.40839561893078], [127.11485556352258, 37.408528062632485]]}, "properties": {"LINK_ID": "2040410400", "ROAD_NAME": "수도권제1순환고속도로", "LANES": 4, "ROAD_RANK": "101", "MAX_SPD": 100, "LENGTH": 736.112083185871}}, {"type": "Feature", "geometry": {"type": "LineString", "coordinates": [[127.09810157878941, 37.394697151977596], [127.09816690858324, 37.393414462736985]]}, "properties": {"LINK_ID": "2060283102", "ROAD_NAME": "서판교로", "LANES": 2, "ROAD_RANK": "107", "MAX_SPD": 30, "LENGTH": 142.476943667155}}, {"type": "Feature", "geometry": {"type": "LineString", "coordinates": [[127.11348750217033, 37.4144685435325], [127.11351475680323, 37.414526607469924]]}, "properties": {"LINK_ID": "2040410601", "ROAD_NAME": "동판교로", "LANES": 2, "ROAD_RANK": "107", "MAX_SPD": 60, "LENGTH": 6.881122120031}}, {"type": "Feature", "geometry": {"type": "LineString", "coordinates": [[127.08894073633635, 37.40748600152541], [127.08901971269185, 37.40754241911971]]}, "properties": {"LINK_ID": "2040424502", "ROAD_NAME": "금토로", "LANES": 1, "ROAD_RANK": "107", "MAX_SPD": 60, "LENGTH": 9.385978912703}}, {"type": "Feature", "geometry": {"type": "LineString", "coordinates": [[127.11785017919334, 37.39626280413847], [127.11687290314262, 37.39626780670467]]}, "properties": {"LINK_ID": "2060333202", "ROAD_NAME": "-", "LANES": 1, "ROAD_RANK": "107", "MAX_SPD": 30, "LENGTH": 86.537369671541}}, {"type": "Feature", "geometry": {"type": "LineString", "coordinates": [[127.08960377431774, 37.40706418948948], [127.08982960578777, 37.4073318512015], [127.08994563288152, 37.40755309044067], [127.09003596596415, 37.40782381602112], [127.09004777564466, 37.40790349794094]]}, "properties": {"LINK_ID": "2040425801", "ROAD_NAME": "-", "LANES": 2, "ROAD_RANK": "107", "MAX_SPD": 50, "LENGTH": 102.422666917286}}, {"type": "Feature", "geometry": {"type": "LineString", "coordinates": [[127.1168728366143, 37.39615968269742], [127.11785071192895, 37.396154677280165], [127.11785220530884, 37.39615466962987], [127.11813675721243, 37.39616291925986], [127.11832866623917, 37.39614870477639], [127.11837235694203, 37.39610501646737], [127.11838338099012, 37.39596540025802], [127.11838338457824, 37.39559214509676]]}, "properties": {"LINK_ID": "2060333300", "ROAD_NAME": "-", "LANES": 1, "ROAD_RANK": "107", "MAX_SPD": 30, "LENGTH": 192.156981392282}}, {"type": "Feature", "geometry": {"type": "LineString", "coordinates": [[127.09150192611337, 37.40830488596732], [127.09166567354474, 37.408281055828795], [127.09247032999454, 37.40822652483293], [127.09308439235474, 37.408078087412434], [127.09317439209296, 37.40807640009253], [127.09325998570709, 37.4080930249032], [127.09350791568079, 37.40817383209746]]}, "properties": {"LINK_ID": "2040006500", "ROAD_NAME": "달래내로", "LANES": 1, "ROAD_RANK": "107", "MAX_SPD": 50, "LENGTH": 182.519891698115}}, {"type": "Feature", "geometry": {"type": "LineString", "coordinates": [[127.08953518236481, 37.406985018192756], [127.08960377431774, 37.40706418948948]]}, "properties": {"LINK_ID": "2040424302", "ROAD_NAME": "-", "LANES": 1, "ROAD_RANK": "107", "MAX_SPD": 50, "LENGTH": 10.681180893582}}, {"type": "Feature", "geometry": {"type": "LineString", "coordinates": [[127.10701138903043, 37.39867400511126], [127.10693759355128, 37.39892584563755], [127.1068518865971, 37.39917337776206], [127.10654983995865, 37.39984592557165], [127.10540230862873, 37.40239825879907]]}, "properties": {"LINK_ID": "2060201302", "ROAD_NAME": "대왕판교로", "LANES": 5, "ROAD_RANK": "105", "MAX_SPD": 60, "LENGTH": 437.437259727599}}, {"type": "Feature", "geometry": {"type": "LineString", "coordinates": [[127.11400606824658, 37.396256771655295], [127.11306750086723, 37.39625158888605]]}, "properties": {"LINK_ID": "2060193300", "ROAD_NAME": "대왕판교로606번길", "LANES": 2, "ROAD_RANK": "107", "MAX_SPD": 50, "LENGTH": 83.110018853582}}, {"type": "Feature", "geometry": {"type": "LineString", "coordinates": [[127.09951366640182, 37.40232082594798], [127.10012295986029, 37.40170127081911]]}, "properties": {"LINK_ID": "2060201000", "ROAD_NAME": "판교로228번길", "LANES": 2, "ROAD_RANK": "107", "MAX_SPD": 50, "LENGTH": 87.398339452593}}, {"type": "Feature", "geometry": {"type": "LineString", "coordinates": [[127.08178312505291, 37.39292663167785], [127.08180438613893, 37.39291719796983], [127.08185438710873, 37.392925487181934], [127.08185769646713, 37.39292714480309]]}, "properties": {"LINK_ID": "2060198801", "ROAD_NAME": "운중로165번길", "LANES": 1, "ROAD_RANK": "107", "MAX_SPD": 30, "LENGTH": 7.022491366903}}, {"type": "Feature", "geometry": {"type": "LineString", "coordinates": [[127.09885029370608, 37.397843353706726], [127.09897593616755, 37.39746644865945], [127.09897915478861, 37.3974600117491]]}, "properties": {"LINK_ID": "2060331708", "ROAD_NAME": "판교로210번길", "LANES": 1, "ROAD_RANK": "107", "MAX_SPD": 30, "LENGTH": 44.054160549335}}, {"type": "Feature", "geometry": {"type": "LineString", "coordinates": [[127.10901891646463, 37.41869323349531], [127.10904633605669, 37.41880968770759], [127.10909652253503, 37.41907885749978], [127.10913103045631, 37.41928492361742], [127.1091725647398, 37.41955292731539], [127.10920802883321, 37.419784684136715], [127.1092516009068, 37.4200140817888], [127.10930651270199, 37.420222977982824], [127.10936761639188, 37.42039283722309], [127.10944302449604, 37.42055950619627], [127.10953223375681, 37.420721779779626], [127.10963484666313, 37.420878932090545], [127.10975040359575, 37.42103026343043], [127.10987838733413, 37.42117509307299], [127.11001822646811, 37.42131277548043], [127.1101692931259, 37.42144269219712], [127.1103309120271, 37.42156426265432], [127.11050236161083, 37.42167694326914], [127.11068287403997, 37.4217802301483], [127.11087164085143, 37.421873659984925], [127.11106781635397, 37.421956815462394], [127.11127052440624, 37.42202932434763], [127.11147885729245, 37.422090862196086], [127.11169188476296, 37.42214115324495], [127.11190834441287, 37.42217991754671], [127.11213147089396, 37.4222058707678], [127.1123671600222, 37.42221893878948], [127.11262167148287, 37.422220626580014], [127.11288576425707, 37.42221561191547], [127.11318069453125, 37.4222012181834], [127.11346639142874, 37.42218680734968], [127.11373655300574, 37.42217140253432], [127.11405206557393, 37.42215341158698], [127.11436691150924, 37.42213545738424], [127.11465983014068, 37.422118753501344], [127.11488594576372, 37.42211354100051], [127.11515696592228, 37.42210729277299]]}, "properties": {"LINK_ID": "2040341401", "ROAD_NAME": "제2경인고속도로", "LANES": 2, "ROAD_RANK": "101", "MAX_SPD": 80, "LENGTH": 794.190523903238}}, {"type": "Feature", "geometry": {"type": "LineString", "coordinates": [[127.10613198168177, 37.39486286216358], [127.10605212146645, 37.394760254016525], [127.1059295545943, 37.394614784882805], [127.10579690438175, 37.39446835514062], [127.10565554965363, 37.39432329176445], [127.10558654679761, 37.39425486312154], [127.10519731632115, 37.39397873956888], [127.10465421011712, 37.393622580772025], [127.10408483314843, 37.39327979392732], [127.10367335479022, 37.39303222295918], [127.10332882023769, 37.39279412938893], [127.10297228714369, 37.39251980794337], [127.10266354251128, 37.39223018691995], [127.10260139640893, 37.392161907884365]]}, "properties": {"LINK_ID": "2060201404", "ROAD_NAME": "대왕판교로", "LANES": 3, "ROAD_RANK": "105", "MAX_SPD": 60, "LENGTH": 436.007483299549}}, {"type": "Feature", "geometry": {"type": "LineString", "coordinates": [[127.08236715582174, 37.40087112943534], [127.08245529916465, 37.40069383091936], [127.08245766824143, 37.400640888873866], [127.0824492873836, 37.400590766410936], [127.08242242552953, 37.40053283957198], [127.08239033949724, 37.400484542875944], [127.08158428220239, 37.39983989225672]]}, "properties": {"LINK_ID": "2040339500", "ROAD_NAME": "-", "LANES": 1, "ROAD_RANK": "107", "MAX_SPD": 30, "LENGTH": 146.639798196985}}, {"type": "Feature", "geometry": {"type": "LineString", "coordinates": [[127.11676921764072, 37.391813912264205], [127.11675113954766, 37.39058523152938]]}, "properties": {"LINK_ID": "2060201800", "ROAD_NAME": "동판교로", "LANES": 2, "ROAD_RANK": "107", "MAX_SPD": 30, "LENGTH": 136.374693342243}}, {"type": "Feature", "geometry": {"type": "LineString", "coordinates": [[127.10019939110676, 37.394789056607934], [127.09972917548764, 37.39479617785584], [127.09972916950703, 37.39479617795306], [127.09921630207765, 37.39480451395897], [127.09823147607007, 37.39480969658123]]}, "properties": {"LINK_ID": "2060331800", "ROAD_NAME": "서판교로88번길", "LANES": 1, "ROAD_RANK": "107", "MAX_SPD": 30, "LENGTH": 174.276577043406}}, {"type": "Feature", "geometry": {"type": "LineString", "coordinates": [[127.11781773579955, 37.41739436850607], [127.11775879855772, 37.4171498064641], [127.1176849860654, 37.4167302748311], [127.11766176718181, 37.41657127540883], [127.11764386057321, 37.416232118366835], [127.11767089236159, 37.415642681220874], [127.11774848576638, 37.41510543111804], [127.11779345433642, 37.41470196243945], [127.11789473579113, 37.413861900295956], [127.11797767359117, 37.41335005688968], [127.11815545474157, 37.41206733742584], [127.11825117405394, 37.41123480637905], [127.11826082944184, 37.41115068117388], [127.11829811148627, 37.41082661844243], [127.11842064187631, 37.409886462323875], [127.11853539192578, 37.40907071299169], [127.11860936167892, 37.4085195510379]]}, "properties": {"LINK_ID": "2060150000", "ROAD_NAME": "분당수서로", "LANES": 3, "ROAD_RANK": "102", "MAX_SPD": 80, "LENGTH": 990.524982154015}}, {"type": "Feature", "geometry": {"type": "LineString", "coordinates": [[127.08991952571627, 37.40792377298369], [127.08986431415477, 37.40770153584479], [127.08979888318792, 37.40752666695008], [127.08971501703131, 37.40736525522197], [127.08959579267336, 37.407212734463684], [127.08953116081354, 37.40714966347632]]}, "properties": {"LINK_ID": "2040425701", "ROAD_NAME": "-", "LANES": 2, "ROAD_RANK": "107", "MAX_SPD": 50, "LENGTH": 93.781022318334}}, {"type": "Feature", "geometry": {"type": "LineString", "coordinates": [[127.10258883380871, 37.4009790095173], [127.10251298158259, 37.40095477581575]]}, "properties": {"LINK_ID": "2060333902", "ROAD_NAME": "대왕판교로645번길", "LANES": 1, "ROAD_RANK": "107", "MAX_SPD": 50, "LENGTH": 7.234649600606}}, {"type": "Feature", "geometry": {"type": "LineString", "coordinates": [[127.09819887406012, 37.39278683488199], [127.09819552187989, 37.3926940068212]]}, "properties": {"LINK_ID": "2060283103", "ROAD_NAME": "서판교로", "LANES": 2, "ROAD_RANK": "107", "MAX_SPD": 30, "LENGTH": 10.306809035148}}, {"type": "Feature", "geometry": {"type": "LineString", "coordinates": [[127.10085908241066, 37.40083983506036], [127.1008980903074, 37.40085915646877], [127.10094088528302, 37.400874007511646], [127.10098592659553, 37.400883759545195], [127.10103226074196, 37.4008882061469], [127.10251224957328, 37.40089250040949]]}, "properties": {"LINK_ID": "2060205000", "ROAD_NAME": "판교로", "LANES": 1, "ROAD_RANK": "107", "MAX_SPD": 40, "LENGTH": 147.504399959618}}, {"type": "Feature", "geometry": {"type": "LineString", "coordinates": [[127.10257610617128, 37.39982098292399], [127.10368312272668, 37.399815619789976]]}, "properties": {"LINK_ID": "2060194801", "ROAD_NAME": "대왕판교로645번길", "LANES": 2, "ROAD_RANK": "107", "MAX_SPD": 50, "LENGTH": 98.020967685231}}, {"type": "Feature", "geometry": {"type": "LineString", "coordinates": [[127.09005831571143, 37.40798326149], [127.08993366650498, 37.40798910544876]]}, "properties": {"LINK_ID": "2040425402", "ROAD_NAME": "-", "LANES": 1, "ROAD_RANK": "107", "MAX_SPD": 50, "LENGTH": 11.054724168995}}, {"type": "Feature", "geometry": {"type": "LineString", "coordinates": [[127.11039305157881, 37.39772916595205], [127.11046432049542, 37.39773859317346], [127.11055838971227, 37.39775740507978], [127.11065023284691, 37.397782250430915], [127.11073924434008, 37.397812964011145], [127.11201161944912, 37.39822907265015], [127.11208000188782, 37.39825142706259], [127.11215076048269, 37.39826842981873], [127.11222324108354, 37.3982799238565], [127.1122967726717, 37.398285801687486], [127.11237067075571, 37.398286009898975], [127.11282755486404, 37.398297921915244]]}, "properties": {"LINK_ID": "2060205202", "ROAD_NAME": "판교역로192번길", "LANES": 2, "ROAD_RANK": "107", "MAX_SPD": 60, "LENGTH": 227.11301354248}}, {"type": "Feature", "geometry": {"type": "LineString", "coordinates": [[127.08602610752959, 37.406200946041565], [127.08601377496107, 37.40629442645851]]}, "properties": {"LINK_ID": "2040423502", "ROAD_NAME": "-", "LANES": 1, "ROAD_RANK": "107", "MAX_SPD": 50, "LENGTH": 10.432253955169}}, {"type": "Feature", "geometry": {"type": "LineString", "coordinates": [[127.0887379268419, 37.40826091542894], [127.08862710524654, 37.408197997319725]]}, "properties": {"LINK_ID": "2040427801", "ROAD_NAME": "외동로", "LANES": 1, "ROAD_RANK": "107", "MAX_SPD": 30, "LENGTH": 12.042692861538}}, {"type": "Feature", "geometry": {"type": "LineString", "coordinates": [[127.08167564754146, 37.391812541691216], [127.08182534674496, 37.39272908456851]]}, "properties": {"LINK_ID": "2060198702", "ROAD_NAME": "운중로165번길", "LANES": 1, "ROAD_RANK": "107", "MAX_SPD": 30, "LENGTH": 102.582706437133}}, {"type": "Feature", "geometry": {"type": "LineString", "coordinates": [[127.09840965710806, 37.40228328532088], [127.09789042286958, 37.40278005617947], [127.0978522983952, 37.40281618172214], [127.09721489197794, 37.403420868842765], [127.0969909547953, 37.40378689951645], [127.09675854791779, 37.40456399299626], [127.09686554849172, 37.40535718078604], [127.09699320469431, 37.405542868309205], [127.09718461049133, 37.405948149499444], [127.09736948686889, 37.406159055956785], [127.09754304840068, 37.4063415559814], [127.09770511057916, 37.40650077478055], [127.09782682922095, 37.406607930661416], [127.09786289169402, 37.40663840034684], [127.0979113911756, 37.40667939985504], [127.09800617306239, 37.40675096233154], [127.09813323667805, 37.40683050515034]]}, "properties": {"LINK_ID": "2060010600", "ROAD_NAME": "수도권제1순환고속도로", "LANES": 2, "ROAD_RANK": "101", "MAX_SPD": 60, "LENGTH": 588.256760803284}}, {"type": "Feature", "geometry": {"type": "LineString", "coordinates": [[127.09780153609942, 37.401523805649234], [127.09768741816997, 37.40146547052712]]}, "properties": {"LINK_ID": "2060201201", "ROAD_NAME": "판교로", "LANES": 3, "ROAD_RANK": "107", "MAX_SPD": 50, "LENGTH": 12.000479619251}}, {"type": "Feature", "geometry": {"type": "LineString", "coordinates": [[127.09633555331186, 37.39975053897286], [127.09609717709402, 37.40004929131379]]}, "properties": {"LINK_ID": "2060349000", "ROAD_NAME": "-", "LANES": 1, "ROAD_RANK": "107", "MAX_SPD": 40, "LENGTH": 39.305013618315}}, {"type": "Feature", "geometry": {"type": "LineString", "coordinates": [[127.10683117107264, 37.3962406597151], [127.10676965520236, 37.39607317540582], [127.10669773275728, 37.395900447807456], [127.10661813427203, 37.39572987601811], [127.1065309594822, 37.39556167888081], [127.10643632166307, 37.39539606891817], [127.10633434086085, 37.39523325774458], [127.10622514501817, 37.39507345336235], [127.10610887448594, 37.39491685655367], [127.10598567864659, 37.39476366899284], [127.10585571138658, 37.394614086042495], [127.10571901006291, 37.394468156302324], [127.10564049676044, 37.39438925928449]]}, "properties": {"LINK_ID": "2060185300", "ROAD_NAME": "대왕판교로", "LANES": 4, "ROAD_RANK": "105", "MAX_SPD": 60, "LENGTH": 232.574476369061}}, {"type": "Feature", "geometry": {"type": "LineString", "coordinates": [[127.10405749161296, 37.41579970066167], [127.10402136154592, 37.41611630655836], [127.10391607987133, 37.41745811923848], [127.1037910805654, 37.41855927516934], [127.10371419926446, 37.41888973509381]]}, "properties": {"LINK_ID": "2040411600", "ROAD_NAME": "분당내곡간도시고속화도로", "LANES": 3, "ROAD_RANK": "102", "MAX_SPD": 80, "LENGTH": 344.511906799012}}, {"type": "Feature", "geometry": {"type": "LineString", "coordinates": [[127.10635075258651, 37.39981156155937], [127.10663557111026, 37.399811042011386]]}, "properties": {"LINK_ID": "2060194804", "ROAD_NAME": "대왕판교로645번길", "LANES": 2, "ROAD_RANK": "107", "MAX_SPD": 50, "LENGTH": 25.218909242635}}, {"type": "Feature", "geometry": {"type": "LineString", "coordinates": [[127.0887439147942, 37.40907289824569], [127.08882941405528, 37.40915488396388]]}, "properties": {"LINK_ID": "2040007101", "ROAD_NAME": "둔토로", "LANES": 1, "ROAD_RANK": "107", "MAX_SPD": 30, "LENGTH": 11.836074118883}}, {"type": "Feature", "geometry": {"type": "LineString", "coordinates": [[127.11277199490188, 37.4032938513858], [127.11278904871678, 37.40317951102161]]}, "properties": {"LINK_ID": "2060359401", "ROAD_NAME": "분당내곡로", "LANES": 2, "ROAD_RANK": "102", "MAX_SPD": 50, "LENGTH": 12.779619960562}}, {"type": "Feature", "geometry": {"type": "LineString", "coordinates": [[127.11027091826304, 37.39713938666988], [127.11040643278521, 37.39713827381486]]}, "properties": {"LINK_ID": "2060352402", "ROAD_NAME": "대왕판교로606번길", "LANES": 1, "ROAD_RANK": "107", "MAX_SPD": 30, "LENGTH": 11.999999604075}}, {"type": "Feature", "geometry": {"type": "LineString", "coordinates": [[127.08666087466293, 37.41022847917107], [127.0865459170059, 37.410171191574655]]}, "properties": {"LINK_ID": "2040006401", "ROAD_NAME": "금토로62번길", "LANES": 1, "ROAD_RANK": "107", "MAX_SPD": 30, "LENGTH": 12.000155930052}}, {"type": "Feature", "geometry": {"type": "LineString", "coordinates": [[127.10361491605236, 37.40245366170998], [127.10308814172664, 37.40245365812887], [127.10258702380303, 37.402432143138]]}, "properties": {"LINK_ID": "2060349600", "ROAD_NAME": "-", "LANES": 1, "ROAD_RANK": "107", "MAX_SPD": 40, "LENGTH": 91.074241494715}}, {"type": "Feature", "geometry": {"type": "LineString", "coordinates": [[127.10279760971393, 37.40645575930209], [127.10278138368415, 37.406460085986815], [127.10252614762875, 37.406494114759276]]}, "properties": {"LINK_ID": "2060332201", "ROAD_NAME": "대왕판교로712번길", "LANES": 1, "ROAD_RANK": "107", "MAX_SPD": 50, "LENGTH": 24.425642310048}}, {"type": "Feature", "geometry": {"type": "LineString", "coordinates": [[127.09350791568079, 37.40817383209746], [127.09366877127903, 37.408225271498694]]}, "properties": {"LINK_ID": "2040006501", "ROAD_NAME": "달래내로", "LANES": 1, "ROAD_RANK": "107", "MAX_SPD": 50, "LENGTH": 15.342843741227}}, {"type": "Feature", "geometry": {"type": "LineString", "coordinates": [[127.11282077436533, 37.39724727607647], [127.1128200766011, 37.39713914840233]]}, "properties": {"LINK_ID": "2060193603", "ROAD_NAME": "분당내곡로", "LANES": 3, "ROAD_RANK": "107", "MAX_SPD": 60, "LENGTH": 12.000734661762}}, {"type": "Feature", "geometry": {"type": "LineString", "coordinates": [[127.07631033247587, 37.395793144525086], [127.07640914268849, 37.39583215053605], [127.07659164172817, 37.3959082120613], [127.07677104898832, 37.39598755683251], [127.07694801688186, 37.396069837545674], [127.07712351711652, 37.396153306496615], [127.07729651754015, 37.39623911857542], [127.07746832961027, 37.39632755585459], [127.07763845465806, 37.3964179933575], [127.07780661090506, 37.39651096197859], [127.07797251654496, 37.39660696287998], [127.07813583000622, 37.3967054935266], [127.07829689258729, 37.396806775354406], [127.07845461075189, 37.396909399900146], [127.07860886044355, 37.39701461787764], [127.0787622358463, 37.39712033720218], [127.07891501659554, 37.397227212733284], [127.07906804792263, 37.397334618599004], [127.07921936055915, 37.397443931076566], [127.07936964249356, 37.39755427571982], [127.07951970440395, 37.39766546187186], [127.07967004823469, 37.39777689992724], [127.07982079785111, 37.39788824380895], [127.07997264219854, 37.39799846228099], [127.08012489220054, 37.39810846313468], [127.08027548633844, 37.3982199624119], [127.08042557895655, 37.39833202497449], [127.08050007950672, 37.39838658698908], [127.08050364208016, 37.39838921194211], [127.08057576693912, 37.398442024841245], [127.08072645477391, 37.39855539939985], [127.0808765481281, 37.398666899145134], [127.08102707923076, 37.39877861824684], [127.0811773609865, 37.398890149913306], [127.08132754825286, 37.399001619280966], [127.08147745382162, 37.39911327516104], [127.08162707968171, 37.399224868871386], [127.08177617281497, 37.399336368151246], [127.08192698548257, 37.39944802462914], [127.08207714160791, 37.3995589317184], [127.0822269551477, 37.39967011816949], [127.0823765493118, 37.39978168120815], [127.08282127726152, 37.40011072235614]]}, "properties": {"LINK_ID": "2040410000", "ROAD_NAME": "수도권제1순환고속도로", "LANES": 4, "ROAD_RANK": "101", "MAX_SPD": 100, "LENGTH": 752.346379763392}}, {"type": "Feature", "geometry": {"type": "LineString", "coordinates": [[127.08178312505291, 37.39292663167785], [127.08175210308337, 37.3927367002265]]}, "properties": {"LINK_ID": "2060198800", "ROAD_NAME": "운중로165번길", "LANES": 1, "ROAD_RANK": "107", "MAX_SPD": 30, "LENGTH": 21.257800951367}}, {"type": "Feature", "geometry": {"type": "LineString", "coordinates": [[127.11765775822514, 37.418429897879015], [127.11778495016557, 37.41846732381934]]}, "properties": {"LINK_ID": "2040411401", "ROAD_NAME": "사송로", "LANES": 2, "ROAD_RANK": "107", "MAX_SPD": 50, "LENGTH": 12.001001701916}}, {"type": "Feature", "geometry": {"type": "LineString", "coordinates": [[127.10258883380871, 37.4009790095173], [127.10258680101745, 37.40232385424683]]}, "properties": {"LINK_ID": "2060200100", "ROAD_NAME": "판교로256번길", "LANES": 2, "ROAD_RANK": "107", "MAX_SPD": 50, "LENGTH": 149.258101515857}}, {"type": "Feature", "geometry": {"type": "LineString", "coordinates": [[127.09005831571143, 37.40798326149], [127.09009596441047, 37.40847752150142], [127.09011441115422, 37.40852594476544]]}, "properties": {"LINK_ID": "2040426201", "ROAD_NAME": "-", "LANES": 2, "ROAD_RANK": "107", "MAX_SPD": 50, "LENGTH": 60.573756363727}}, {"type": "Feature", "geometry": {"type": "LineString", "coordinates": [[127.08413706717161, 37.41308705767931], [127.08450589248386, 37.41280821239484], [127.0859717664059, 37.411952868562985], [127.08658366617375, 37.411539202802], [127.08670092366711, 37.411459931729546], [127.08677986949863, 37.4113887634278]]}, "properties": {"LINK_ID": "2040007400", "ROAD_NAME": "달래내로", "LANES": 1, "ROAD_RANK": "107", "MAX_SPD": 50, "LENGTH": 300.938638824883}}, {"type": "Feature", "geometry": {"type": "LineString", "coordinates": [[127.09001917547184, 37.40866157352074], [127.08998060866327, 37.40855060042783]]}, "properties": {"LINK_ID": "2040426102", "ROAD_NAME": "-", "LANES": 2, "ROAD_RANK": "107", "MAX_SPD": 50, "LENGTH": 12.780921757046}}, {"type": "Feature", "geometry": {"type": "LineString", "coordinates": [[127.09660509224682, 37.40091732391105], [127.0960405553368, 37.40063140568293]]}, "properties": {"LINK_ID": "2060207908", "ROAD_NAME": "판교로", "LANES": 3, "ROAD_RANK": "107", "MAX_SPD": 60, "LENGTH": 59.207351290042}}, {"type": "Feature", "geometry": {"type": "LineString", "coordinates": [[127.08579412550267, 37.40505195237118], [127.08605368431189, 37.40501382432935]]}, "properties": {"LINK_ID": "2040423301", "ROAD_NAME": "-", "LANES": 1, "ROAD_RANK": "107", "MAX_SPD": 50, "LENGTH": 23.367015159468}}, {"type": "Feature", "geometry": {"type": "LineString", "coordinates": [[127.08200632050948, 37.40159692294255], [127.08236715582174, 37.40087112943534]]}, "properties": {"LINK_ID": "2040339700", "ROAD_NAME": "-", "LANES": 1, "ROAD_RANK": "107", "MAX_SPD": 30, "LENGTH": 86.656937833902}}, {"type": "Feature", "geometry": {"type": "LineString", "coordinates": [[127.08662600607967, 37.41008388945056], [127.08676611102095, 37.40991471204628], [127.0869614860829, 37.40974727528966], [127.08702067268452, 37.40970133740529], [127.0871486423773, 37.40957743133352], [127.08724629874305, 37.4094392438061], [127.08728429828584, 37.409400118712675], [127.08734583048277, 37.40935615036255], [127.08742751685853, 37.4093053995197], [127.08752736109861, 37.40926599343369], [127.08764001763359, 37.409231556801714], [127.08786270464874, 37.409168837329545], [127.08787967264304, 37.40916418086313], [127.08796717298137, 37.4091383069845], [127.08824008010298, 37.409075243078824], [127.08849364243378, 37.40902749414072], [127.08865620458039, 37.40901940013334], [127.08873101695869, 37.40906477522941], [127.0887439147942, 37.40907289824569]]}, "properties": {"LINK_ID": "2040007100", "ROAD_NAME": "둔토로", "LANES": 1, "ROAD_RANK": "107", "MAX_SPD": 30, "LENGTH": 236.315110411005}}]}